timestamp,household_load_kwh,hour,day_of_week,month,is_weekend,lag_1,lag_24,lag_168
2025-01-08 00:00:00,0.259707,0,2,1,0,0.33376700000000004,0.259707,0.259707
2025-01-08 01:00:00,0.2232475,1,2,1,0,0.259707,0.2232475,0.2232475
2025-01-08 02:00:00,0.2113615,2,2,1,0,0.2232475,0.2113615,0.2113615
2025-01-08 03:00:00,0.2094995,3,2,1,0,0.2113615,0.2094995,0.2094995
2025-01-08 04:00:00,0.2186765,4,2,1,0,0.2094995,0.2186765,0.2186765
2025-01-08 05:00:00,0.24887800000000002,5,2,1,0,0.2186765,0.24887800000000002,0.24887800000000002
2025-01-08 06:00:00,0.3218915,6,2,1,0,0.24887800000000002,0.3218915,0.3218915
2025-01-08 07:00:00,0.3499685,7,2,1,0,0.3218915,0.3499685,0.3499685
2025-01-08 08:00:00,0.329021,8,2,1,0,0.3499685,0.329021,0.329021
2025-01-08 09:00:00,0.31773,9,2,1,0,0.329021,0.31773,0.31773
2025-01-08 10:00:00,0.320712,10,2,1,0,0.31773,0.320712,0.320712
2025-01-08 11:00:00,0.35174300000000003,11,2,1,0,0.320712,0.35174300000000003,0.35174300000000003
2025-01-08 12:00:00,0.36739849999999996,12,2,1,0,0.35174300000000003,0.36739849999999996,0.36739849999999996
2025-01-08 13:00:00,0.36420650000000004,13,2,1,0,0.36739849999999996,0.36420650000000004,0.36420650000000004
2025-01-08 14:00:00,0.3556595,14,2,1,0,0.36420650000000004,0.3556595,0.3556595
2025-01-08 15:00:00,0.3674405,15,2,1,0,0.3556595,0.3674405,0.3674405
2025-01-08 16:00:00,0.419748,16,2,1,0,0.3674405,0.419748,0.419748
2025-01-08 17:00:00,0.5244015,17,2,1,0,0.419748,0.5244015,0.5244015
2025-01-08 18:00:00,0.58289,18,2,1,0,0.5244015,0.58289,0.58289
2025-01-08 19:00:00,0.5771115,19,2,1,0,0.58289,0.5771115,0.5771115
2025-01-08 20:00:00,0.5266135,20,2,1,0,0.5771115,0.5266135,0.5266135
2025-01-08 21:00:00,0.4701515,21,2,1,0,0.5266135,0.4701515,0.4701515
2025-01-08 22:00:00,0.415751,22,2,1,0,0.4701515,0.415751,0.415751
2025-01-08 23:00:00,0.33376700000000004,23,2,1,0,0.415751,0.33376700000000004,0.33376700000000004
2025-01-09 00:00:00,0.259707,0,3,1,0,0.33376700000000004,0.259707,0.259707
2025-01-09 01:00:00,0.2232475,1,3,1,0,0.259707,0.2232475,0.2232475
2025-01-09 02:00:00,0.2113615,2,3,1,0,0.2232475,0.2113615,0.2113615
2025-01-09 03:00:00,0.2094995,3,3,1,0,0.2113615,0.2094995,0.2094995
2025-01-09 04:00:00,0.2186765,4,3,1,0,0.2094995,0.2186765,0.2186765
2025-01-09 05:00:00,0.24887800000000002,5,3,1,0,0.2186765,0.24887800000000002,0.24887800000000002
2025-01-09 06:00:00,0.3218915,6,3,1,0,0.24887800000000002,0.3218915,0.3218915
2025-01-09 07:00:00,0.3499685,7,3,1,0,0.3218915,0.3499685,0.3499685
2025-01-09 08:00:00,0.329021,8,3,1,0,0.3499685,0.329021,0.329021
2025-01-09 09:00:00,0.31773,9,3,1,0,0.329021,0.31773,0.31773
2025-01-09 10:00:00,0.320712,10,3,1,0,0.31773,0.320712,0.320712
2025-01-09 11:00:00,0.35174300000000003,11,3,1,0,0.320712,0.35174300000000003,0.35174300000000003
2025-01-09 12:00:00,0.36739849999999996,12,3,1,0,0.35174300000000003,0.36739849999999996,0.36739849999999996
2025-01-09 13:00:00,0.36420650000000004,13,3,1,0,0.36739849999999996,0.36420650000000004,0.36420650000000004
2025-01-09 14:00:00,0.3556595,14,3,1,0,0.36420650000000004,0.3556595,0.3556595
2025-01-09 15:00:00,0.3674405,15,3,1,0,0.3556595,0.3674405,0.3674405
2025-01-09 16:00:00,0.419748,16,3,1,0,0.3674405,0.419748,0.419748
2025-01-09 17:00:00,0.5244015,17,3,1,0,0.419748,0.5244015,0.5244015
2025-01-09 18:00:00,0.58289,18,3,1,0,0.5244015,0.58289,0.58289
2025-01-09 19:00:00,0.5771115,19,3,1,0,0.58289,0.5771115,0.5771115
2025-01-09 20:00:00,0.5266135,20,3,1,0,0.5771115,0.5266135,0.5266135
2025-01-09 21:00:00,0.4701515,21,3,1,0,0.5266135,0.4701515,0.4701515
2025-01-09 22:00:00,0.415751,22,3,1,0,0.4701515,0.415751,0.415751
2025-01-09 23:00:00,0.33376700000000004,23,3,1,0,0.415751,0.33376700000000004,0.33376700000000004
2025-01-10 00:00:00,0.259707,0,4,1,0,0.33376700000000004,0.259707,0.259707
2025-01-10 01:00:00,0.2232475,1,4,1,0,0.259707,0.2232475,0.2232475
2025-01-10 02:00:00,0.2113615,2,4,1,0,0.2232475,0.2113615,0.2113615
2025-01-10 03:00:00,0.2094995,3,4,1,0,0.2113615,0.2094995,0.2094995
2025-01-10 04:00:00,0.2186765,4,4,1,0,0.2094995,0.2186765,0.2186765
2025-01-10 05:00:00,0.24887800000000002,5,4,1,0,0.2186765,0.24887800000000002,0.24887800000000002
2025-01-10 06:00:00,0.3218915,6,4,1,0,0.24887800000000002,0.3218915,0.3218915
2025-01-10 07:00:00,0.3499685,7,4,1,0,0.3218915,0.3499685,0.3499685
2025-01-10 08:00:00,0.329021,8,4,1,0,0.3499685,0.329021,0.329021
2025-01-10 09:00:00,0.31773,9,4,1,0,0.329021,0.31773,0.31773
2025-01-10 10:00:00,0.320712,10,4,1,0,0.31773,0.320712,0.320712
2025-01-10 11:00:00,0.35174300000000003,11,4,1,0,0.320712,0.35174300000000003,0.35174300000000003
2025-01-10 12:00:00,0.36739849999999996,12,4,1,0,0.35174300000000003,0.36739849999999996,0.36739849999999996
2025-01-10 13:00:00,0.36420650000000004,13,4,1,0,0.36739849999999996,0.36420650000000004,0.36420650000000004
2025-01-10 14:00:00,0.3556595,14,4,1,0,0.36420650000000004,0.3556595,0.3556595
2025-01-10 15:00:00,0.3674405,15,4,1,0,0.3556595,0.3674405,0.3674405
2025-01-10 16:00:00,0.419748,16,4,1,0,0.3674405,0.419748,0.419748
2025-01-10 17:00:00,0.5244015,17,4,1,0,0.419748,0.5244015,0.5244015
2025-01-10 18:00:00,0.58289,18,4,1,0,0.5244015,0.58289,0.58289
2025-01-10 19:00:00,0.5771115,19,4,1,0,0.58289,0.5771115,0.5771115
2025-01-10 20:00:00,0.5266135,20,4,1,0,0.5771115,0.5266135,0.5266135
2025-01-10 21:00:00,0.4701515,21,4,1,0,0.5266135,0.4701515,0.4701515
2025-01-10 22:00:00,0.415751,22,4,1,0,0.4701515,0.415751,0.415751
2025-01-10 23:00:00,0.33376700000000004,23,4,1,0,0.415751,0.33376700000000004,0.33376700000000004
2025-01-11 00:00:00,0.2856245,0,5,1,1,0.33376700000000004,0.259707,0.2856245
2025-01-11 01:00:00,0.241969,1,5,1,1,0.2856245,0.2232475,0.241969
2025-01-11 02:00:00,0.22117900000000001,2,5,1,1,0.241969,0.2113615,0.22117900000000001
2025-01-11 03:00:00,0.212618,3,5,1,1,0.22117900000000001,0.2094995,0.212618
2025-01-11 04:00:00,0.2123275,4,5,1,1,0.212618,0.2186765,0.2123275
2025-01-11 05:00:00,0.21600250000000001,5,5,1,1,0.2123275,0.24887800000000002,0.21600250000000001
2025-01-11 06:00:00,0.2537395,6,5,1,1,0.21600250000000001,0.3218915,0.2537395
2025-01-11 07:00:00,0.3247755,7,5,1,1,0.2537395,0.3499685,0.3247755
2025-01-11 08:00:00,0.4002985,8,5,1,1,0.3247755,0.329021,0.4002985
2025-01-11 09:00:00,0.44675050000000005,9,5,1,1,0.4002985,0.31773,0.44675050000000005
2025-01-11 10:00:00,0.482356,10,5,1,1,0.44675050000000005,0.320712,0.482356
2025-01-11 11:00:00,0.530551,11,5,1,1,0.482356,0.35174300000000003,0.530551
2025-01-11 12:00:00,0.528913,12,5,1,1,0.530551,0.36739849999999996,0.528913
2025-01-11 13:00:00,0.5069365,13,5,1,1,0.528913,0.36420650000000004,0.5069365
2025-01-11 14:00:00,0.49382550000000003,14,5,1,1,0.5069365,0.3556595,0.49382550000000003
2025-01-11 15:00:00,0.49346500000000004,15,5,1,1,0.49382550000000003,0.3674405,0.49346500000000004
2025-01-11 16:00:00,0.523971,16,5,1,1,0.49346500000000004,0.419748,0.523971
2025-01-11 17:00:00,0.594405,17,5,1,1,0.523971,0.5244015,0.594405
2025-01-11 18:00:00,0.6176485,18,5,1,1,0.594405,0.58289,0.6176485
2025-01-11 19:00:00,0.5821375,19,5,1,1,0.6176485,0.5771115,0.5821375
2025-01-11 20:00:00,0.520191,20,5,1,1,0.5821375,0.5266135,0.520191
2025-01-11 21:00:00,0.46939200000000003,21,5,1,1,0.520191,0.4701515,0.46939200000000003
2025-01-11 22:00:00,0.431473,22,5,1,1,0.46939200000000003,0.415751,0.431473
2025-01-11 23:00:00,0.35981399999999997,23,5,1,1,0.431473,0.33376700000000004,0.35981399999999997
2025-01-12 00:00:00,0.3033275,0,6,1,1,0.35981399999999997,0.2856245,0.3033275
2025-01-12 01:00:00,0.26138350000000005,1,6,1,1,0.3033275,0.241969,0.26138350000000005
2025-01-12 02:00:00,0.236278,2,6,1,1,0.26138350000000005,0.22117900000000001,0.236278
2025-01-12 03:00:00,0.22328599999999998,3,6,1,1,0.236278,0.212618,0.22328599999999998
2025-01-12 04:00:00,0.2175565,4,6,1,1,0.22328599999999998,0.2123275,0.2175565
2025-01-12 05:00:00,0.21922950000000002,5,6,1,1,0.2175565,0.21600250000000001,0.21922950000000002
2025-01-12 06:00:00,0.24366300000000002,6,6,1,1,0.21922950000000002,0.2537395,0.24366300000000002
2025-01-12 07:00:00,0.298151,7,6,1,1,0.24366300000000002,0.3247755,0.298151
2025-01-12 08:00:00,0.37857050000000003,8,6,1,1,0.298151,0.4002985,0.37857050000000003
2025-01-12 09:00:00,0.4530225,9,6,1,1,0.37857050000000003,0.44675050000000005,0.4530225
2025-01-12 10:00:00,0.5174015000000001,10,6,1,1,0.4530225,0.482356,0.5174015000000001
2025-01-12 11:00:00,0.589939,11,6,1,1,0.5174015000000001,0.530551,0.589939
2025-01-12 12:00:00,0.578214,12,6,1,1,0.589939,0.528913,0.578214
2025-01-12 13:00:00,0.5351885000000001,13,6,1,1,0.578214,0.5069365,0.5351885000000001
2025-01-12 14:00:00,0.5060475,14,6,1,1,0.5351885000000001,0.49382550000000003,0.5060475
2025-01-12 15:00:00,0.4975215,15,6,1,1,0.5060475,0.49346500000000004,0.4975215
2025-01-12 16:00:00,0.523236,16,6,1,1,0.4975215,0.523971,0.523236
2025-01-12 17:00:00,0.603365,17,6,1,1,0.523236,0.594405,0.603365
2025-01-12 18:00:00,0.6312075,18,6,1,1,0.603365,0.6176485,0.6312075
2025-01-12 19:00:00,0.5961375,19,6,1,1,0.6312075,0.5821375,0.5961375
2025-01-12 20:00:00,0.5323115,20,6,1,1,0.5961375,0.520191,0.5323115
2025-01-12 21:00:00,0.46875500000000003,21,6,1,1,0.5323115,0.46939200000000003,0.46875500000000003
2025-01-12 22:00:00,0.413644,22,6,1,1,0.46875500000000003,0.431473,0.413644
2025-01-12 23:00:00,0.333179,23,6,1,1,0.413644,0.35981399999999997,0.333179
2025-01-13 00:00:00,0.259707,0,0,1,0,0.333179,0.3033275,0.259707
2025-01-13 01:00:00,0.2232475,1,0,1,0,0.259707,0.26138350000000005,0.2232475
2025-01-13 02:00:00,0.2113615,2,0,1,0,0.2232475,0.236278,0.2113615
2025-01-13 03:00:00,0.2094995,3,0,1,0,0.2113615,0.22328599999999998,0.2094995
2025-01-13 04:00:00,0.2186765,4,0,1,0,0.2094995,0.2175565,0.2186765
2025-01-13 05:00:00,0.24887800000000002,5,0,1,0,0.2186765,0.21922950000000002,0.24887800000000002
2025-01-13 06:00:00,0.3218915,6,0,1,0,0.24887800000000002,0.24366300000000002,0.3218915
2025-01-13 07:00:00,0.3499685,7,0,1,0,0.3218915,0.298151,0.3499685
2025-01-13 08:00:00,0.329021,8,0,1,0,0.3499685,0.37857050000000003,0.329021
2025-01-13 09:00:00,0.31773,9,0,1,0,0.329021,0.4530225,0.31773
2025-01-13 10:00:00,0.320712,10,0,1,0,0.31773,0.5174015000000001,0.320712
2025-01-13 11:00:00,0.35174300000000003,11,0,1,0,0.320712,0.589939,0.35174300000000003
2025-01-13 12:00:00,0.36739849999999996,12,0,1,0,0.35174300000000003,0.578214,0.36739849999999996
2025-01-13 13:00:00,0.36420650000000004,13,0,1,0,0.36739849999999996,0.5351885000000001,0.36420650000000004
2025-01-13 14:00:00,0.3556595,14,0,1,0,0.36420650000000004,0.5060475,0.3556595
2025-01-13 15:00:00,0.3674405,15,0,1,0,0.3556595,0.4975215,0.3674405
2025-01-13 16:00:00,0.419748,16,0,1,0,0.3674405,0.523236,0.419748
2025-01-13 17:00:00,0.5244015,17,0,1,0,0.419748,0.603365,0.5244015
2025-01-13 18:00:00,0.58289,18,0,1,0,0.5244015,0.6312075,0.58289
2025-01-13 19:00:00,0.5771115,19,0,1,0,0.58289,0.5961375,0.5771115
2025-01-13 20:00:00,0.5266135,20,0,1,0,0.5771115,0.5323115,0.5266135
2025-01-13 21:00:00,0.4701515,21,0,1,0,0.5266135,0.46875500000000003,0.4701515
2025-01-13 22:00:00,0.415751,22,0,1,0,0.4701515,0.413644,0.415751
2025-01-13 23:00:00,0.33376700000000004,23,0,1,0,0.415751,0.333179,0.33376700000000004
2025-01-14 00:00:00,0.259707,0,1,1,0,0.33376700000000004,0.259707,0.259707
2025-01-14 01:00:00,0.2232475,1,1,1,0,0.259707,0.2232475,0.2232475
2025-01-14 02:00:00,0.2113615,2,1,1,0,0.2232475,0.2113615,0.2113615
2025-01-14 03:00:00,0.2094995,3,1,1,0,0.2113615,0.2094995,0.2094995
2025-01-14 04:00:00,0.2186765,4,1,1,0,0.2094995,0.2186765,0.2186765
2025-01-14 05:00:00,0.24887800000000002,5,1,1,0,0.2186765,0.24887800000000002,0.24887800000000002
2025-01-14 06:00:00,0.3218915,6,1,1,0,0.24887800000000002,0.3218915,0.3218915
2025-01-14 07:00:00,0.3499685,7,1,1,0,0.3218915,0.3499685,0.3499685
2025-01-14 08:00:00,0.329021,8,1,1,0,0.3499685,0.329021,0.329021
2025-01-14 09:00:00,0.31773,9,1,1,0,0.329021,0.31773,0.31773
2025-01-14 10:00:00,0.320712,10,1,1,0,0.31773,0.320712,0.320712
2025-01-14 11:00:00,0.35174300000000003,11,1,1,0,0.320712,0.35174300000000003,0.35174300000000003
2025-01-14 12:00:00,0.36739849999999996,12,1,1,0,0.35174300000000003,0.36739849999999996,0.36739849999999996
2025-01-14 13:00:00,0.36420650000000004,13,1,1,0,0.36739849999999996,0.36420650000000004,0.36420650000000004
2025-01-14 14:00:00,0.3556595,14,1,1,0,0.36420650000000004,0.3556595,0.3556595
2025-01-14 15:00:00,0.3674405,15,1,1,0,0.3556595,0.3674405,0.3674405
2025-01-14 16:00:00,0.419748,16,1,1,0,0.3674405,0.419748,0.419748
2025-01-14 17:00:00,0.5244015,17,1,1,0,0.419748,0.5244015,0.5244015
2025-01-14 18:00:00,0.58289,18,1,1,0,0.5244015,0.58289,0.58289
2025-01-14 19:00:00,0.5771115,19,1,1,0,0.58289,0.5771115,0.5771115
2025-01-14 20:00:00,0.5266135,20,1,1,0,0.5771115,0.5266135,0.5266135
2025-01-14 21:00:00,0.4701515,21,1,1,0,0.5266135,0.4701515,0.4701515
2025-01-14 22:00:00,0.415751,22,1,1,0,0.4701515,0.415751,0.415751
2025-01-14 23:00:00,0.33376700000000004,23,1,1,0,0.415751,0.33376700000000004,0.33376700000000004
2025-01-15 00:00:00,0.259707,0,2,1,0,0.33376700000000004,0.259707,0.259707
2025-01-15 01:00:00,0.2232475,1,2,1,0,0.259707,0.2232475,0.2232475
2025-01-15 02:00:00,0.2113615,2,2,1,0,0.2232475,0.2113615,0.2113615
2025-01-15 03:00:00,0.2094995,3,2,1,0,0.2113615,0.2094995,0.2094995
2025-01-15 04:00:00,0.2186765,4,2,1,0,0.2094995,0.2186765,0.2186765
2025-01-15 05:00:00,0.24887800000000002,5,2,1,0,0.2186765,0.24887800000000002,0.24887800000000002
2025-01-15 06:00:00,0.3218915,6,2,1,0,0.24887800000000002,0.3218915,0.3218915
2025-01-15 07:00:00,0.3499685,7,2,1,0,0.3218915,0.3499685,0.3499685
2025-01-15 08:00:00,0.329021,8,2,1,0,0.3499685,0.329021,0.329021
2025-01-15 09:00:00,0.31773,9,2,1,0,0.329021,0.31773,0.31773
2025-01-15 10:00:00,0.320712,10,2,1,0,0.31773,0.320712,0.320712
2025-01-15 11:00:00,0.35174300000000003,11,2,1,0,0.320712,0.35174300000000003,0.35174300000000003
2025-01-15 12:00:00,0.36739849999999996,12,2,1,0,0.35174300000000003,0.36739849999999996,0.36739849999999996
2025-01-15 13:00:00,0.36420650000000004,13,2,1,0,0.36739849999999996,0.36420650000000004,0.36420650000000004
2025-01-15 14:00:00,0.3556595,14,2,1,0,0.36420650000000004,0.3556595,0.3556595
2025-01-15 15:00:00,0.3674405,15,2,1,0,0.3556595,0.3674405,0.3674405
2025-01-15 16:00:00,0.419748,16,2,1,0,0.3674405,0.419748,0.419748
2025-01-15 17:00:00,0.5244015,17,2,1,0,0.419748,0.5244015,0.5244015
2025-01-15 18:00:00,0.58289,18,2,1,0,0.5244015,0.58289,0.58289
2025-01-15 19:00:00,0.5771115,19,2,1,0,0.58289,0.5771115,0.5771115
2025-01-15 20:00:00,0.5266135,20,2,1,0,0.5771115,0.5266135,0.5266135
2025-01-15 21:00:00,0.4701515,21,2,1,0,0.5266135,0.4701515,0.4701515
2025-01-15 22:00:00,0.415751,22,2,1,0,0.4701515,0.415751,0.415751
2025-01-15 23:00:00,0.33376700000000004,23,2,1,0,0.415751,0.33376700000000004,0.33376700000000004
2025-01-16 00:00:00,0.259707,0,3,1,0,0.33376700000000004,0.259707,0.259707
2025-01-16 01:00:00,0.2232475,1,3,1,0,0.259707,0.2232475,0.2232475
2025-01-16 02:00:00,0.2113615,2,3,1,0,0.2232475,0.2113615,0.2113615
2025-01-16 03:00:00,0.2094995,3,3,1,0,0.2113615,0.2094995,0.2094995
2025-01-16 04:00:00,0.2186765,4,3,1,0,0.2094995,0.2186765,0.2186765
2025-01-16 05:00:00,0.24887800000000002,5,3,1,0,0.2186765,0.24887800000000002,0.24887800000000002
2025-01-16 06:00:00,0.3218915,6,3,1,0,0.24887800000000002,0.3218915,0.3218915
2025-01-16 07:00:00,0.3499685,7,3,1,0,0.3218915,0.3499685,0.3499685
2025-01-16 08:00:00,0.329021,8,3,1,0,0.3499685,0.329021,0.329021
2025-01-16 09:00:00,0.31773,9,3,1,0,0.329021,0.31773,0.31773
2025-01-16 10:00:00,0.320712,10,3,1,0,0.31773,0.320712,0.320712
2025-01-16 11:00:00,0.35174300000000003,11,3,1,0,0.320712,0.35174300000000003,0.35174300000000003
2025-01-16 12:00:00,0.36739849999999996,12,3,1,0,0.35174300000000003,0.36739849999999996,0.36739849999999996
2025-01-16 13:00:00,0.36420650000000004,13,3,1,0,0.36739849999999996,0.36420650000000004,0.36420650000000004
2025-01-16 14:00:00,0.3556595,14,3,1,0,0.36420650000000004,0.3556595,0.3556595
2025-01-16 15:00:00,0.3674405,15,3,1,0,0.3556595,0.3674405,0.3674405
2025-01-16 16:00:00,0.419748,16,3,1,0,0.3674405,0.419748,0.419748
2025-01-16 17:00:00,0.5244015,17,3,1,0,0.419748,0.5244015,0.5244015
2025-01-16 18:00:00,0.58289,18,3,1,0,0.5244015,0.58289,0.58289
2025-01-16 19:00:00,0.5771115,19,3,1,0,0.58289,0.5771115,0.5771115
2025-01-16 20:00:00,0.5266135,20,3,1,0,0.5771115,0.5266135,0.5266135
2025-01-16 21:00:00,0.4701515,21,3,1,0,0.5266135,0.4701515,0.4701515
2025-01-16 22:00:00,0.415751,22,3,1,0,0.4701515,0.415751,0.415751
2025-01-16 23:00:00,0.33376700000000004,23,3,1,0,0.415751,0.33376700000000004,0.33376700000000004
2025-01-17 00:00:00,0.259707,0,4,1,0,0.33376700000000004,0.259707,0.259707
2025-01-17 01:00:00,0.2232475,1,4,1,0,0.259707,0.2232475,0.2232475
2025-01-17 02:00:00,0.2113615,2,4,1,0,0.2232475,0.2113615,0.2113615
2025-01-17 03:00:00,0.2094995,3,4,1,0,0.2113615,0.2094995,0.2094995
2025-01-17 04:00:00,0.2186765,4,4,1,0,0.2094995,0.2186765,0.2186765
2025-01-17 05:00:00,0.24887800000000002,5,4,1,0,0.2186765,0.24887800000000002,0.24887800000000002
2025-01-17 06:00:00,0.3218915,6,4,1,0,0.24887800000000002,0.3218915,0.3218915
2025-01-17 07:00:00,0.3499685,7,4,1,0,0.3218915,0.3499685,0.3499685
2025-01-17 08:00:00,0.329021,8,4,1,0,0.3499685,0.329021,0.329021
2025-01-17 09:00:00,0.31773,9,4,1,0,0.329021,0.31773,0.31773
2025-01-17 10:00:00,0.320712,10,4,1,0,0.31773,0.320712,0.320712
2025-01-17 11:00:00,0.35174300000000003,11,4,1,0,0.320712,0.35174300000000003,0.35174300000000003
2025-01-17 12:00:00,0.36739849999999996,12,4,1,0,0.35174300000000003,0.36739849999999996,0.36739849999999996
2025-01-17 13:00:00,0.36420650000000004,13,4,1,0,0.36739849999999996,0.36420650000000004,0.36420650000000004
2025-01-17 14:00:00,0.3556595,14,4,1,0,0.36420650000000004,0.3556595,0.3556595
2025-01-17 15:00:00,0.3674405,15,4,1,0,0.3556595,0.3674405,0.3674405
2025-01-17 16:00:00,0.419748,16,4,1,0,0.3674405,0.419748,0.419748
2025-01-17 17:00:00,0.5244015,17,4,1,0,0.419748,0.5244015,0.5244015
2025-01-17 18:00:00,0.58289,18,4,1,0,0.5244015,0.58289,0.58289
2025-01-17 19:00:00,0.5771115,19,4,1,0,0.58289,0.5771115,0.5771115
2025-01-17 20:00:00,0.5266135,20,4,1,0,0.5771115,0.5266135,0.5266135
2025-01-17 21:00:00,0.4701515,21,4,1,0,0.5266135,0.4701515,0.4701515
2025-01-17 22:00:00,0.415751,22,4,1,0,0.4701515,0.415751,0.415751
2025-01-17 23:00:00,0.33376700000000004,23,4,1,0,0.415751,0.33376700000000004,0.33376700000000004
2025-01-18 00:00:00,0.2856245,0,5,1,1,0.33376700000000004,0.259707,0.2856245
2025-01-18 01:00:00,0.241969,1,5,1,1,0.2856245,0.2232475,0.241969
2025-01-18 02:00:00,0.22117900000000001,2,5,1,1,0.241969,0.2113615,0.22117900000000001
2025-01-18 03:00:00,0.212618,3,5,1,1,0.22117900000000001,0.2094995,0.212618
2025-01-18 04:00:00,0.2123275,4,5,1,1,0.212618,0.2186765,0.2123275
2025-01-18 05:00:00,0.21600250000000001,5,5,1,1,0.2123275,0.24887800000000002,0.21600250000000001
2025-01-18 06:00:00,0.2537395,6,5,1,1,0.21600250000000001,0.3218915,0.2537395
2025-01-18 07:00:00,0.3247755,7,5,1,1,0.2537395,0.3499685,0.3247755
2025-01-18 08:00:00,0.4002985,8,5,1,1,0.3247755,0.329021,0.4002985
2025-01-18 09:00:00,0.44675050000000005,9,5,1,1,0.4002985,0.31773,0.44675050000000005
2025-01-18 10:00:00,0.482356,10,5,1,1,0.44675050000000005,0.320712,0.482356
2025-01-18 11:00:00,0.530551,11,5,1,1,0.482356,0.35174300000000003,0.530551
2025-01-18 12:00:00,0.528913,12,5,1,1,0.530551,0.36739849999999996,0.528913
2025-01-18 13:00:00,0.5069365,13,5,1,1,0.528913,0.36420650000000004,0.5069365
2025-01-18 14:00:00,0.49382550000000003,14,5,1,1,0.5069365,0.3556595,0.49382550000000003
2025-01-18 15:00:00,0.49346500000000004,15,5,1,1,0.49382550000000003,0.3674405,0.49346500000000004
2025-01-18 16:00:00,0.523971,16,5,1,1,0.49346500000000004,0.419748,0.523971
2025-01-18 17:00:00,0.594405,17,5,1,1,0.523971,0.5244015,0.594405
2025-01-18 18:00:00,0.6176485,18,5,1,1,0.594405,0.58289,0.6176485
2025-01-18 19:00:00,0.5821375,19,5,1,1,0.6176485,0.5771115,0.5821375
2025-01-18 20:00:00,0.520191,20,5,1,1,0.5821375,0.5266135,0.520191
2025-01-18 21:00:00,0.46939200000000003,21,5,1,1,0.520191,0.4701515,0.46939200000000003
2025-01-18 22:00:00,0.431473,22,5,1,1,0.46939200000000003,0.415751,0.431473
2025-01-18 23:00:00,0.35981399999999997,23,5,1,1,0.431473,0.33376700000000004,0.35981399999999997
2025-01-19 00:00:00,0.3033275,0,6,1,1,0.35981399999999997,0.2856245,0.3033275
2025-01-19 01:00:00,0.26138350000000005,1,6,1,1,0.3033275,0.241969,0.26138350000000005
2025-01-19 02:00:00,0.236278,2,6,1,1,0.26138350000000005,0.22117900000000001,0.236278
2025-01-19 03:00:00,0.22328599999999998,3,6,1,1,0.236278,0.212618,0.22328599999999998
2025-01-19 04:00:00,0.2175565,4,6,1,1,0.22328599999999998,0.2123275,0.2175565
2025-01-19 05:00:00,0.21922950000000002,5,6,1,1,0.2175565,0.21600250000000001,0.21922950000000002
2025-01-19 06:00:00,0.24366300000000002,6,6,1,1,0.21922950000000002,0.2537395,0.24366300000000002
2025-01-19 07:00:00,0.298151,7,6,1,1,0.24366300000000002,0.3247755,0.298151
2025-01-19 08:00:00,0.37857050000000003,8,6,1,1,0.298151,0.4002985,0.37857050000000003
2025-01-19 09:00:00,0.4530225,9,6,1,1,0.37857050000000003,0.44675050000000005,0.4530225
2025-01-19 10:00:00,0.5174015000000001,10,6,1,1,0.4530225,0.482356,0.5174015000000001
2025-01-19 11:00:00,0.589939,11,6,1,1,0.5174015000000001,0.530551,0.589939
2025-01-19 12:00:00,0.578214,12,6,1,1,0.589939,0.528913,0.578214
2025-01-19 13:00:00,0.5351885000000001,13,6,1,1,0.578214,0.5069365,0.5351885000000001
2025-01-19 14:00:00,0.5060475,14,6,1,1,0.5351885000000001,0.49382550000000003,0.5060475
2025-01-19 15:00:00,0.4975215,15,6,1,1,0.5060475,0.49346500000000004,0.4975215
2025-01-19 16:00:00,0.523236,16,6,1,1,0.4975215,0.523971,0.523236
2025-01-19 17:00:00,0.603365,17,6,1,1,0.523236,0.594405,0.603365
2025-01-19 18:00:00,0.6312075,18,6,1,1,0.603365,0.6176485,0.6312075
2025-01-19 19:00:00,0.5961375,19,6,1,1,0.6312075,0.5821375,0.5961375
2025-01-19 20:00:00,0.5323115,20,6,1,1,0.5961375,0.520191,0.5323115
2025-01-19 21:00:00,0.46875500000000003,21,6,1,1,0.5323115,0.46939200000000003,0.46875500000000003
2025-01-19 22:00:00,0.413644,22,6,1,1,0.46875500000000003,0.431473,0.413644
2025-01-19 23:00:00,0.333179,23,6,1,1,0.413644,0.35981399999999997,0.333179
2025-01-20 00:00:00,0.259707,0,0,1,0,0.333179,0.3033275,0.259707
2025-01-20 01:00:00,0.2232475,1,0,1,0,0.259707,0.26138350000000005,0.2232475
2025-01-20 02:00:00,0.2113615,2,0,1,0,0.2232475,0.236278,0.2113615
2025-01-20 03:00:00,0.2094995,3,0,1,0,0.2113615,0.22328599999999998,0.2094995
2025-01-20 04:00:00,0.2186765,4,0,1,0,0.2094995,0.2175565,0.2186765
2025-01-20 05:00:00,0.24887800000000002,5,0,1,0,0.2186765,0.21922950000000002,0.24887800000000002
2025-01-20 06:00:00,0.3218915,6,0,1,0,0.24887800000000002,0.24366300000000002,0.3218915
2025-01-20 07:00:00,0.3499685,7,0,1,0,0.3218915,0.298151,0.3499685
2025-01-20 08:00:00,0.329021,8,0,1,0,0.3499685,0.37857050000000003,0.329021
2025-01-20 09:00:00,0.31773,9,0,1,0,0.329021,0.4530225,0.31773
2025-01-20 10:00:00,0.320712,10,0,1,0,0.31773,0.5174015000000001,0.320712
2025-01-20 11:00:00,0.35174300000000003,11,0,1,0,0.320712,0.589939,0.35174300000000003
2025-01-20 12:00:00,0.36739849999999996,12,0,1,0,0.35174300000000003,0.578214,0.36739849999999996
2025-01-20 13:00:00,0.36420650000000004,13,0,1,0,0.36739849999999996,0.5351885000000001,0.36420650000000004
2025-01-20 14:00:00,0.3556595,14,0,1,0,0.36420650000000004,0.5060475,0.3556595
2025-01-20 15:00:00,0.3674405,15,0,1,0,0.3556595,0.4975215,0.3674405
2025-01-20 16:00:00,0.419748,16,0,1,0,0.3674405,0.523236,0.419748
2025-01-20 17:00:00,0.5244015,17,0,1,0,0.419748,0.603365,0.5244015
2025-01-20 18:00:00,0.58289,18,0,1,0,0.5244015,0.6312075,0.58289
2025-01-20 19:00:00,0.5771115,19,0,1,0,0.58289,0.5961375,0.5771115
2025-01-20 20:00:00,0.5266135,20,0,1,0,0.5771115,0.5323115,0.5266135
2025-01-20 21:00:00,0.4701515,21,0,1,0,0.5266135,0.46875500000000003,0.4701515
2025-01-20 22:00:00,0.415751,22,0,1,0,0.4701515,0.413644,0.415751
2025-01-20 23:00:00,0.33376700000000004,23,0,1,0,0.415751,0.333179,0.33376700000000004
2025-01-21 00:00:00,0.259707,0,1,1,0,0.33376700000000004,0.259707,0.259707
2025-01-21 01:00:00,0.2232475,1,1,1,0,0.259707,0.2232475,0.2232475
2025-01-21 02:00:00,0.2113615,2,1,1,0,0.2232475,0.2113615,0.2113615
2025-01-21 03:00:00,0.2094995,3,1,1,0,0.2113615,0.2094995,0.2094995
2025-01-21 04:00:00,0.2186765,4,1,1,0,0.2094995,0.2186765,0.2186765
2025-01-21 05:00:00,0.24887800000000002,5,1,1,0,0.2186765,0.24887800000000002,0.24887800000000002
2025-01-21 06:00:00,0.3218915,6,1,1,0,0.24887800000000002,0.3218915,0.3218915
2025-01-21 07:00:00,0.3499685,7,1,1,0,0.3218915,0.3499685,0.3499685
2025-01-21 08:00:00,0.329021,8,1,1,0,0.3499685,0.329021,0.329021
2025-01-21 09:00:00,0.31773,9,1,1,0,0.329021,0.31773,0.31773
2025-01-21 10:00:00,0.320712,10,1,1,0,0.31773,0.320712,0.320712
2025-01-21 11:00:00,0.35174300000000003,11,1,1,0,0.320712,0.35174300000000003,0.35174300000000003
2025-01-21 12:00:00,0.36739849999999996,12,1,1,0,0.35174300000000003,0.36739849999999996,0.36739849999999996
2025-01-21 13:00:00,0.36420650000000004,13,1,1,0,0.36739849999999996,0.36420650000000004,0.36420650000000004
2025-01-21 14:00:00,0.3556595,14,1,1,0,0.36420650000000004,0.3556595,0.3556595
2025-01-21 15:00:00,0.3674405,15,1,1,0,0.3556595,0.3674405,0.3674405
2025-01-21 16:00:00,0.419748,16,1,1,0,0.3674405,0.419748,0.419748
2025-01-21 17:00:00,0.5244015,17,1,1,0,0.419748,0.5244015,0.5244015
2025-01-21 18:00:00,0.58289,18,1,1,0,0.5244015,0.58289,0.58289
2025-01-21 19:00:00,0.5771115,19,1,1,0,0.58289,0.5771115,0.5771115
2025-01-21 20:00:00,0.5266135,20,1,1,0,0.5771115,0.5266135,0.5266135
2025-01-21 21:00:00,0.4701515,21,1,1,0,0.5266135,0.4701515,0.4701515
2025-01-21 22:00:00,0.415751,22,1,1,0,0.4701515,0.415751,0.415751
2025-01-21 23:00:00,0.33376700000000004,23,1,1,0,0.415751,0.33376700000000004,0.33376700000000004
2025-01-22 00:00:00,0.259707,0,2,1,0,0.33376700000000004,0.259707,0.259707
2025-01-22 01:00:00,0.2232475,1,2,1,0,0.259707,0.2232475,0.2232475
2025-01-22 02:00:00,0.2113615,2,2,1,0,0.2232475,0.2113615,0.2113615
2025-01-22 03:00:00,0.2094995,3,2,1,0,0.2113615,0.2094995,0.2094995
2025-01-22 04:00:00,0.2186765,4,2,1,0,0.2094995,0.2186765,0.2186765
2025-01-22 05:00:00,0.24887800000000002,5,2,1,0,0.2186765,0.24887800000000002,0.24887800000000002
2025-01-22 06:00:00,0.3218915,6,2,1,0,0.24887800000000002,0.3218915,0.3218915
2025-01-22 07:00:00,0.3499685,7,2,1,0,0.3218915,0.3499685,0.3499685
2025-01-22 08:00:00,0.329021,8,2,1,0,0.3499685,0.329021,0.329021
2025-01-22 09:00:00,0.31773,9,2,1,0,0.329021,0.31773,0.31773
2025-01-22 10:00:00,0.320712,10,2,1,0,0.31773,0.320712,0.320712
2025-01-22 11:00:00,0.35174300000000003,11,2,1,0,0.320712,0.35174300000000003,0.35174300000000003
2025-01-22 12:00:00,0.36739849999999996,12,2,1,0,0.35174300000000003,0.36739849999999996,0.36739849999999996
2025-01-22 13:00:00,0.36420650000000004,13,2,1,0,0.36739849999999996,0.36420650000000004,0.36420650000000004
2025-01-22 14:00:00,0.3556595,14,2,1,0,0.36420650000000004,0.3556595,0.3556595
2025-01-22 15:00:00,0.3674405,15,2,1,0,0.3556595,0.3674405,0.3674405
2025-01-22 16:00:00,0.419748,16,2,1,0,0.3674405,0.419748,0.419748
2025-01-22 17:00:00,0.5244015,17,2,1,0,0.419748,0.5244015,0.5244015
2025-01-22 18:00:00,0.58289,18,2,1,0,0.5244015,0.58289,0.58289
2025-01-22 19:00:00,0.5771115,19,2,1,0,0.58289,0.5771115,0.5771115
2025-01-22 20:00:00,0.5266135,20,2,1,0,0.5771115,0.5266135,0.5266135
2025-01-22 21:00:00,0.4701515,21,2,1,0,0.5266135,0.4701515,0.4701515
2025-01-22 22:00:00,0.415751,22,2,1,0,0.4701515,0.415751,0.415751
2025-01-22 23:00:00,0.33376700000000004,23,2,1,0,0.415751,0.33376700000000004,0.33376700000000004
2025-01-23 00:00:00,0.259707,0,3,1,0,0.33376700000000004,0.259707,0.259707
2025-01-23 01:00:00,0.2232475,1,3,1,0,0.259707,0.2232475,0.2232475
2025-01-23 02:00:00,0.2113615,2,3,1,0,0.2232475,0.2113615,0.2113615
2025-01-23 03:00:00,0.2094995,3,3,1,0,0.2113615,0.2094995,0.2094995
2025-01-23 04:00:00,0.2186765,4,3,1,0,0.2094995,0.2186765,0.2186765
2025-01-23 05:00:00,0.24887800000000002,5,3,1,0,0.2186765,0.24887800000000002,0.24887800000000002
2025-01-23 06:00:00,0.3218915,6,3,1,0,0.24887800000000002,0.3218915,0.3218915
2025-01-23 07:00:00,0.3499685,7,3,1,0,0.3218915,0.3499685,0.3499685
2025-01-23 08:00:00,0.329021,8,3,1,0,0.3499685,0.329021,0.329021
2025-01-23 09:00:00,0.31773,9,3,1,0,0.329021,0.31773,0.31773
2025-01-23 10:00:00,0.320712,10,3,1,0,0.31773,0.320712,0.320712
2025-01-23 11:00:00,0.35174300000000003,11,3,1,0,0.320712,0.35174300000000003,0.35174300000000003
2025-01-23 12:00:00,0.36739849999999996,12,3,1,0,0.35174300000000003,0.36739849999999996,0.36739849999999996
2025-01-23 13:00:00,0.36420650000000004,13,3,1,0,0.36739849999999996,0.36420650000000004,0.36420650000000004
2025-01-23 14:00:00,0.3556595,14,3,1,0,0.36420650000000004,0.3556595,0.3556595
2025-01-23 15:00:00,0.3674405,15,3,1,0,0.3556595,0.3674405,0.3674405
2025-01-23 16:00:00,0.419748,16,3,1,0,0.3674405,0.419748,0.419748
2025-01-23 17:00:00,0.5244015,17,3,1,0,0.419748,0.5244015,0.5244015
2025-01-23 18:00:00,0.58289,18,3,1,0,0.5244015,0.58289,0.58289
2025-01-23 19:00:00,0.5771115,19,3,1,0,0.58289,0.5771115,0.5771115
2025-01-23 20:00:00,0.5266135,20,3,1,0,0.5771115,0.5266135,0.5266135
2025-01-23 21:00:00,0.4701515,21,3,1,0,0.5266135,0.4701515,0.4701515
2025-01-23 22:00:00,0.415751,22,3,1,0,0.4701515,0.415751,0.415751
2025-01-23 23:00:00,0.33376700000000004,23,3,1,0,0.415751,0.33376700000000004,0.33376700000000004
2025-01-24 00:00:00,0.259707,0,4,1,0,0.33376700000000004,0.259707,0.259707
2025-01-24 01:00:00,0.2232475,1,4,1,0,0.259707,0.2232475,0.2232475
2025-01-24 02:00:00,0.2113615,2,4,1,0,0.2232475,0.2113615,0.2113615
2025-01-24 03:00:00,0.2094995,3,4,1,0,0.2113615,0.2094995,0.2094995
2025-01-24 04:00:00,0.2186765,4,4,1,0,0.2094995,0.2186765,0.2186765
2025-01-24 05:00:00,0.24887800000000002,5,4,1,0,0.2186765,0.24887800000000002,0.24887800000000002
2025-01-24 06:00:00,0.3218915,6,4,1,0,0.24887800000000002,0.3218915,0.3218915
2025-01-24 07:00:00,0.3499685,7,4,1,0,0.3218915,0.3499685,0.3499685
2025-01-24 08:00:00,0.329021,8,4,1,0,0.3499685,0.329021,0.329021
2025-01-24 09:00:00,0.31773,9,4,1,0,0.329021,0.31773,0.31773
2025-01-24 10:00:00,0.320712,10,4,1,0,0.31773,0.320712,0.320712
2025-01-24 11:00:00,0.35174300000000003,11,4,1,0,0.320712,0.35174300000000003,0.35174300000000003
2025-01-24 12:00:00,0.36739849999999996,12,4,1,0,0.35174300000000003,0.36739849999999996,0.36739849999999996
2025-01-24 13:00:00,0.36420650000000004,13,4,1,0,0.36739849999999996,0.36420650000000004,0.36420650000000004
2025-01-24 14:00:00,0.3556595,14,4,1,0,0.36420650000000004,0.3556595,0.3556595
2025-01-24 15:00:00,0.3674405,15,4,1,0,0.3556595,0.3674405,0.3674405
2025-01-24 16:00:00,0.419748,16,4,1,0,0.3674405,0.419748,0.419748
2025-01-24 17:00:00,0.5244015,17,4,1,0,0.419748,0.5244015,0.5244015
2025-01-24 18:00:00,0.58289,18,4,1,0,0.5244015,0.58289,0.58289
2025-01-24 19:00:00,0.5771115,19,4,1,0,0.58289,0.5771115,0.5771115
2025-01-24 20:00:00,0.5266135,20,4,1,0,0.5771115,0.5266135,0.5266135
2025-01-24 21:00:00,0.4701515,21,4,1,0,0.5266135,0.4701515,0.4701515
2025-01-24 22:00:00,0.415751,22,4,1,0,0.4701515,0.415751,0.415751
2025-01-24 23:00:00,0.33376700000000004,23,4,1,0,0.415751,0.33376700000000004,0.33376700000000004
2025-01-25 00:00:00,0.2856245,0,5,1,1,0.33376700000000004,0.259707,0.2856245
2025-01-25 01:00:00,0.241969,1,5,1,1,0.2856245,0.2232475,0.241969
2025-01-25 02:00:00,0.22117900000000001,2,5,1,1,0.241969,0.2113615,0.22117900000000001
2025-01-25 03:00:00,0.212618,3,5,1,1,0.22117900000000001,0.2094995,0.212618
2025-01-25 04:00:00,0.2123275,4,5,1,1,0.212618,0.2186765,0.2123275
2025-01-25 05:00:00,0.21600250000000001,5,5,1,1,0.2123275,0.24887800000000002,0.21600250000000001
2025-01-25 06:00:00,0.2537395,6,5,1,1,0.21600250000000001,0.3218915,0.2537395
2025-01-25 07:00:00,0.3247755,7,5,1,1,0.2537395,0.3499685,0.3247755
2025-01-25 08:00:00,0.4002985,8,5,1,1,0.3247755,0.329021,0.4002985
2025-01-25 09:00:00,0.44675050000000005,9,5,1,1,0.4002985,0.31773,0.44675050000000005
2025-01-25 10:00:00,0.482356,10,5,1,1,0.44675050000000005,0.320712,0.482356
2025-01-25 11:00:00,0.530551,11,5,1,1,0.482356,0.35174300000000003,0.530551
2025-01-25 12:00:00,0.528913,12,5,1,1,0.530551,0.36739849999999996,0.528913
2025-01-25 13:00:00,0.5069365,13,5,1,1,0.528913,0.36420650000000004,0.5069365
2025-01-25 14:00:00,0.49382550000000003,14,5,1,1,0.5069365,0.3556595,0.49382550000000003
2025-01-25 15:00:00,0.49346500000000004,15,5,1,1,0.49382550000000003,0.3674405,0.49346500000000004
2025-01-25 16:00:00,0.523971,16,5,1,1,0.49346500000000004,0.419748,0.523971
2025-01-25 17:00:00,0.594405,17,5,1,1,0.523971,0.5244015,0.594405
2025-01-25 18:00:00,0.6176485,18,5,1,1,0.594405,0.58289,0.6176485
2025-01-25 19:00:00,0.5821375,19,5,1,1,0.6176485,0.5771115,0.5821375
2025-01-25 20:00:00,0.520191,20,5,1,1,0.5821375,0.5266135,0.520191
2025-01-25 21:00:00,0.46939200000000003,21,5,1,1,0.520191,0.4701515,0.46939200000000003
2025-01-25 22:00:00,0.431473,22,5,1,1,0.46939200000000003,0.415751,0.431473
2025-01-25 23:00:00,0.35981399999999997,23,5,1,1,0.431473,0.33376700000000004,0.35981399999999997
2025-01-26 00:00:00,0.3033275,0,6,1,1,0.35981399999999997,0.2856245,0.3033275
2025-01-26 01:00:00,0.26138350000000005,1,6,1,1,0.3033275,0.241969,0.26138350000000005
2025-01-26 02:00:00,0.236278,2,6,1,1,0.26138350000000005,0.22117900000000001,0.236278
2025-01-26 03:00:00,0.22328599999999998,3,6,1,1,0.236278,0.212618,0.22328599999999998
2025-01-26 04:00:00,0.2175565,4,6,1,1,0.22328599999999998,0.2123275,0.2175565
2025-01-26 05:00:00,0.21922950000000002,5,6,1,1,0.2175565,0.21600250000000001,0.21922950000000002
2025-01-26 06:00:00,0.24366300000000002,6,6,1,1,0.21922950000000002,0.2537395,0.24366300000000002
2025-01-26 07:00:00,0.298151,7,6,1,1,0.24366300000000002,0.3247755,0.298151
2025-01-26 08:00:00,0.37857050000000003,8,6,1,1,0.298151,0.4002985,0.37857050000000003
2025-01-26 09:00:00,0.4530225,9,6,1,1,0.37857050000000003,0.44675050000000005,0.4530225
2025-01-26 10:00:00,0.5174015000000001,10,6,1,1,0.4530225,0.482356,0.5174015000000001
2025-01-26 11:00:00,0.589939,11,6,1,1,0.5174015000000001,0.530551,0.589939
2025-01-26 12:00:00,0.578214,12,6,1,1,0.589939,0.528913,0.578214
2025-01-26 13:00:00,0.5351885000000001,13,6,1,1,0.578214,0.5069365,0.5351885000000001
2025-01-26 14:00:00,0.5060475,14,6,1,1,0.5351885000000001,0.49382550000000003,0.5060475
2025-01-26 15:00:00,0.4975215,15,6,1,1,0.5060475,0.49346500000000004,0.4975215
2025-01-26 16:00:00,0.523236,16,6,1,1,0.4975215,0.523971,0.523236
2025-01-26 17:00:00,0.603365,17,6,1,1,0.523236,0.594405,0.603365
2025-01-26 18:00:00,0.6312075,18,6,1,1,0.603365,0.6176485,0.6312075
2025-01-26 19:00:00,0.5961375,19,6,1,1,0.6312075,0.5821375,0.5961375
2025-01-26 20:00:00,0.5323115,20,6,1,1,0.5961375,0.520191,0.5323115
2025-01-26 21:00:00,0.46875500000000003,21,6,1,1,0.5323115,0.46939200000000003,0.46875500000000003
2025-01-26 22:00:00,0.413644,22,6,1,1,0.46875500000000003,0.431473,0.413644
2025-01-26 23:00:00,0.333179,23,6,1,1,0.413644,0.35981399999999997,0.333179
2025-01-27 00:00:00,0.259707,0,0,1,0,0.333179,0.3033275,0.259707
2025-01-27 01:00:00,0.2232475,1,0,1,0,0.259707,0.26138350000000005,0.2232475
2025-01-27 02:00:00,0.2113615,2,0,1,0,0.2232475,0.236278,0.2113615
2025-01-27 03:00:00,0.2094995,3,0,1,0,0.2113615,0.22328599999999998,0.2094995
2025-01-27 04:00:00,0.2186765,4,0,1,0,0.2094995,0.2175565,0.2186765
2025-01-27 05:00:00,0.24887800000000002,5,0,1,0,0.2186765,0.21922950000000002,0.24887800000000002
2025-01-27 06:00:00,0.3218915,6,0,1,0,0.24887800000000002,0.24366300000000002,0.3218915
2025-01-27 07:00:00,0.3499685,7,0,1,0,0.3218915,0.298151,0.3499685
2025-01-27 08:00:00,0.329021,8,0,1,0,0.3499685,0.37857050000000003,0.329021
2025-01-27 09:00:00,0.31773,9,0,1,0,0.329021,0.4530225,0.31773
2025-01-27 10:00:00,0.320712,10,0,1,0,0.31773,0.5174015000000001,0.320712
2025-01-27 11:00:00,0.35174300000000003,11,0,1,0,0.320712,0.589939,0.35174300000000003
2025-01-27 12:00:00,0.36739849999999996,12,0,1,0,0.35174300000000003,0.578214,0.36739849999999996
2025-01-27 13:00:00,0.36420650000000004,13,0,1,0,0.36739849999999996,0.5351885000000001,0.36420650000000004
2025-01-27 14:00:00,0.3556595,14,0,1,0,0.36420650000000004,0.5060475,0.3556595
2025-01-27 15:00:00,0.3674405,15,0,1,0,0.3556595,0.4975215,0.3674405
2025-01-27 16:00:00,0.419748,16,0,1,0,0.3674405,0.523236,0.419748
2025-01-27 17:00:00,0.5244015,17,0,1,0,0.419748,0.603365,0.5244015
2025-01-27 18:00:00,0.58289,18,0,1,0,0.5244015,0.6312075,0.58289
2025-01-27 19:00:00,0.5771115,19,0,1,0,0.58289,0.5961375,0.5771115
2025-01-27 20:00:00,0.5266135,20,0,1,0,0.5771115,0.5323115,0.5266135
2025-01-27 21:00:00,0.4701515,21,0,1,0,0.5266135,0.46875500000000003,0.4701515
2025-01-27 22:00:00,0.415751,22,0,1,0,0.4701515,0.413644,0.415751
2025-01-27 23:00:00,0.33376700000000004,23,0,1,0,0.415751,0.333179,0.33376700000000004
2025-01-28 00:00:00,0.259707,0,1,1,0,0.33376700000000004,0.259707,0.259707
2025-01-28 01:00:00,0.2232475,1,1,1,0,0.259707,0.2232475,0.2232475
2025-01-28 02:00:00,0.2113615,2,1,1,0,0.2232475,0.2113615,0.2113615
2025-01-28 03:00:00,0.2094995,3,1,1,0,0.2113615,0.2094995,0.2094995
2025-01-28 04:00:00,0.2186765,4,1,1,0,0.2094995,0.2186765,0.2186765
2025-01-28 05:00:00,0.24887800000000002,5,1,1,0,0.2186765,0.24887800000000002,0.24887800000000002
2025-01-28 06:00:00,0.3218915,6,1,1,0,0.24887800000000002,0.3218915,0.3218915
2025-01-28 07:00:00,0.3499685,7,1,1,0,0.3218915,0.3499685,0.3499685
2025-01-28 08:00:00,0.329021,8,1,1,0,0.3499685,0.329021,0.329021
2025-01-28 09:00:00,0.31773,9,1,1,0,0.329021,0.31773,0.31773
2025-01-28 10:00:00,0.320712,10,1,1,0,0.31773,0.320712,0.320712
2025-01-28 11:00:00,0.35174300000000003,11,1,1,0,0.320712,0.35174300000000003,0.35174300000000003
2025-01-28 12:00:00,0.36739849999999996,12,1,1,0,0.35174300000000003,0.36739849999999996,0.36739849999999996
2025-01-28 13:00:00,0.36420650000000004,13,1,1,0,0.36739849999999996,0.36420650000000004,0.36420650000000004
2025-01-28 14:00:00,0.3556595,14,1,1,0,0.36420650000000004,0.3556595,0.3556595
2025-01-28 15:00:00,0.3674405,15,1,1,0,0.3556595,0.3674405,0.3674405
2025-01-28 16:00:00,0.419748,16,1,1,0,0.3674405,0.419748,0.419748
2025-01-28 17:00:00,0.5244015,17,1,1,0,0.419748,0.5244015,0.5244015
2025-01-28 18:00:00,0.58289,18,1,1,0,0.5244015,0.58289,0.58289
2025-01-28 19:00:00,0.5771115,19,1,1,0,0.58289,0.5771115,0.5771115
2025-01-28 20:00:00,0.5266135,20,1,1,0,0.5771115,0.5266135,0.5266135
2025-01-28 21:00:00,0.4701515,21,1,1,0,0.5266135,0.4701515,0.4701515
2025-01-28 22:00:00,0.415751,22,1,1,0,0.4701515,0.415751,0.415751
2025-01-28 23:00:00,0.33376700000000004,23,1,1,0,0.415751,0.33376700000000004,0.33376700000000004
2025-01-29 00:00:00,0.259707,0,2,1,0,0.33376700000000004,0.259707,0.259707
2025-01-29 01:00:00,0.2232475,1,2,1,0,0.259707,0.2232475,0.2232475
2025-01-29 02:00:00,0.2113615,2,2,1,0,0.2232475,0.2113615,0.2113615
2025-01-29 03:00:00,0.2094995,3,2,1,0,0.2113615,0.2094995,0.2094995
2025-01-29 04:00:00,0.2186765,4,2,1,0,0.2094995,0.2186765,0.2186765
2025-01-29 05:00:00,0.24887800000000002,5,2,1,0,0.2186765,0.24887800000000002,0.24887800000000002
2025-01-29 06:00:00,0.3218915,6,2,1,0,0.24887800000000002,0.3218915,0.3218915
2025-01-29 07:00:00,0.3499685,7,2,1,0,0.3218915,0.3499685,0.3499685
2025-01-29 08:00:00,0.329021,8,2,1,0,0.3499685,0.329021,0.329021
2025-01-29 09:00:00,0.31773,9,2,1,0,0.329021,0.31773,0.31773
2025-01-29 10:00:00,0.320712,10,2,1,0,0.31773,0.320712,0.320712
2025-01-29 11:00:00,0.35174300000000003,11,2,1,0,0.320712,0.35174300000000003,0.35174300000000003
2025-01-29 12:00:00,0.36739849999999996,12,2,1,0,0.35174300000000003,0.36739849999999996,0.36739849999999996
2025-01-29 13:00:00,0.36420650000000004,13,2,1,0,0.36739849999999996,0.36420650000000004,0.36420650000000004
2025-01-29 14:00:00,0.3556595,14,2,1,0,0.36420650000000004,0.3556595,0.3556595
2025-01-29 15:00:00,0.3674405,15,2,1,0,0.3556595,0.3674405,0.3674405
2025-01-29 16:00:00,0.419748,16,2,1,0,0.3674405,0.419748,0.419748
2025-01-29 17:00:00,0.5244015,17,2,1,0,0.419748,0.5244015,0.5244015
2025-01-29 18:00:00,0.58289,18,2,1,0,0.5244015,0.58289,0.58289
2025-01-29 19:00:00,0.5771115,19,2,1,0,0.58289,0.5771115,0.5771115
2025-01-29 20:00:00,0.5266135,20,2,1,0,0.5771115,0.5266135,0.5266135
2025-01-29 21:00:00,0.4701515,21,2,1,0,0.5266135,0.4701515,0.4701515
2025-01-29 22:00:00,0.415751,22,2,1,0,0.4701515,0.415751,0.415751
2025-01-29 23:00:00,0.33376700000000004,23,2,1,0,0.415751,0.33376700000000004,0.33376700000000004
2025-01-30 00:00:00,0.259707,0,3,1,0,0.33376700000000004,0.259707,0.259707
2025-01-30 01:00:00,0.2232475,1,3,1,0,0.259707,0.2232475,0.2232475
2025-01-30 02:00:00,0.2113615,2,3,1,0,0.2232475,0.2113615,0.2113615
2025-01-30 03:00:00,0.2094995,3,3,1,0,0.2113615,0.2094995,0.2094995
2025-01-30 04:00:00,0.2186765,4,3,1,0,0.2094995,0.2186765,0.2186765
2025-01-30 05:00:00,0.24887800000000002,5,3,1,0,0.2186765,0.24887800000000002,0.24887800000000002
2025-01-30 06:00:00,0.3218915,6,3,1,0,0.24887800000000002,0.3218915,0.3218915
2025-01-30 07:00:00,0.3499685,7,3,1,0,0.3218915,0.3499685,0.3499685
2025-01-30 08:00:00,0.329021,8,3,1,0,0.3499685,0.329021,0.329021
2025-01-30 09:00:00,0.31773,9,3,1,0,0.329021,0.31773,0.31773
2025-01-30 10:00:00,0.320712,10,3,1,0,0.31773,0.320712,0.320712
2025-01-30 11:00:00,0.35174300000000003,11,3,1,0,0.320712,0.35174300000000003,0.35174300000000003
2025-01-30 12:00:00,0.36739849999999996,12,3,1,0,0.35174300000000003,0.36739849999999996,0.36739849999999996
2025-01-30 13:00:00,0.36420650000000004,13,3,1,0,0.36739849999999996,0.36420650000000004,0.36420650000000004
2025-01-30 14:00:00,0.3556595,14,3,1,0,0.36420650000000004,0.3556595,0.3556595
2025-01-30 15:00:00,0.3674405,15,3,1,0,0.3556595,0.3674405,0.3674405
2025-01-30 16:00:00,0.419748,16,3,1,0,0.3674405,0.419748,0.419748
2025-01-30 17:00:00,0.5244015,17,3,1,0,0.419748,0.5244015,0.5244015
2025-01-30 18:00:00,0.58289,18,3,1,0,0.5244015,0.58289,0.58289
2025-01-30 19:00:00,0.5771115,19,3,1,0,0.58289,0.5771115,0.5771115
2025-01-30 20:00:00,0.5266135,20,3,1,0,0.5771115,0.5266135,0.5266135
2025-01-30 21:00:00,0.4701515,21,3,1,0,0.5266135,0.4701515,0.4701515
2025-01-30 22:00:00,0.415751,22,3,1,0,0.4701515,0.415751,0.415751
2025-01-30 23:00:00,0.33376700000000004,23,3,1,0,0.415751,0.33376700000000004,0.33376700000000004
2025-01-31 00:00:00,0.259707,0,4,1,0,0.33376700000000004,0.259707,0.259707
2025-01-31 01:00:00,0.2232475,1,4,1,0,0.259707,0.2232475,0.2232475
2025-01-31 02:00:00,0.2113615,2,4,1,0,0.2232475,0.2113615,0.2113615
2025-01-31 03:00:00,0.2094995,3,4,1,0,0.2113615,0.2094995,0.2094995
2025-01-31 04:00:00,0.2186765,4,4,1,0,0.2094995,0.2186765,0.2186765
2025-01-31 05:00:00,0.24887800000000002,5,4,1,0,0.2186765,0.24887800000000002,0.24887800000000002
2025-01-31 06:00:00,0.3218915,6,4,1,0,0.24887800000000002,0.3218915,0.3218915
2025-01-31 07:00:00,0.3499685,7,4,1,0,0.3218915,0.3499685,0.3499685
2025-01-31 08:00:00,0.329021,8,4,1,0,0.3499685,0.329021,0.329021
2025-01-31 09:00:00,0.31773,9,4,1,0,0.329021,0.31773,0.31773
2025-01-31 10:00:00,0.320712,10,4,1,0,0.31773,0.320712,0.320712
2025-01-31 11:00:00,0.35174300000000003,11,4,1,0,0.320712,0.35174300000000003,0.35174300000000003
2025-01-31 12:00:00,0.36739849999999996,12,4,1,0,0.35174300000000003,0.36739849999999996,0.36739849999999996
2025-01-31 13:00:00,0.36420650000000004,13,4,1,0,0.36739849999999996,0.36420650000000004,0.36420650000000004
2025-01-31 14:00:00,0.3556595,14,4,1,0,0.36420650000000004,0.3556595,0.3556595
2025-01-31 15:00:00,0.3674405,15,4,1,0,0.3556595,0.3674405,0.3674405
2025-01-31 16:00:00,0.419748,16,4,1,0,0.3674405,0.419748,0.419748
2025-01-31 17:00:00,0.5244015,17,4,1,0,0.419748,0.5244015,0.5244015
2025-01-31 18:00:00,0.58289,18,4,1,0,0.5244015,0.58289,0.58289
2025-01-31 19:00:00,0.5771115,19,4,1,0,0.58289,0.5771115,0.5771115
2025-01-31 20:00:00,0.5266135,20,4,1,0,0.5771115,0.5266135,0.5266135
2025-01-31 21:00:00,0.4701515,21,4,1,0,0.5266135,0.4701515,0.4701515
2025-01-31 22:00:00,0.415751,22,4,1,0,0.4701515,0.415751,0.415751
2025-01-31 23:00:00,0.33376700000000004,23,4,1,0,0.415751,0.33376700000000004,0.33376700000000004
2025-02-01 00:00:00,0.288414,0,5,2,1,0.33376700000000004,0.259707,0.2856245
2025-02-01 01:00:00,0.2477755,1,5,2,1,0.288414,0.2232475,0.241969
2025-02-01 02:00:00,0.2296,2,5,2,1,0.2477755,0.2113615,0.22117900000000001
2025-02-01 03:00:00,0.22394050000000001,3,5,2,1,0.2296,0.2094995,0.212618
2025-02-01 04:00:00,0.2254105,4,5,2,1,0.22394050000000001,0.2186765,0.2123275
2025-02-01 05:00:00,0.2297855,5,5,2,1,0.2254105,0.24887800000000002,0.21600250000000001
2025-02-01 06:00:00,0.2700985,6,5,2,1,0.2297855,0.3218915,0.2537395
2025-02-01 07:00:00,0.347326,7,5,2,1,0.2700985,0.3499685,0.3247755
2025-02-01 08:00:00,0.42574,8,5,2,1,0.347326,0.329021,0.4002985
2025-02-01 09:00:00,0.46215399999999995,9,5,2,1,0.42574,0.31773,0.44675050000000005
2025-02-01 10:00:00,0.48951350000000005,10,5,2,1,0.46215399999999995,0.320712,0.482356
2025-02-01 11:00:00,0.5277405,11,5,2,1,0.48951350000000005,0.35174300000000003,0.530551
2025-02-01 12:00:00,0.5159735,12,5,2,1,0.5277405,0.36739849999999996,0.528913
2025-02-01 13:00:00,0.48952750000000006,13,5,2,1,0.5159735,0.36420650000000004,0.5069365
2025-02-01 14:00:00,0.4719365,14,5,2,1,0.48952750000000006,0.3556595,0.49382550000000003
2025-02-01 15:00:00,0.4702705,15,5,2,1,0.4719365,0.3674405,0.49346500000000004
2025-02-01 16:00:00,0.484505,16,5,2,1,0.4702705,0.419748,0.523971
2025-02-01 17:00:00,0.5497135,17,5,2,1,0.484505,0.5244015,0.594405
2025-02-01 18:00:00,0.616588,18,5,2,1,0.5497135,0.58289,0.6176485
2025-02-01 19:00:00,0.5898025,19,5,2,1,0.616588,0.5771115,0.5821375
2025-02-01 20:00:00,0.527576,20,5,2,1,0.5898025,0.5266135,0.520191
2025-02-01 21:00:00,0.47495,21,5,2,1,0.527576,0.4701515,0.46939200000000003
2025-02-01 22:00:00,0.43490300000000004,22,5,2,1,0.47495,0.415751,0.431473
2025-02-01 23:00:00,0.36274,23,5,2,1,0.43490300000000004,0.33376700000000004,0.35981399999999997
2025-02-02 00:00:00,0.29959650000000004,0,6,2,1,0.36274,0.288414,0.3033275
2025-02-02 01:00:00,0.257775,1,6,2,1,0.29959650000000004,0.2477755,0.26138350000000005
2025-02-02 02:00:00,0.237923,2,6,2,1,0.257775,0.2296,0.236278
2025-02-02 03:00:00,0.22974699999999998,3,6,2,1,0.237923,0.22394050000000001,0.22328599999999998
2025-02-02 04:00:00,0.22759800000000002,4,6,2,1,0.22974699999999998,0.2254105,0.2175565
2025-02-02 05:00:00,0.2325785,5,6,2,1,0.22759800000000002,0.2297855,0.21922950000000002
2025-02-02 06:00:00,0.2626155,6,6,2,1,0.2325785,0.2700985,0.24366300000000002
2025-02-02 07:00:00,0.3340295,7,6,2,1,0.2626155,0.347326,0.298151
2025-02-02 08:00:00,0.432054,8,6,2,1,0.3340295,0.42574,0.37857050000000003
2025-02-02 09:00:00,0.5020015,9,6,2,1,0.432054,0.46215399999999995,0.4530225
2025-02-02 10:00:00,0.55734,10,6,2,1,0.5020015,0.48951350000000005,0.5174015000000001
2025-02-02 11:00:00,0.6181805,11,6,2,1,0.55734,0.5277405,0.589939
2025-02-02 12:00:00,0.5837300000000001,12,6,2,1,0.6181805,0.5159735,0.578214
2025-02-02 13:00:00,0.523859,13,6,2,1,0.5837300000000001,0.48952750000000006,0.5351885000000001
2025-02-02 14:00:00,0.4884985,14,6,2,1,0.523859,0.4719365,0.5060475
2025-02-02 15:00:00,0.471982,15,6,2,1,0.4884985,0.4702705,0.4975215
2025-02-02 16:00:00,0.4819745,16,6,2,1,0.471982,0.484505,0.523236
2025-02-02 17:00:00,0.5559995,17,6,2,1,0.4819745,0.5497135,0.603365
2025-02-02 18:00:00,0.635453,18,6,2,1,0.5559995,0.616588,0.6312075
2025-02-02 19:00:00,0.610204,19,6,2,1,0.635453,0.5898025,0.5961375
2025-02-02 20:00:00,0.5419505,20,6,2,1,0.610204,0.527576,0.5323115
2025-02-02 21:00:00,0.473725,21,6,2,1,0.5419505,0.47495,0.46875500000000003
2025-02-02 22:00:00,0.41359500000000005,22,6,2,1,0.473725,0.43490300000000004,0.413644
2025-02-02 23:00:00,0.333263,23,6,2,1,0.41359500000000005,0.36274,0.333179
2025-02-03 00:00:00,0.26285000000000003,0,0,2,0,0.333263,0.29959650000000004,0.259707
2025-02-03 01:00:00,0.2284205,1,0,2,0,0.26285000000000003,0.257775,0.2232475
2025-02-03 02:00:00,0.218365,2,0,2,0,0.2284205,0.237923,0.2113615
2025-02-03 03:00:00,0.217455,3,0,2,0,0.218365,0.22974699999999998,0.2094995
2025-02-03 04:00:00,0.22809500000000002,4,0,2,0,0.217455,0.22759800000000002,0.2186765
2025-02-03 05:00:00,0.2598155,5,0,2,0,0.22809500000000002,0.2325785,0.24887800000000002
2025-02-03 06:00:00,0.33569899999999997,6,0,2,0,0.2598155,0.2626155,0.3218915
2025-02-03 07:00:00,0.3572065,7,0,2,0,0.33569899999999997,0.3340295,0.3499685
2025-02-03 08:00:00,0.33252800000000005,8,0,2,0,0.3572065,0.432054,0.329021
2025-02-03 09:00:00,0.3183005,9,0,2,0,0.33252800000000005,0.5020015,0.31773
2025-02-03 10:00:00,0.3156405,10,0,2,0,0.3183005,0.55734,0.320712
2025-02-03 11:00:00,0.343924,11,0,2,0,0.3156405,0.6181805,0.35174300000000003
2025-02-03 12:00:00,0.3534195,12,0,2,0,0.343924,0.5837300000000001,0.36739849999999996
2025-02-03 13:00:00,0.3457545,13,0,2,0,0.3534195,0.523859,0.36420650000000004
2025-02-03 14:00:00,0.3343725,14,0,2,0,0.3457545,0.4884985,0.3556595
2025-02-03 15:00:00,0.3427865,15,0,2,0,0.3343725,0.471982,0.3674405
2025-02-03 16:00:00,0.3797045,16,0,2,0,0.3427865,0.4819745,0.419748
2025-02-03 17:00:00,0.471205,17,0,2,0,0.3797045,0.5559995,0.5244015
2025-02-03 18:00:00,0.5775315000000001,18,0,2,0,0.471205,0.635453,0.58289
2025-02-03 19:00:00,0.5864355,19,0,2,0,0.5775315000000001,0.610204,0.5771115
2025-02-03 20:00:00,0.53438,20,0,2,0,0.5864355,0.5419505,0.5266135
2025-02-03 21:00:00,0.4739175,21,0,2,0,0.53438,0.473725,0.4701515
2025-02-03 22:00:00,0.4162445,22,0,2,0,0.4739175,0.41359500000000005,0.415751
2025-02-03 23:00:00,0.335755,23,0,2,0,0.4162445,0.333263,0.33376700000000004
2025-02-04 00:00:00,0.26285000000000003,0,1,2,0,0.335755,0.26285000000000003,0.259707
2025-02-04 01:00:00,0.2284205,1,1,2,0,0.26285000000000003,0.2284205,0.2232475
2025-02-04 02:00:00,0.218365,2,1,2,0,0.2284205,0.218365,0.2113615
2025-02-04 03:00:00,0.217455,3,1,2,0,0.218365,0.217455,0.2094995
2025-02-04 04:00:00,0.22809500000000002,4,1,2,0,0.217455,0.22809500000000002,0.2186765
2025-02-04 05:00:00,0.2598155,5,1,2,0,0.22809500000000002,0.2598155,0.24887800000000002
2025-02-04 06:00:00,0.33569899999999997,6,1,2,0,0.2598155,0.33569899999999997,0.3218915
2025-02-04 07:00:00,0.3572065,7,1,2,0,0.33569899999999997,0.3572065,0.3499685
2025-02-04 08:00:00,0.33252800000000005,8,1,2,0,0.3572065,0.33252800000000005,0.329021
2025-02-04 09:00:00,0.3183005,9,1,2,0,0.33252800000000005,0.3183005,0.31773
2025-02-04 10:00:00,0.3156405,10,1,2,0,0.3183005,0.3156405,0.320712
2025-02-04 11:00:00,0.343924,11,1,2,0,0.3156405,0.343924,0.35174300000000003
2025-02-04 12:00:00,0.3534195,12,1,2,0,0.343924,0.3534195,0.36739849999999996
2025-02-04 13:00:00,0.3457545,13,1,2,0,0.3534195,0.3457545,0.36420650000000004
2025-02-04 14:00:00,0.3343725,14,1,2,0,0.3457545,0.3343725,0.3556595
2025-02-04 15:00:00,0.3427865,15,1,2,0,0.3343725,0.3427865,0.3674405
2025-02-04 16:00:00,0.3797045,16,1,2,0,0.3427865,0.3797045,0.419748
2025-02-04 17:00:00,0.471205,17,1,2,0,0.3797045,0.471205,0.5244015
2025-02-04 18:00:00,0.5775315000000001,18,1,2,0,0.471205,0.5775315000000001,0.58289
2025-02-04 19:00:00,0.5864355,19,1,2,0,0.5775315000000001,0.5864355,0.5771115
2025-02-04 20:00:00,0.53438,20,1,2,0,0.5864355,0.53438,0.5266135
2025-02-04 21:00:00,0.4739175,21,1,2,0,0.53438,0.4739175,0.4701515
2025-02-04 22:00:00,0.4162445,22,1,2,0,0.4739175,0.4162445,0.415751
2025-02-04 23:00:00,0.335755,23,1,2,0,0.4162445,0.335755,0.33376700000000004
2025-02-05 00:00:00,0.26285000000000003,0,2,2,0,0.335755,0.26285000000000003,0.259707
2025-02-05 01:00:00,0.2284205,1,2,2,0,0.26285000000000003,0.2284205,0.2232475
2025-02-05 02:00:00,0.218365,2,2,2,0,0.2284205,0.218365,0.2113615
2025-02-05 03:00:00,0.217455,3,2,2,0,0.218365,0.217455,0.2094995
2025-02-05 04:00:00,0.22809500000000002,4,2,2,0,0.217455,0.22809500000000002,0.2186765
2025-02-05 05:00:00,0.2598155,5,2,2,0,0.22809500000000002,0.2598155,0.24887800000000002
2025-02-05 06:00:00,0.33569899999999997,6,2,2,0,0.2598155,0.33569899999999997,0.3218915
2025-02-05 07:00:00,0.3572065,7,2,2,0,0.33569899999999997,0.3572065,0.3499685
2025-02-05 08:00:00,0.33252800000000005,8,2,2,0,0.3572065,0.33252800000000005,0.329021
2025-02-05 09:00:00,0.3183005,9,2,2,0,0.33252800000000005,0.3183005,0.31773
2025-02-05 10:00:00,0.3156405,10,2,2,0,0.3183005,0.3156405,0.320712
2025-02-05 11:00:00,0.343924,11,2,2,0,0.3156405,0.343924,0.35174300000000003
2025-02-05 12:00:00,0.3534195,12,2,2,0,0.343924,0.3534195,0.36739849999999996
2025-02-05 13:00:00,0.3457545,13,2,2,0,0.3534195,0.3457545,0.36420650000000004
2025-02-05 14:00:00,0.3343725,14,2,2,0,0.3457545,0.3343725,0.3556595
2025-02-05 15:00:00,0.3427865,15,2,2,0,0.3343725,0.3427865,0.3674405
2025-02-05 16:00:00,0.3797045,16,2,2,0,0.3427865,0.3797045,0.419748
2025-02-05 17:00:00,0.471205,17,2,2,0,0.3797045,0.471205,0.5244015
2025-02-05 18:00:00,0.5775315000000001,18,2,2,0,0.471205,0.5775315000000001,0.58289
2025-02-05 19:00:00,0.5864355,19,2,2,0,0.5775315000000001,0.5864355,0.5771115
2025-02-05 20:00:00,0.53438,20,2,2,0,0.5864355,0.53438,0.5266135
2025-02-05 21:00:00,0.4739175,21,2,2,0,0.53438,0.4739175,0.4701515
2025-02-05 22:00:00,0.4162445,22,2,2,0,0.4739175,0.4162445,0.415751
2025-02-05 23:00:00,0.335755,23,2,2,0,0.4162445,0.335755,0.33376700000000004
2025-02-06 00:00:00,0.26285000000000003,0,3,2,0,0.335755,0.26285000000000003,0.259707
2025-02-06 01:00:00,0.2284205,1,3,2,0,0.26285000000000003,0.2284205,0.2232475
2025-02-06 02:00:00,0.218365,2,3,2,0,0.2284205,0.218365,0.2113615
2025-02-06 03:00:00,0.217455,3,3,2,0,0.218365,0.217455,0.2094995
2025-02-06 04:00:00,0.22809500000000002,4,3,2,0,0.217455,0.22809500000000002,0.2186765
2025-02-06 05:00:00,0.2598155,5,3,2,0,0.22809500000000002,0.2598155,0.24887800000000002
2025-02-06 06:00:00,0.33569899999999997,6,3,2,0,0.2598155,0.33569899999999997,0.3218915
2025-02-06 07:00:00,0.3572065,7,3,2,0,0.33569899999999997,0.3572065,0.3499685
2025-02-06 08:00:00,0.33252800000000005,8,3,2,0,0.3572065,0.33252800000000005,0.329021
2025-02-06 09:00:00,0.3183005,9,3,2,0,0.33252800000000005,0.3183005,0.31773
2025-02-06 10:00:00,0.3156405,10,3,2,0,0.3183005,0.3156405,0.320712
2025-02-06 11:00:00,0.343924,11,3,2,0,0.3156405,0.343924,0.35174300000000003
2025-02-06 12:00:00,0.3534195,12,3,2,0,0.343924,0.3534195,0.36739849999999996
2025-02-06 13:00:00,0.3457545,13,3,2,0,0.3534195,0.3457545,0.36420650000000004
2025-02-06 14:00:00,0.3343725,14,3,2,0,0.3457545,0.3343725,0.3556595
2025-02-06 15:00:00,0.3427865,15,3,2,0,0.3343725,0.3427865,0.3674405
2025-02-06 16:00:00,0.3797045,16,3,2,0,0.3427865,0.3797045,0.419748
2025-02-06 17:00:00,0.471205,17,3,2,0,0.3797045,0.471205,0.5244015
2025-02-06 18:00:00,0.5775315000000001,18,3,2,0,0.471205,0.5775315000000001,0.58289
2025-02-06 19:00:00,0.5864355,19,3,2,0,0.5775315000000001,0.5864355,0.5771115
2025-02-06 20:00:00,0.53438,20,3,2,0,0.5864355,0.53438,0.5266135
2025-02-06 21:00:00,0.4739175,21,3,2,0,0.53438,0.4739175,0.4701515
2025-02-06 22:00:00,0.4162445,22,3,2,0,0.4739175,0.4162445,0.415751
2025-02-06 23:00:00,0.335755,23,3,2,0,0.4162445,0.335755,0.33376700000000004
2025-02-07 00:00:00,0.26285000000000003,0,4,2,0,0.335755,0.26285000000000003,0.259707
2025-02-07 01:00:00,0.2284205,1,4,2,0,0.26285000000000003,0.2284205,0.2232475
2025-02-07 02:00:00,0.218365,2,4,2,0,0.2284205,0.218365,0.2113615
2025-02-07 03:00:00,0.217455,3,4,2,0,0.218365,0.217455,0.2094995
2025-02-07 04:00:00,0.22809500000000002,4,4,2,0,0.217455,0.22809500000000002,0.2186765
2025-02-07 05:00:00,0.2598155,5,4,2,0,0.22809500000000002,0.2598155,0.24887800000000002
2025-02-07 06:00:00,0.33569899999999997,6,4,2,0,0.2598155,0.33569899999999997,0.3218915
2025-02-07 07:00:00,0.3572065,7,4,2,0,0.33569899999999997,0.3572065,0.3499685
2025-02-07 08:00:00,0.33252800000000005,8,4,2,0,0.3572065,0.33252800000000005,0.329021
2025-02-07 09:00:00,0.3183005,9,4,2,0,0.33252800000000005,0.3183005,0.31773
2025-02-07 10:00:00,0.3156405,10,4,2,0,0.3183005,0.3156405,0.320712
2025-02-07 11:00:00,0.343924,11,4,2,0,0.3156405,0.343924,0.35174300000000003
2025-02-07 12:00:00,0.3534195,12,4,2,0,0.343924,0.3534195,0.36739849999999996
2025-02-07 13:00:00,0.3457545,13,4,2,0,0.3534195,0.3457545,0.36420650000000004
2025-02-07 14:00:00,0.3343725,14,4,2,0,0.3457545,0.3343725,0.3556595
2025-02-07 15:00:00,0.3427865,15,4,2,0,0.3343725,0.3427865,0.3674405
2025-02-07 16:00:00,0.3797045,16,4,2,0,0.3427865,0.3797045,0.419748
2025-02-07 17:00:00,0.471205,17,4,2,0,0.3797045,0.471205,0.5244015
2025-02-07 18:00:00,0.5775315000000001,18,4,2,0,0.471205,0.5775315000000001,0.58289
2025-02-07 19:00:00,0.5864355,19,4,2,0,0.5775315000000001,0.5864355,0.5771115
2025-02-07 20:00:00,0.53438,20,4,2,0,0.5864355,0.53438,0.5266135
2025-02-07 21:00:00,0.4739175,21,4,2,0,0.53438,0.4739175,0.4701515
2025-02-07 22:00:00,0.4162445,22,4,2,0,0.4739175,0.4162445,0.415751
2025-02-07 23:00:00,0.335755,23,4,2,0,0.4162445,0.335755,0.33376700000000004
2025-02-08 00:00:00,0.288414,0,5,2,1,0.335755,0.26285000000000003,0.288414
2025-02-08 01:00:00,0.2477755,1,5,2,1,0.288414,0.2284205,0.2477755
2025-02-08 02:00:00,0.2296,2,5,2,1,0.2477755,0.218365,0.2296
2025-02-08 03:00:00,0.22394050000000001,3,5,2,1,0.2296,0.217455,0.22394050000000001
2025-02-08 04:00:00,0.2254105,4,5,2,1,0.22394050000000001,0.22809500000000002,0.2254105
2025-02-08 05:00:00,0.2297855,5,5,2,1,0.2254105,0.2598155,0.2297855
2025-02-08 06:00:00,0.2700985,6,5,2,1,0.2297855,0.33569899999999997,0.2700985
2025-02-08 07:00:00,0.347326,7,5,2,1,0.2700985,0.3572065,0.347326
2025-02-08 08:00:00,0.42574,8,5,2,1,0.347326,0.33252800000000005,0.42574
2025-02-08 09:00:00,0.46215399999999995,9,5,2,1,0.42574,0.3183005,0.46215399999999995
2025-02-08 10:00:00,0.48951350000000005,10,5,2,1,0.46215399999999995,0.3156405,0.48951350000000005
2025-02-08 11:00:00,0.5277405,11,5,2,1,0.48951350000000005,0.343924,0.5277405
2025-02-08 12:00:00,0.5159735,12,5,2,1,0.5277405,0.3534195,0.5159735
2025-02-08 13:00:00,0.48952750000000006,13,5,2,1,0.5159735,0.3457545,0.48952750000000006
2025-02-08 14:00:00,0.4719365,14,5,2,1,0.48952750000000006,0.3343725,0.4719365
2025-02-08 15:00:00,0.4702705,15,5,2,1,0.4719365,0.3427865,0.4702705
2025-02-08 16:00:00,0.484505,16,5,2,1,0.4702705,0.3797045,0.484505
2025-02-08 17:00:00,0.5497135,17,5,2,1,0.484505,0.471205,0.5497135
2025-02-08 18:00:00,0.616588,18,5,2,1,0.5497135,0.5775315000000001,0.616588
2025-02-08 19:00:00,0.5898025,19,5,2,1,0.616588,0.5864355,0.5898025
2025-02-08 20:00:00,0.527576,20,5,2,1,0.5898025,0.53438,0.527576
2025-02-08 21:00:00,0.47495,21,5,2,1,0.527576,0.4739175,0.47495
2025-02-08 22:00:00,0.43490300000000004,22,5,2,1,0.47495,0.4162445,0.43490300000000004
2025-02-08 23:00:00,0.36274,23,5,2,1,0.43490300000000004,0.335755,0.36274
2025-02-09 00:00:00,0.29959650000000004,0,6,2,1,0.36274,0.288414,0.29959650000000004
2025-02-09 01:00:00,0.257775,1,6,2,1,0.29959650000000004,0.2477755,0.257775
2025-02-09 02:00:00,0.237923,2,6,2,1,0.257775,0.2296,0.237923
2025-02-09 03:00:00,0.22974699999999998,3,6,2,1,0.237923,0.22394050000000001,0.22974699999999998
2025-02-09 04:00:00,0.22759800000000002,4,6,2,1,0.22974699999999998,0.2254105,0.22759800000000002
2025-02-09 05:00:00,0.2325785,5,6,2,1,0.22759800000000002,0.2297855,0.2325785
2025-02-09 06:00:00,0.2626155,6,6,2,1,0.2325785,0.2700985,0.2626155
2025-02-09 07:00:00,0.3340295,7,6,2,1,0.2626155,0.347326,0.3340295
2025-02-09 08:00:00,0.432054,8,6,2,1,0.3340295,0.42574,0.432054
2025-02-09 09:00:00,0.5020015,9,6,2,1,0.432054,0.46215399999999995,0.5020015
2025-02-09 10:00:00,0.55734,10,6,2,1,0.5020015,0.48951350000000005,0.55734
2025-02-09 11:00:00,0.6181805,11,6,2,1,0.55734,0.5277405,0.6181805
2025-02-09 12:00:00,0.5837300000000001,12,6,2,1,0.6181805,0.5159735,0.5837300000000001
2025-02-09 13:00:00,0.523859,13,6,2,1,0.5837300000000001,0.48952750000000006,0.523859
2025-02-09 14:00:00,0.4884985,14,6,2,1,0.523859,0.4719365,0.4884985
2025-02-09 15:00:00,0.471982,15,6,2,1,0.4884985,0.4702705,0.471982
2025-02-09 16:00:00,0.4819745,16,6,2,1,0.471982,0.484505,0.4819745
2025-02-09 17:00:00,0.5559995,17,6,2,1,0.4819745,0.5497135,0.5559995
2025-02-09 18:00:00,0.635453,18,6,2,1,0.5559995,0.616588,0.635453
2025-02-09 19:00:00,0.610204,19,6,2,1,0.635453,0.5898025,0.610204
2025-02-09 20:00:00,0.5419505,20,6,2,1,0.610204,0.527576,0.5419505
2025-02-09 21:00:00,0.473725,21,6,2,1,0.5419505,0.47495,0.473725
2025-02-09 22:00:00,0.41359500000000005,22,6,2,1,0.473725,0.43490300000000004,0.41359500000000005
2025-02-09 23:00:00,0.333263,23,6,2,1,0.41359500000000005,0.36274,0.333263
2025-02-10 00:00:00,0.26285000000000003,0,0,2,0,0.333263,0.29959650000000004,0.26285000000000003
2025-02-10 01:00:00,0.2284205,1,0,2,0,0.26285000000000003,0.257775,0.2284205
2025-02-10 02:00:00,0.218365,2,0,2,0,0.2284205,0.237923,0.218365
2025-02-10 03:00:00,0.217455,3,0,2,0,0.218365,0.22974699999999998,0.217455
2025-02-10 04:00:00,0.22809500000000002,4,0,2,0,0.217455,0.22759800000000002,0.22809500000000002
2025-02-10 05:00:00,0.2598155,5,0,2,0,0.22809500000000002,0.2325785,0.2598155
2025-02-10 06:00:00,0.33569899999999997,6,0,2,0,0.2598155,0.2626155,0.33569899999999997
2025-02-10 07:00:00,0.3572065,7,0,2,0,0.33569899999999997,0.3340295,0.3572065
2025-02-10 08:00:00,0.33252800000000005,8,0,2,0,0.3572065,0.432054,0.33252800000000005
2025-02-10 09:00:00,0.3183005,9,0,2,0,0.33252800000000005,0.5020015,0.3183005
2025-02-10 10:00:00,0.3156405,10,0,2,0,0.3183005,0.55734,0.3156405
2025-02-10 11:00:00,0.343924,11,0,2,0,0.3156405,0.6181805,0.343924
2025-02-10 12:00:00,0.3534195,12,0,2,0,0.343924,0.5837300000000001,0.3534195
2025-02-10 13:00:00,0.3457545,13,0,2,0,0.3534195,0.523859,0.3457545
2025-02-10 14:00:00,0.3343725,14,0,2,0,0.3457545,0.4884985,0.3343725
2025-02-10 15:00:00,0.3427865,15,0,2,0,0.3343725,0.471982,0.3427865
2025-02-10 16:00:00,0.3797045,16,0,2,0,0.3427865,0.4819745,0.3797045
2025-02-10 17:00:00,0.471205,17,0,2,0,0.3797045,0.5559995,0.471205
2025-02-10 18:00:00,0.5775315000000001,18,0,2,0,0.471205,0.635453,0.5775315000000001
2025-02-10 19:00:00,0.5864355,19,0,2,0,0.5775315000000001,0.610204,0.5864355
2025-02-10 20:00:00,0.53438,20,0,2,0,0.5864355,0.5419505,0.53438
2025-02-10 21:00:00,0.4739175,21,0,2,0,0.53438,0.473725,0.4739175
2025-02-10 22:00:00,0.4162445,22,0,2,0,0.4739175,0.41359500000000005,0.4162445
2025-02-10 23:00:00,0.335755,23,0,2,0,0.4162445,0.333263,0.335755
2025-02-11 00:00:00,0.26285000000000003,0,1,2,0,0.335755,0.26285000000000003,0.26285000000000003
2025-02-11 01:00:00,0.2284205,1,1,2,0,0.26285000000000003,0.2284205,0.2284205
2025-02-11 02:00:00,0.218365,2,1,2,0,0.2284205,0.218365,0.218365
2025-02-11 03:00:00,0.217455,3,1,2,0,0.218365,0.217455,0.217455
2025-02-11 04:00:00,0.22809500000000002,4,1,2,0,0.217455,0.22809500000000002,0.22809500000000002
2025-02-11 05:00:00,0.2598155,5,1,2,0,0.22809500000000002,0.2598155,0.2598155
2025-02-11 06:00:00,0.33569899999999997,6,1,2,0,0.2598155,0.33569899999999997,0.33569899999999997
2025-02-11 07:00:00,0.3572065,7,1,2,0,0.33569899999999997,0.3572065,0.3572065
2025-02-11 08:00:00,0.33252800000000005,8,1,2,0,0.3572065,0.33252800000000005,0.33252800000000005
2025-02-11 09:00:00,0.3183005,9,1,2,0,0.33252800000000005,0.3183005,0.3183005
2025-02-11 10:00:00,0.3156405,10,1,2,0,0.3183005,0.3156405,0.3156405
2025-02-11 11:00:00,0.343924,11,1,2,0,0.3156405,0.343924,0.343924
2025-02-11 12:00:00,0.3534195,12,1,2,0,0.343924,0.3534195,0.3534195
2025-02-11 13:00:00,0.3457545,13,1,2,0,0.3534195,0.3457545,0.3457545
2025-02-11 14:00:00,0.3343725,14,1,2,0,0.3457545,0.3343725,0.3343725
2025-02-11 15:00:00,0.3427865,15,1,2,0,0.3343725,0.3427865,0.3427865
2025-02-11 16:00:00,0.3797045,16,1,2,0,0.3427865,0.3797045,0.3797045
2025-02-11 17:00:00,0.471205,17,1,2,0,0.3797045,0.471205,0.471205
2025-02-11 18:00:00,0.5775315000000001,18,1,2,0,0.471205,0.5775315000000001,0.5775315000000001
2025-02-11 19:00:00,0.5864355,19,1,2,0,0.5775315000000001,0.5864355,0.5864355
2025-02-11 20:00:00,0.53438,20,1,2,0,0.5864355,0.53438,0.53438
2025-02-11 21:00:00,0.4739175,21,1,2,0,0.53438,0.4739175,0.4739175
2025-02-11 22:00:00,0.4162445,22,1,2,0,0.4739175,0.4162445,0.4162445
2025-02-11 23:00:00,0.335755,23,1,2,0,0.4162445,0.335755,0.335755
2025-02-12 00:00:00,0.26285000000000003,0,2,2,0,0.335755,0.26285000000000003,0.26285000000000003
2025-02-12 01:00:00,0.2284205,1,2,2,0,0.26285000000000003,0.2284205,0.2284205
2025-02-12 02:00:00,0.218365,2,2,2,0,0.2284205,0.218365,0.218365
2025-02-12 03:00:00,0.217455,3,2,2,0,0.218365,0.217455,0.217455
2025-02-12 04:00:00,0.22809500000000002,4,2,2,0,0.217455,0.22809500000000002,0.22809500000000002
2025-02-12 05:00:00,0.2598155,5,2,2,0,0.22809500000000002,0.2598155,0.2598155
2025-02-12 06:00:00,0.33569899999999997,6,2,2,0,0.2598155,0.33569899999999997,0.33569899999999997
2025-02-12 07:00:00,0.3572065,7,2,2,0,0.33569899999999997,0.3572065,0.3572065
2025-02-12 08:00:00,0.33252800000000005,8,2,2,0,0.3572065,0.33252800000000005,0.33252800000000005
2025-02-12 09:00:00,0.3183005,9,2,2,0,0.33252800000000005,0.3183005,0.3183005
2025-02-12 10:00:00,0.3156405,10,2,2,0,0.3183005,0.3156405,0.3156405
2025-02-12 11:00:00,0.343924,11,2,2,0,0.3156405,0.343924,0.343924
2025-02-12 12:00:00,0.3534195,12,2,2,0,0.343924,0.3534195,0.3534195
2025-02-12 13:00:00,0.3457545,13,2,2,0,0.3534195,0.3457545,0.3457545
2025-02-12 14:00:00,0.3343725,14,2,2,0,0.3457545,0.3343725,0.3343725
2025-02-12 15:00:00,0.3427865,15,2,2,0,0.3343725,0.3427865,0.3427865
2025-02-12 16:00:00,0.3797045,16,2,2,0,0.3427865,0.3797045,0.3797045
2025-02-12 17:00:00,0.471205,17,2,2,0,0.3797045,0.471205,0.471205
2025-02-12 18:00:00,0.5775315000000001,18,2,2,0,0.471205,0.5775315000000001,0.5775315000000001
2025-02-12 19:00:00,0.5864355,19,2,2,0,0.5775315000000001,0.5864355,0.5864355
2025-02-12 20:00:00,0.53438,20,2,2,0,0.5864355,0.53438,0.53438
2025-02-12 21:00:00,0.4739175,21,2,2,0,0.53438,0.4739175,0.4739175
2025-02-12 22:00:00,0.4162445,22,2,2,0,0.4739175,0.4162445,0.4162445
2025-02-12 23:00:00,0.335755,23,2,2,0,0.4162445,0.335755,0.335755
2025-02-13 00:00:00,0.26285000000000003,0,3,2,0,0.335755,0.26285000000000003,0.26285000000000003
2025-02-13 01:00:00,0.2284205,1,3,2,0,0.26285000000000003,0.2284205,0.2284205
2025-02-13 02:00:00,0.218365,2,3,2,0,0.2284205,0.218365,0.218365
2025-02-13 03:00:00,0.217455,3,3,2,0,0.218365,0.217455,0.217455
2025-02-13 04:00:00,0.22809500000000002,4,3,2,0,0.217455,0.22809500000000002,0.22809500000000002
2025-02-13 05:00:00,0.2598155,5,3,2,0,0.22809500000000002,0.2598155,0.2598155
2025-02-13 06:00:00,0.33569899999999997,6,3,2,0,0.2598155,0.33569899999999997,0.33569899999999997
2025-02-13 07:00:00,0.3572065,7,3,2,0,0.33569899999999997,0.3572065,0.3572065
2025-02-13 08:00:00,0.33252800000000005,8,3,2,0,0.3572065,0.33252800000000005,0.33252800000000005
2025-02-13 09:00:00,0.3183005,9,3,2,0,0.33252800000000005,0.3183005,0.3183005
2025-02-13 10:00:00,0.3156405,10,3,2,0,0.3183005,0.3156405,0.3156405
2025-02-13 11:00:00,0.343924,11,3,2,0,0.3156405,0.343924,0.343924
2025-02-13 12:00:00,0.3534195,12,3,2,0,0.343924,0.3534195,0.3534195
2025-02-13 13:00:00,0.3457545,13,3,2,0,0.3534195,0.3457545,0.3457545
2025-02-13 14:00:00,0.3343725,14,3,2,0,0.3457545,0.3343725,0.3343725
2025-02-13 15:00:00,0.3427865,15,3,2,0,0.3343725,0.3427865,0.3427865
2025-02-13 16:00:00,0.3797045,16,3,2,0,0.3427865,0.3797045,0.3797045
2025-02-13 17:00:00,0.471205,17,3,2,0,0.3797045,0.471205,0.471205
2025-02-13 18:00:00,0.5775315000000001,18,3,2,0,0.471205,0.5775315000000001,0.5775315000000001
2025-02-13 19:00:00,0.5864355,19,3,2,0,0.5775315000000001,0.5864355,0.5864355
2025-02-13 20:00:00,0.53438,20,3,2,0,0.5864355,0.53438,0.53438
2025-02-13 21:00:00,0.4739175,21,3,2,0,0.53438,0.4739175,0.4739175
2025-02-13 22:00:00,0.4162445,22,3,2,0,0.4739175,0.4162445,0.4162445
2025-02-13 23:00:00,0.335755,23,3,2,0,0.4162445,0.335755,0.335755
2025-02-14 00:00:00,0.26285000000000003,0,4,2,0,0.335755,0.26285000000000003,0.26285000000000003
2025-02-14 01:00:00,0.2284205,1,4,2,0,0.26285000000000003,0.2284205,0.2284205
2025-02-14 02:00:00,0.218365,2,4,2,0,0.2284205,0.218365,0.218365
2025-02-14 03:00:00,0.217455,3,4,2,0,0.218365,0.217455,0.217455
2025-02-14 04:00:00,0.22809500000000002,4,4,2,0,0.217455,0.22809500000000002,0.22809500000000002
2025-02-14 05:00:00,0.2598155,5,4,2,0,0.22809500000000002,0.2598155,0.2598155
2025-02-14 06:00:00,0.33569899999999997,6,4,2,0,0.2598155,0.33569899999999997,0.33569899999999997
2025-02-14 07:00:00,0.3572065,7,4,2,0,0.33569899999999997,0.3572065,0.3572065
2025-02-14 08:00:00,0.33252800000000005,8,4,2,0,0.3572065,0.33252800000000005,0.33252800000000005
2025-02-14 09:00:00,0.3183005,9,4,2,0,0.33252800000000005,0.3183005,0.3183005
2025-02-14 10:00:00,0.3156405,10,4,2,0,0.3183005,0.3156405,0.3156405
2025-02-14 11:00:00,0.343924,11,4,2,0,0.3156405,0.343924,0.343924
2025-02-14 12:00:00,0.3534195,12,4,2,0,0.343924,0.3534195,0.3534195
2025-02-14 13:00:00,0.3457545,13,4,2,0,0.3534195,0.3457545,0.3457545
2025-02-14 14:00:00,0.3343725,14,4,2,0,0.3457545,0.3343725,0.3343725
2025-02-14 15:00:00,0.3427865,15,4,2,0,0.3343725,0.3427865,0.3427865
2025-02-14 16:00:00,0.3797045,16,4,2,0,0.3427865,0.3797045,0.3797045
2025-02-14 17:00:00,0.471205,17,4,2,0,0.3797045,0.471205,0.471205
2025-02-14 18:00:00,0.5775315000000001,18,4,2,0,0.471205,0.5775315000000001,0.5775315000000001
2025-02-14 19:00:00,0.5864355,19,4,2,0,0.5775315000000001,0.5864355,0.5864355
2025-02-14 20:00:00,0.53438,20,4,2,0,0.5864355,0.53438,0.53438
2025-02-14 21:00:00,0.4739175,21,4,2,0,0.53438,0.4739175,0.4739175
2025-02-14 22:00:00,0.4162445,22,4,2,0,0.4739175,0.4162445,0.4162445
2025-02-14 23:00:00,0.335755,23,4,2,0,0.4162445,0.335755,0.335755
2025-02-15 00:00:00,0.288414,0,5,2,1,0.335755,0.26285000000000003,0.288414
2025-02-15 01:00:00,0.2477755,1,5,2,1,0.288414,0.2284205,0.2477755
2025-02-15 02:00:00,0.2296,2,5,2,1,0.2477755,0.218365,0.2296
2025-02-15 03:00:00,0.22394050000000001,3,5,2,1,0.2296,0.217455,0.22394050000000001
2025-02-15 04:00:00,0.2254105,4,5,2,1,0.22394050000000001,0.22809500000000002,0.2254105
2025-02-15 05:00:00,0.2297855,5,5,2,1,0.2254105,0.2598155,0.2297855
2025-02-15 06:00:00,0.2700985,6,5,2,1,0.2297855,0.33569899999999997,0.2700985
2025-02-15 07:00:00,0.347326,7,5,2,1,0.2700985,0.3572065,0.347326
2025-02-15 08:00:00,0.42574,8,5,2,1,0.347326,0.33252800000000005,0.42574
2025-02-15 09:00:00,0.46215399999999995,9,5,2,1,0.42574,0.3183005,0.46215399999999995
2025-02-15 10:00:00,0.48951350000000005,10,5,2,1,0.46215399999999995,0.3156405,0.48951350000000005
2025-02-15 11:00:00,0.5277405,11,5,2,1,0.48951350000000005,0.343924,0.5277405
2025-02-15 12:00:00,0.5159735,12,5,2,1,0.5277405,0.3534195,0.5159735
2025-02-15 13:00:00,0.48952750000000006,13,5,2,1,0.5159735,0.3457545,0.48952750000000006
2025-02-15 14:00:00,0.4719365,14,5,2,1,0.48952750000000006,0.3343725,0.4719365
2025-02-15 15:00:00,0.4702705,15,5,2,1,0.4719365,0.3427865,0.4702705
2025-02-15 16:00:00,0.484505,16,5,2,1,0.4702705,0.3797045,0.484505
2025-02-15 17:00:00,0.5497135,17,5,2,1,0.484505,0.471205,0.5497135
2025-02-15 18:00:00,0.616588,18,5,2,1,0.5497135,0.5775315000000001,0.616588
2025-02-15 19:00:00,0.5898025,19,5,2,1,0.616588,0.5864355,0.5898025
2025-02-15 20:00:00,0.527576,20,5,2,1,0.5898025,0.53438,0.527576
2025-02-15 21:00:00,0.47495,21,5,2,1,0.527576,0.4739175,0.47495
2025-02-15 22:00:00,0.43490300000000004,22,5,2,1,0.47495,0.4162445,0.43490300000000004
2025-02-15 23:00:00,0.36274,23,5,2,1,0.43490300000000004,0.335755,0.36274
2025-02-16 00:00:00,0.29959650000000004,0,6,2,1,0.36274,0.288414,0.29959650000000004
2025-02-16 01:00:00,0.257775,1,6,2,1,0.29959650000000004,0.2477755,0.257775
2025-02-16 02:00:00,0.237923,2,6,2,1,0.257775,0.2296,0.237923
2025-02-16 03:00:00,0.22974699999999998,3,6,2,1,0.237923,0.22394050000000001,0.22974699999999998
2025-02-16 04:00:00,0.22759800000000002,4,6,2,1,0.22974699999999998,0.2254105,0.22759800000000002
2025-02-16 05:00:00,0.2325785,5,6,2,1,0.22759800000000002,0.2297855,0.2325785
2025-02-16 06:00:00,0.2626155,6,6,2,1,0.2325785,0.2700985,0.2626155
2025-02-16 07:00:00,0.3340295,7,6,2,1,0.2626155,0.347326,0.3340295
2025-02-16 08:00:00,0.432054,8,6,2,1,0.3340295,0.42574,0.432054
2025-02-16 09:00:00,0.5020015,9,6,2,1,0.432054,0.46215399999999995,0.5020015
2025-02-16 10:00:00,0.55734,10,6,2,1,0.5020015,0.48951350000000005,0.55734
2025-02-16 11:00:00,0.6181805,11,6,2,1,0.55734,0.5277405,0.6181805
2025-02-16 12:00:00,0.5837300000000001,12,6,2,1,0.6181805,0.5159735,0.5837300000000001
2025-02-16 13:00:00,0.523859,13,6,2,1,0.5837300000000001,0.48952750000000006,0.523859
2025-02-16 14:00:00,0.4884985,14,6,2,1,0.523859,0.4719365,0.4884985
2025-02-16 15:00:00,0.471982,15,6,2,1,0.4884985,0.4702705,0.471982
2025-02-16 16:00:00,0.4819745,16,6,2,1,0.471982,0.484505,0.4819745
2025-02-16 17:00:00,0.5559995,17,6,2,1,0.4819745,0.5497135,0.5559995
2025-02-16 18:00:00,0.635453,18,6,2,1,0.5559995,0.616588,0.635453
2025-02-16 19:00:00,0.610204,19,6,2,1,0.635453,0.5898025,0.610204
2025-02-16 20:00:00,0.5419505,20,6,2,1,0.610204,0.527576,0.5419505
2025-02-16 21:00:00,0.473725,21,6,2,1,0.5419505,0.47495,0.473725
2025-02-16 22:00:00,0.41359500000000005,22,6,2,1,0.473725,0.43490300000000004,0.41359500000000005
2025-02-16 23:00:00,0.333263,23,6,2,1,0.41359500000000005,0.36274,0.333263
2025-02-17 00:00:00,0.26285000000000003,0,0,2,0,0.333263,0.29959650000000004,0.26285000000000003
2025-02-17 01:00:00,0.2284205,1,0,2,0,0.26285000000000003,0.257775,0.2284205
2025-02-17 02:00:00,0.218365,2,0,2,0,0.2284205,0.237923,0.218365
2025-02-17 03:00:00,0.217455,3,0,2,0,0.218365,0.22974699999999998,0.217455
2025-02-17 04:00:00,0.22809500000000002,4,0,2,0,0.217455,0.22759800000000002,0.22809500000000002
2025-02-17 05:00:00,0.2598155,5,0,2,0,0.22809500000000002,0.2325785,0.2598155
2025-02-17 06:00:00,0.33569899999999997,6,0,2,0,0.2598155,0.2626155,0.33569899999999997
2025-02-17 07:00:00,0.3572065,7,0,2,0,0.33569899999999997,0.3340295,0.3572065
2025-02-17 08:00:00,0.33252800000000005,8,0,2,0,0.3572065,0.432054,0.33252800000000005
2025-02-17 09:00:00,0.3183005,9,0,2,0,0.33252800000000005,0.5020015,0.3183005
2025-02-17 10:00:00,0.3156405,10,0,2,0,0.3183005,0.55734,0.3156405
2025-02-17 11:00:00,0.343924,11,0,2,0,0.3156405,0.6181805,0.343924
2025-02-17 12:00:00,0.3534195,12,0,2,0,0.343924,0.5837300000000001,0.3534195
2025-02-17 13:00:00,0.3457545,13,0,2,0,0.3534195,0.523859,0.3457545
2025-02-17 14:00:00,0.3343725,14,0,2,0,0.3457545,0.4884985,0.3343725
2025-02-17 15:00:00,0.3427865,15,0,2,0,0.3343725,0.471982,0.3427865
2025-02-17 16:00:00,0.3797045,16,0,2,0,0.3427865,0.4819745,0.3797045
2025-02-17 17:00:00,0.471205,17,0,2,0,0.3797045,0.5559995,0.471205
2025-02-17 18:00:00,0.5775315000000001,18,0,2,0,0.471205,0.635453,0.5775315000000001
2025-02-17 19:00:00,0.5864355,19,0,2,0,0.5775315000000001,0.610204,0.5864355
2025-02-17 20:00:00,0.53438,20,0,2,0,0.5864355,0.5419505,0.53438
2025-02-17 21:00:00,0.4739175,21,0,2,0,0.53438,0.473725,0.4739175
2025-02-17 22:00:00,0.4162445,22,0,2,0,0.4739175,0.41359500000000005,0.4162445
2025-02-17 23:00:00,0.335755,23,0,2,0,0.4162445,0.333263,0.335755
2025-02-18 00:00:00,0.26285000000000003,0,1,2,0,0.335755,0.26285000000000003,0.26285000000000003
2025-02-18 01:00:00,0.2284205,1,1,2,0,0.26285000000000003,0.2284205,0.2284205
2025-02-18 02:00:00,0.218365,2,1,2,0,0.2284205,0.218365,0.218365
2025-02-18 03:00:00,0.217455,3,1,2,0,0.218365,0.217455,0.217455
2025-02-18 04:00:00,0.22809500000000002,4,1,2,0,0.217455,0.22809500000000002,0.22809500000000002
2025-02-18 05:00:00,0.2598155,5,1,2,0,0.22809500000000002,0.2598155,0.2598155
2025-02-18 06:00:00,0.33569899999999997,6,1,2,0,0.2598155,0.33569899999999997,0.33569899999999997
2025-02-18 07:00:00,0.3572065,7,1,2,0,0.33569899999999997,0.3572065,0.3572065
2025-02-18 08:00:00,0.33252800000000005,8,1,2,0,0.3572065,0.33252800000000005,0.33252800000000005
2025-02-18 09:00:00,0.3183005,9,1,2,0,0.33252800000000005,0.3183005,0.3183005
2025-02-18 10:00:00,0.3156405,10,1,2,0,0.3183005,0.3156405,0.3156405
2025-02-18 11:00:00,0.343924,11,1,2,0,0.3156405,0.343924,0.343924
2025-02-18 12:00:00,0.3534195,12,1,2,0,0.343924,0.3534195,0.3534195
2025-02-18 13:00:00,0.3457545,13,1,2,0,0.3534195,0.3457545,0.3457545
2025-02-18 14:00:00,0.3343725,14,1,2,0,0.3457545,0.3343725,0.3343725
2025-02-18 15:00:00,0.3427865,15,1,2,0,0.3343725,0.3427865,0.3427865
2025-02-18 16:00:00,0.3797045,16,1,2,0,0.3427865,0.3797045,0.3797045
2025-02-18 17:00:00,0.471205,17,1,2,0,0.3797045,0.471205,0.471205
2025-02-18 18:00:00,0.5775315000000001,18,1,2,0,0.471205,0.5775315000000001,0.5775315000000001
2025-02-18 19:00:00,0.5864355,19,1,2,0,0.5775315000000001,0.5864355,0.5864355
2025-02-18 20:00:00,0.53438,20,1,2,0,0.5864355,0.53438,0.53438
2025-02-18 21:00:00,0.4739175,21,1,2,0,0.53438,0.4739175,0.4739175
2025-02-18 22:00:00,0.4162445,22,1,2,0,0.4739175,0.4162445,0.4162445
2025-02-18 23:00:00,0.335755,23,1,2,0,0.4162445,0.335755,0.335755
2025-02-19 00:00:00,0.26285000000000003,0,2,2,0,0.335755,0.26285000000000003,0.26285000000000003
2025-02-19 01:00:00,0.2284205,1,2,2,0,0.26285000000000003,0.2284205,0.2284205
2025-02-19 02:00:00,0.218365,2,2,2,0,0.2284205,0.218365,0.218365
2025-02-19 03:00:00,0.217455,3,2,2,0,0.218365,0.217455,0.217455
2025-02-19 04:00:00,0.22809500000000002,4,2,2,0,0.217455,0.22809500000000002,0.22809500000000002
2025-02-19 05:00:00,0.2598155,5,2,2,0,0.22809500000000002,0.2598155,0.2598155
2025-02-19 06:00:00,0.33569899999999997,6,2,2,0,0.2598155,0.33569899999999997,0.33569899999999997
2025-02-19 07:00:00,0.3572065,7,2,2,0,0.33569899999999997,0.3572065,0.3572065
2025-02-19 08:00:00,0.33252800000000005,8,2,2,0,0.3572065,0.33252800000000005,0.33252800000000005
2025-02-19 09:00:00,0.3183005,9,2,2,0,0.33252800000000005,0.3183005,0.3183005
2025-02-19 10:00:00,0.3156405,10,2,2,0,0.3183005,0.3156405,0.3156405
2025-02-19 11:00:00,0.343924,11,2,2,0,0.3156405,0.343924,0.343924
2025-02-19 12:00:00,0.3534195,12,2,2,0,0.343924,0.3534195,0.3534195
2025-02-19 13:00:00,0.3457545,13,2,2,0,0.3534195,0.3457545,0.3457545
2025-02-19 14:00:00,0.3343725,14,2,2,0,0.3457545,0.3343725,0.3343725
2025-02-19 15:00:00,0.3427865,15,2,2,0,0.3343725,0.3427865,0.3427865
2025-02-19 16:00:00,0.3797045,16,2,2,0,0.3427865,0.3797045,0.3797045
2025-02-19 17:00:00,0.471205,17,2,2,0,0.3797045,0.471205,0.471205
2025-02-19 18:00:00,0.5775315000000001,18,2,2,0,0.471205,0.5775315000000001,0.5775315000000001
2025-02-19 19:00:00,0.5864355,19,2,2,0,0.5775315000000001,0.5864355,0.5864355
2025-02-19 20:00:00,0.53438,20,2,2,0,0.5864355,0.53438,0.53438
2025-02-19 21:00:00,0.4739175,21,2,2,0,0.53438,0.4739175,0.4739175
2025-02-19 22:00:00,0.4162445,22,2,2,0,0.4739175,0.4162445,0.4162445
2025-02-19 23:00:00,0.335755,23,2,2,0,0.4162445,0.335755,0.335755
2025-02-20 00:00:00,0.26285000000000003,0,3,2,0,0.335755,0.26285000000000003,0.26285000000000003
2025-02-20 01:00:00,0.2284205,1,3,2,0,0.26285000000000003,0.2284205,0.2284205
2025-02-20 02:00:00,0.218365,2,3,2,0,0.2284205,0.218365,0.218365
2025-02-20 03:00:00,0.217455,3,3,2,0,0.218365,0.217455,0.217455
2025-02-20 04:00:00,0.22809500000000002,4,3,2,0,0.217455,0.22809500000000002,0.22809500000000002
2025-02-20 05:00:00,0.2598155,5,3,2,0,0.22809500000000002,0.2598155,0.2598155
2025-02-20 06:00:00,0.33569899999999997,6,3,2,0,0.2598155,0.33569899999999997,0.33569899999999997
2025-02-20 07:00:00,0.3572065,7,3,2,0,0.33569899999999997,0.3572065,0.3572065
2025-02-20 08:00:00,0.33252800000000005,8,3,2,0,0.3572065,0.33252800000000005,0.33252800000000005
2025-02-20 09:00:00,0.3183005,9,3,2,0,0.33252800000000005,0.3183005,0.3183005
2025-02-20 10:00:00,0.3156405,10,3,2,0,0.3183005,0.3156405,0.3156405
2025-02-20 11:00:00,0.343924,11,3,2,0,0.3156405,0.343924,0.343924
2025-02-20 12:00:00,0.3534195,12,3,2,0,0.343924,0.3534195,0.3534195
2025-02-20 13:00:00,0.3457545,13,3,2,0,0.3534195,0.3457545,0.3457545
2025-02-20 14:00:00,0.3343725,14,3,2,0,0.3457545,0.3343725,0.3343725
2025-02-20 15:00:00,0.3427865,15,3,2,0,0.3343725,0.3427865,0.3427865
2025-02-20 16:00:00,0.3797045,16,3,2,0,0.3427865,0.3797045,0.3797045
2025-02-20 17:00:00,0.471205,17,3,2,0,0.3797045,0.471205,0.471205
2025-02-20 18:00:00,0.5775315000000001,18,3,2,0,0.471205,0.5775315000000001,0.5775315000000001
2025-02-20 19:00:00,0.5864355,19,3,2,0,0.5775315000000001,0.5864355,0.5864355
2025-02-20 20:00:00,0.53438,20,3,2,0,0.5864355,0.53438,0.53438
2025-02-20 21:00:00,0.4739175,21,3,2,0,0.53438,0.4739175,0.4739175
2025-02-20 22:00:00,0.4162445,22,3,2,0,0.4739175,0.4162445,0.4162445
2025-02-20 23:00:00,0.335755,23,3,2,0,0.4162445,0.335755,0.335755
2025-02-21 00:00:00,0.26285000000000003,0,4,2,0,0.335755,0.26285000000000003,0.26285000000000003
2025-02-21 01:00:00,0.2284205,1,4,2,0,0.26285000000000003,0.2284205,0.2284205
2025-02-21 02:00:00,0.218365,2,4,2,0,0.2284205,0.218365,0.218365
2025-02-21 03:00:00,0.217455,3,4,2,0,0.218365,0.217455,0.217455
2025-02-21 04:00:00,0.22809500000000002,4,4,2,0,0.217455,0.22809500000000002,0.22809500000000002
2025-02-21 05:00:00,0.2598155,5,4,2,0,0.22809500000000002,0.2598155,0.2598155
2025-02-21 06:00:00,0.33569899999999997,6,4,2,0,0.2598155,0.33569899999999997,0.33569899999999997
2025-02-21 07:00:00,0.3572065,7,4,2,0,0.33569899999999997,0.3572065,0.3572065
2025-02-21 08:00:00,0.33252800000000005,8,4,2,0,0.3572065,0.33252800000000005,0.33252800000000005
2025-02-21 09:00:00,0.3183005,9,4,2,0,0.33252800000000005,0.3183005,0.3183005
2025-02-21 10:00:00,0.3156405,10,4,2,0,0.3183005,0.3156405,0.3156405
2025-02-21 11:00:00,0.343924,11,4,2,0,0.3156405,0.343924,0.343924
2025-02-21 12:00:00,0.3534195,12,4,2,0,0.343924,0.3534195,0.3534195
2025-02-21 13:00:00,0.3457545,13,4,2,0,0.3534195,0.3457545,0.3457545
2025-02-21 14:00:00,0.3343725,14,4,2,0,0.3457545,0.3343725,0.3343725
2025-02-21 15:00:00,0.3427865,15,4,2,0,0.3343725,0.3427865,0.3427865
2025-02-21 16:00:00,0.3797045,16,4,2,0,0.3427865,0.3797045,0.3797045
2025-02-21 17:00:00,0.471205,17,4,2,0,0.3797045,0.471205,0.471205
2025-02-21 18:00:00,0.5775315000000001,18,4,2,0,0.471205,0.5775315000000001,0.5775315000000001
2025-02-21 19:00:00,0.5864355,19,4,2,0,0.5775315000000001,0.5864355,0.5864355
2025-02-21 20:00:00,0.53438,20,4,2,0,0.5864355,0.53438,0.53438
2025-02-21 21:00:00,0.4739175,21,4,2,0,0.53438,0.4739175,0.4739175
2025-02-21 22:00:00,0.4162445,22,4,2,0,0.4739175,0.4162445,0.4162445
2025-02-21 23:00:00,0.335755,23,4,2,0,0.4162445,0.335755,0.335755
2025-02-22 00:00:00,0.288414,0,5,2,1,0.335755,0.26285000000000003,0.288414
2025-02-22 01:00:00,0.2477755,1,5,2,1,0.288414,0.2284205,0.2477755
2025-02-22 02:00:00,0.2296,2,5,2,1,0.2477755,0.218365,0.2296
2025-02-22 03:00:00,0.22394050000000001,3,5,2,1,0.2296,0.217455,0.22394050000000001
2025-02-22 04:00:00,0.2254105,4,5,2,1,0.22394050000000001,0.22809500000000002,0.2254105
2025-02-22 05:00:00,0.2297855,5,5,2,1,0.2254105,0.2598155,0.2297855
2025-02-22 06:00:00,0.2700985,6,5,2,1,0.2297855,0.33569899999999997,0.2700985
2025-02-22 07:00:00,0.347326,7,5,2,1,0.2700985,0.3572065,0.347326
2025-02-22 08:00:00,0.42574,8,5,2,1,0.347326,0.33252800000000005,0.42574
2025-02-22 09:00:00,0.46215399999999995,9,5,2,1,0.42574,0.3183005,0.46215399999999995
2025-02-22 10:00:00,0.48951350000000005,10,5,2,1,0.46215399999999995,0.3156405,0.48951350000000005
2025-02-22 11:00:00,0.5277405,11,5,2,1,0.48951350000000005,0.343924,0.5277405
2025-02-22 12:00:00,0.5159735,12,5,2,1,0.5277405,0.3534195,0.5159735
2025-02-22 13:00:00,0.48952750000000006,13,5,2,1,0.5159735,0.3457545,0.48952750000000006
2025-02-22 14:00:00,0.4719365,14,5,2,1,0.48952750000000006,0.3343725,0.4719365
2025-02-22 15:00:00,0.4702705,15,5,2,1,0.4719365,0.3427865,0.4702705
2025-02-22 16:00:00,0.484505,16,5,2,1,0.4702705,0.3797045,0.484505
2025-02-22 17:00:00,0.5497135,17,5,2,1,0.484505,0.471205,0.5497135
2025-02-22 18:00:00,0.616588,18,5,2,1,0.5497135,0.5775315000000001,0.616588
2025-02-22 19:00:00,0.5898025,19,5,2,1,0.616588,0.5864355,0.5898025
2025-02-22 20:00:00,0.527576,20,5,2,1,0.5898025,0.53438,0.527576
2025-02-22 21:00:00,0.47495,21,5,2,1,0.527576,0.4739175,0.47495
2025-02-22 22:00:00,0.43490300000000004,22,5,2,1,0.47495,0.4162445,0.43490300000000004
2025-02-22 23:00:00,0.36274,23,5,2,1,0.43490300000000004,0.335755,0.36274
2025-02-23 00:00:00,0.29959650000000004,0,6,2,1,0.36274,0.288414,0.29959650000000004
2025-02-23 01:00:00,0.257775,1,6,2,1,0.29959650000000004,0.2477755,0.257775
2025-02-23 02:00:00,0.237923,2,6,2,1,0.257775,0.2296,0.237923
2025-02-23 03:00:00,0.22974699999999998,3,6,2,1,0.237923,0.22394050000000001,0.22974699999999998
2025-02-23 04:00:00,0.22759800000000002,4,6,2,1,0.22974699999999998,0.2254105,0.22759800000000002
2025-02-23 05:00:00,0.2325785,5,6,2,1,0.22759800000000002,0.2297855,0.2325785
2025-02-23 06:00:00,0.2626155,6,6,2,1,0.2325785,0.2700985,0.2626155
2025-02-23 07:00:00,0.3340295,7,6,2,1,0.2626155,0.347326,0.3340295
2025-02-23 08:00:00,0.432054,8,6,2,1,0.3340295,0.42574,0.432054
2025-02-23 09:00:00,0.5020015,9,6,2,1,0.432054,0.46215399999999995,0.5020015
2025-02-23 10:00:00,0.55734,10,6,2,1,0.5020015,0.48951350000000005,0.55734
2025-02-23 11:00:00,0.6181805,11,6,2,1,0.55734,0.5277405,0.6181805
2025-02-23 12:00:00,0.5837300000000001,12,6,2,1,0.6181805,0.5159735,0.5837300000000001
2025-02-23 13:00:00,0.523859,13,6,2,1,0.5837300000000001,0.48952750000000006,0.523859
2025-02-23 14:00:00,0.4884985,14,6,2,1,0.523859,0.4719365,0.4884985
2025-02-23 15:00:00,0.471982,15,6,2,1,0.4884985,0.4702705,0.471982
2025-02-23 16:00:00,0.4819745,16,6,2,1,0.471982,0.484505,0.4819745
2025-02-23 17:00:00,0.5559995,17,6,2,1,0.4819745,0.5497135,0.5559995
2025-02-23 18:00:00,0.635453,18,6,2,1,0.5559995,0.616588,0.635453
2025-02-23 19:00:00,0.610204,19,6,2,1,0.635453,0.5898025,0.610204
2025-02-23 20:00:00,0.5419505,20,6,2,1,0.610204,0.527576,0.5419505
2025-02-23 21:00:00,0.473725,21,6,2,1,0.5419505,0.47495,0.473725
2025-02-23 22:00:00,0.41359500000000005,22,6,2,1,0.473725,0.43490300000000004,0.41359500000000005
2025-02-23 23:00:00,0.333263,23,6,2,1,0.41359500000000005,0.36274,0.333263
2025-02-24 00:00:00,0.26285000000000003,0,0,2,0,0.333263,0.29959650000000004,0.26285000000000003
2025-02-24 01:00:00,0.2284205,1,0,2,0,0.26285000000000003,0.257775,0.2284205
2025-02-24 02:00:00,0.218365,2,0,2,0,0.2284205,0.237923,0.218365
2025-02-24 03:00:00,0.217455,3,0,2,0,0.218365,0.22974699999999998,0.217455
2025-02-24 04:00:00,0.22809500000000002,4,0,2,0,0.217455,0.22759800000000002,0.22809500000000002
2025-02-24 05:00:00,0.2598155,5,0,2,0,0.22809500000000002,0.2325785,0.2598155
2025-02-24 06:00:00,0.33569899999999997,6,0,2,0,0.2598155,0.2626155,0.33569899999999997
2025-02-24 07:00:00,0.3572065,7,0,2,0,0.33569899999999997,0.3340295,0.3572065
2025-02-24 08:00:00,0.33252800000000005,8,0,2,0,0.3572065,0.432054,0.33252800000000005
2025-02-24 09:00:00,0.3183005,9,0,2,0,0.33252800000000005,0.5020015,0.3183005
2025-02-24 10:00:00,0.3156405,10,0,2,0,0.3183005,0.55734,0.3156405
2025-02-24 11:00:00,0.343924,11,0,2,0,0.3156405,0.6181805,0.343924
2025-02-24 12:00:00,0.3534195,12,0,2,0,0.343924,0.5837300000000001,0.3534195
2025-02-24 13:00:00,0.3457545,13,0,2,0,0.3534195,0.523859,0.3457545
2025-02-24 14:00:00,0.3343725,14,0,2,0,0.3457545,0.4884985,0.3343725
2025-02-24 15:00:00,0.3427865,15,0,2,0,0.3343725,0.471982,0.3427865
2025-02-24 16:00:00,0.3797045,16,0,2,0,0.3427865,0.4819745,0.3797045
2025-02-24 17:00:00,0.471205,17,0,2,0,0.3797045,0.5559995,0.471205
2025-02-24 18:00:00,0.5775315000000001,18,0,2,0,0.471205,0.635453,0.5775315000000001
2025-02-24 19:00:00,0.5864355,19,0,2,0,0.5775315000000001,0.610204,0.5864355
2025-02-24 20:00:00,0.53438,20,0,2,0,0.5864355,0.5419505,0.53438
2025-02-24 21:00:00,0.4739175,21,0,2,0,0.53438,0.473725,0.4739175
2025-02-24 22:00:00,0.4162445,22,0,2,0,0.4739175,0.41359500000000005,0.4162445
2025-02-24 23:00:00,0.335755,23,0,2,0,0.4162445,0.333263,0.335755
2025-02-25 00:00:00,0.26285000000000003,0,1,2,0,0.335755,0.26285000000000003,0.26285000000000003
2025-02-25 01:00:00,0.2284205,1,1,2,0,0.26285000000000003,0.2284205,0.2284205
2025-02-25 02:00:00,0.218365,2,1,2,0,0.2284205,0.218365,0.218365
2025-02-25 03:00:00,0.217455,3,1,2,0,0.218365,0.217455,0.217455
2025-02-25 04:00:00,0.22809500000000002,4,1,2,0,0.217455,0.22809500000000002,0.22809500000000002
2025-02-25 05:00:00,0.2598155,5,1,2,0,0.22809500000000002,0.2598155,0.2598155
2025-02-25 06:00:00,0.33569899999999997,6,1,2,0,0.2598155,0.33569899999999997,0.33569899999999997
2025-02-25 07:00:00,0.3572065,7,1,2,0,0.33569899999999997,0.3572065,0.3572065
2025-02-25 08:00:00,0.33252800000000005,8,1,2,0,0.3572065,0.33252800000000005,0.33252800000000005
2025-02-25 09:00:00,0.3183005,9,1,2,0,0.33252800000000005,0.3183005,0.3183005
2025-02-25 10:00:00,0.3156405,10,1,2,0,0.3183005,0.3156405,0.3156405
2025-02-25 11:00:00,0.343924,11,1,2,0,0.3156405,0.343924,0.343924
2025-02-25 12:00:00,0.3534195,12,1,2,0,0.343924,0.3534195,0.3534195
2025-02-25 13:00:00,0.3457545,13,1,2,0,0.3534195,0.3457545,0.3457545
2025-02-25 14:00:00,0.3343725,14,1,2,0,0.3457545,0.3343725,0.3343725
2025-02-25 15:00:00,0.3427865,15,1,2,0,0.3343725,0.3427865,0.3427865
2025-02-25 16:00:00,0.3797045,16,1,2,0,0.3427865,0.3797045,0.3797045
2025-02-25 17:00:00,0.471205,17,1,2,0,0.3797045,0.471205,0.471205
2025-02-25 18:00:00,0.5775315000000001,18,1,2,0,0.471205,0.5775315000000001,0.5775315000000001
2025-02-25 19:00:00,0.5864355,19,1,2,0,0.5775315000000001,0.5864355,0.5864355
2025-02-25 20:00:00,0.53438,20,1,2,0,0.5864355,0.53438,0.53438
2025-02-25 21:00:00,0.4739175,21,1,2,0,0.53438,0.4739175,0.4739175
2025-02-25 22:00:00,0.4162445,22,1,2,0,0.4739175,0.4162445,0.4162445
2025-02-25 23:00:00,0.335755,23,1,2,0,0.4162445,0.335755,0.335755
2025-02-26 00:00:00,0.26285000000000003,0,2,2,0,0.335755,0.26285000000000003,0.26285000000000003
2025-02-26 01:00:00,0.2284205,1,2,2,0,0.26285000000000003,0.2284205,0.2284205
2025-02-26 02:00:00,0.218365,2,2,2,0,0.2284205,0.218365,0.218365
2025-02-26 03:00:00,0.217455,3,2,2,0,0.218365,0.217455,0.217455
2025-02-26 04:00:00,0.22809500000000002,4,2,2,0,0.217455,0.22809500000000002,0.22809500000000002
2025-02-26 05:00:00,0.2598155,5,2,2,0,0.22809500000000002,0.2598155,0.2598155
2025-02-26 06:00:00,0.33569899999999997,6,2,2,0,0.2598155,0.33569899999999997,0.33569899999999997
2025-02-26 07:00:00,0.3572065,7,2,2,0,0.33569899999999997,0.3572065,0.3572065
2025-02-26 08:00:00,0.33252800000000005,8,2,2,0,0.3572065,0.33252800000000005,0.33252800000000005
2025-02-26 09:00:00,0.3183005,9,2,2,0,0.33252800000000005,0.3183005,0.3183005
2025-02-26 10:00:00,0.3156405,10,2,2,0,0.3183005,0.3156405,0.3156405
2025-02-26 11:00:00,0.343924,11,2,2,0,0.3156405,0.343924,0.343924
2025-02-26 12:00:00,0.3534195,12,2,2,0,0.343924,0.3534195,0.3534195
2025-02-26 13:00:00,0.3457545,13,2,2,0,0.3534195,0.3457545,0.3457545
2025-02-26 14:00:00,0.3343725,14,2,2,0,0.3457545,0.3343725,0.3343725
2025-02-26 15:00:00,0.3427865,15,2,2,0,0.3343725,0.3427865,0.3427865
2025-02-26 16:00:00,0.3797045,16,2,2,0,0.3427865,0.3797045,0.3797045
2025-02-26 17:00:00,0.471205,17,2,2,0,0.3797045,0.471205,0.471205
2025-02-26 18:00:00,0.5775315000000001,18,2,2,0,0.471205,0.5775315000000001,0.5775315000000001
2025-02-26 19:00:00,0.5864355,19,2,2,0,0.5775315000000001,0.5864355,0.5864355
2025-02-26 20:00:00,0.53438,20,2,2,0,0.5864355,0.53438,0.53438
2025-02-26 21:00:00,0.4739175,21,2,2,0,0.53438,0.4739175,0.4739175
2025-02-26 22:00:00,0.4162445,22,2,2,0,0.4739175,0.4162445,0.4162445
2025-02-26 23:00:00,0.335755,23,2,2,0,0.4162445,0.335755,0.335755
2025-02-27 00:00:00,0.26285000000000003,0,3,2,0,0.335755,0.26285000000000003,0.26285000000000003
2025-02-27 01:00:00,0.2284205,1,3,2,0,0.26285000000000003,0.2284205,0.2284205
2025-02-27 02:00:00,0.218365,2,3,2,0,0.2284205,0.218365,0.218365
2025-02-27 03:00:00,0.217455,3,3,2,0,0.218365,0.217455,0.217455
2025-02-27 04:00:00,0.22809500000000002,4,3,2,0,0.217455,0.22809500000000002,0.22809500000000002
2025-02-27 05:00:00,0.2598155,5,3,2,0,0.22809500000000002,0.2598155,0.2598155
2025-02-27 06:00:00,0.33569899999999997,6,3,2,0,0.2598155,0.33569899999999997,0.33569899999999997
2025-02-27 07:00:00,0.3572065,7,3,2,0,0.33569899999999997,0.3572065,0.3572065
2025-02-27 08:00:00,0.33252800000000005,8,3,2,0,0.3572065,0.33252800000000005,0.33252800000000005
2025-02-27 09:00:00,0.3183005,9,3,2,0,0.33252800000000005,0.3183005,0.3183005
2025-02-27 10:00:00,0.3156405,10,3,2,0,0.3183005,0.3156405,0.3156405
2025-02-27 11:00:00,0.343924,11,3,2,0,0.3156405,0.343924,0.343924
2025-02-27 12:00:00,0.3534195,12,3,2,0,0.343924,0.3534195,0.3534195
2025-02-27 13:00:00,0.3457545,13,3,2,0,0.3534195,0.3457545,0.3457545
2025-02-27 14:00:00,0.3343725,14,3,2,0,0.3457545,0.3343725,0.3343725
2025-02-27 15:00:00,0.3427865,15,3,2,0,0.3343725,0.3427865,0.3427865
2025-02-27 16:00:00,0.3797045,16,3,2,0,0.3427865,0.3797045,0.3797045
2025-02-27 17:00:00,0.471205,17,3,2,0,0.3797045,0.471205,0.471205
2025-02-27 18:00:00,0.5775315000000001,18,3,2,0,0.471205,0.5775315000000001,0.5775315000000001
2025-02-27 19:00:00,0.5864355,19,3,2,0,0.5775315000000001,0.5864355,0.5864355
2025-02-27 20:00:00,0.53438,20,3,2,0,0.5864355,0.53438,0.53438
2025-02-27 21:00:00,0.4739175,21,3,2,0,0.53438,0.4739175,0.4739175
2025-02-27 22:00:00,0.4162445,22,3,2,0,0.4739175,0.4162445,0.4162445
2025-02-27 23:00:00,0.335755,23,3,2,0,0.4162445,0.335755,0.335755
2025-02-28 00:00:00,0.26285000000000003,0,4,2,0,0.335755,0.26285000000000003,0.26285000000000003
2025-02-28 01:00:00,0.2284205,1,4,2,0,0.26285000000000003,0.2284205,0.2284205
2025-02-28 02:00:00,0.218365,2,4,2,0,0.2284205,0.218365,0.218365
2025-02-28 03:00:00,0.217455,3,4,2,0,0.218365,0.217455,0.217455
2025-02-28 04:00:00,0.22809500000000002,4,4,2,0,0.217455,0.22809500000000002,0.22809500000000002
2025-02-28 05:00:00,0.2598155,5,4,2,0,0.22809500000000002,0.2598155,0.2598155
2025-02-28 06:00:00,0.33569899999999997,6,4,2,0,0.2598155,0.33569899999999997,0.33569899999999997
2025-02-28 07:00:00,0.3572065,7,4,2,0,0.33569899999999997,0.3572065,0.3572065
2025-02-28 08:00:00,0.33252800000000005,8,4,2,0,0.3572065,0.33252800000000005,0.33252800000000005
2025-02-28 09:00:00,0.3183005,9,4,2,0,0.33252800000000005,0.3183005,0.3183005
2025-02-28 10:00:00,0.3156405,10,4,2,0,0.3183005,0.3156405,0.3156405
2025-02-28 11:00:00,0.343924,11,4,2,0,0.3156405,0.343924,0.343924
2025-02-28 12:00:00,0.3534195,12,4,2,0,0.343924,0.3534195,0.3534195
2025-02-28 13:00:00,0.3457545,13,4,2,0,0.3534195,0.3457545,0.3457545
2025-02-28 14:00:00,0.3343725,14,4,2,0,0.3457545,0.3343725,0.3343725
2025-02-28 15:00:00,0.3427865,15,4,2,0,0.3343725,0.3427865,0.3427865
2025-02-28 16:00:00,0.3797045,16,4,2,0,0.3427865,0.3797045,0.3797045
2025-02-28 17:00:00,0.471205,17,4,2,0,0.3797045,0.471205,0.471205
2025-02-28 18:00:00,0.5775315000000001,18,4,2,0,0.471205,0.5775315000000001,0.5775315000000001
2025-02-28 19:00:00,0.5864355,19,4,2,0,0.5775315000000001,0.5864355,0.5864355
2025-02-28 20:00:00,0.53438,20,4,2,0,0.5864355,0.53438,0.53438
2025-02-28 21:00:00,0.4739175,21,4,2,0,0.53438,0.4739175,0.4739175
2025-02-28 22:00:00,0.4162445,22,4,2,0,0.4739175,0.4162445,0.4162445
2025-02-28 23:00:00,0.335755,23,4,2,0,0.4162445,0.335755,0.335755
2025-03-01 00:00:00,0.28421050000000003,0,5,3,1,0.335755,0.26285000000000003,0.288414
2025-03-01 01:00:00,0.2457245,1,5,3,1,0.28421050000000003,0.2284205,0.2477755
2025-03-01 02:00:00,0.229635,2,5,3,1,0.2457245,0.218365,0.2296
2025-03-01 03:00:00,0.223944,3,5,3,1,0.229635,0.217455,0.22394050000000001
2025-03-01 04:00:00,0.22782550000000001,4,5,3,1,0.223944,0.22809500000000002,0.2254105
2025-03-01 05:00:00,0.2354485,5,5,3,1,0.22782550000000001,0.2598155,0.2297855
2025-03-01 06:00:00,0.27154049999999996,6,5,3,1,0.2354485,0.33569899999999997,0.2700985
2025-03-01 07:00:00,0.351463,7,5,3,1,0.27154049999999996,0.3572065,0.347326
2025-03-01 08:00:00,0.423248,8,5,3,1,0.351463,0.33252800000000005,0.42574
2025-03-01 09:00:00,0.45782449999999997,9,5,3,1,0.423248,0.3183005,0.46215399999999995
2025-03-01 10:00:00,0.4796925,10,5,3,1,0.45782449999999997,0.3156405,0.48951350000000005
2025-03-01 11:00:00,0.5140275000000001,11,5,3,1,0.4796925,0.343924,0.5277405
2025-03-01 12:00:00,0.503083,12,5,3,1,0.5140275000000001,0.3534195,0.5159735
2025-03-01 13:00:00,0.4773615,13,5,3,1,0.503083,0.3457545,0.48952750000000006
2025-03-01 14:00:00,0.4626195,14,5,3,1,0.4773615,0.3343725,0.4719365
2025-03-01 15:00:00,0.456631,15,5,3,1,0.4626195,0.3427865,0.4702705
2025-03-01 16:00:00,0.4641735,16,5,3,1,0.456631,0.3797045,0.484505
2025-03-01 17:00:00,0.5039965,17,5,3,1,0.4641735,0.471205,0.5497135
2025-03-01 18:00:00,0.567987,18,5,3,1,0.5039965,0.5775315000000001,0.616588
2025-03-01 19:00:00,0.581504,19,5,3,1,0.567987,0.5864355,0.5898025
2025-03-01 20:00:00,0.526575,20,5,3,1,0.581504,0.53438,0.527576
2025-03-01 21:00:00,0.471338,21,5,3,1,0.526575,0.4739175,0.47495
2025-03-01 22:00:00,0.4297615,22,5,3,1,0.471338,0.4162445,0.43490300000000004
2025-03-01 23:00:00,0.357455,23,5,3,1,0.4297615,0.335755,0.36274
2025-03-02 00:00:00,0.2953195,0,6,3,1,0.357455,0.28421050000000003,0.29959650000000004
2025-03-02 01:00:00,0.25612300000000005,1,6,3,1,0.2953195,0.2457245,0.257775
2025-03-02 02:00:00,0.239267,2,6,3,1,0.25612300000000005,0.229635,0.237923
2025-03-02 03:00:00,0.2313535,3,6,3,1,0.239267,0.223944,0.22974699999999998
2025-03-02 04:00:00,0.229663,4,6,3,1,0.2313535,0.22782550000000001,0.22759800000000002
2025-03-02 05:00:00,0.23733150000000003,5,6,3,1,0.229663,0.2354485,0.2325785
2025-03-02 06:00:00,0.2623915,6,6,3,1,0.23733150000000003,0.27154049999999996,0.2626155
2025-03-02 07:00:00,0.33152000000000004,7,6,3,1,0.2623915,0.351463,0.3340295
2025-03-02 08:00:00,0.42406,8,6,3,1,0.33152000000000004,0.423248,0.432054
2025-03-02 09:00:00,0.492863,9,6,3,1,0.42406,0.45782449999999997,0.5020015
2025-03-02 10:00:00,0.5450305,10,6,3,1,0.492863,0.4796925,0.55734
2025-03-02 11:00:00,0.60165,11,6,3,1,0.5450305,0.5140275000000001,0.6181805
2025-03-02 12:00:00,0.5700695,12,6,3,1,0.60165,0.503083,0.5837300000000001
2025-03-02 13:00:00,0.5125540000000001,13,6,3,1,0.5700695,0.4773615,0.523859
2025-03-02 14:00:00,0.473137,14,6,3,1,0.5125540000000001,0.4626195,0.4884985
2025-03-02 15:00:00,0.454118,15,6,3,1,0.473137,0.456631,0.471982
2025-03-02 16:00:00,0.4561655,16,6,3,1,0.454118,0.4641735,0.4819745
2025-03-02 17:00:00,0.506163,17,6,3,1,0.4561655,0.5039965,0.5559995
2025-03-02 18:00:00,0.575456,18,6,3,1,0.506163,0.567987,0.635453
2025-03-02 19:00:00,0.586719,19,6,3,1,0.575456,0.581504,0.610204
2025-03-02 20:00:00,0.5398400000000001,20,6,3,1,0.586719,0.526575,0.5419505
2025-03-02 21:00:00,0.47292,21,6,3,1,0.5398400000000001,0.471338,0.473725
2025-03-02 22:00:00,0.4127655,22,6,3,1,0.47292,0.4297615,0.41359500000000005
2025-03-02 23:00:00,0.32603550000000003,23,6,3,1,0.4127655,0.357455,0.333263
2025-03-03 00:00:00,0.255479,0,0,3,0,0.32603550000000003,0.2953195,0.26285000000000003
2025-03-03 01:00:00,0.2242555,1,0,3,0,0.255479,0.25612300000000005,0.2284205
2025-03-03 02:00:00,0.21427000000000002,2,0,3,0,0.2242555,0.239267,0.218365
2025-03-03 03:00:00,0.21432600000000002,3,0,3,0,0.21427000000000002,0.2313535,0.217455
2025-03-03 04:00:00,0.22702050000000001,4,0,3,0,0.21432600000000002,0.229663,0.22809500000000002
2025-03-03 05:00:00,0.26187,5,0,3,0,0.22702050000000001,0.23733150000000003,0.2598155
2025-03-03 06:00:00,0.327733,6,0,3,0,0.26187,0.2623915,0.33569899999999997
2025-03-03 07:00:00,0.3423,7,0,3,0,0.327733,0.33152000000000004,0.3572065
2025-03-03 08:00:00,0.3200995,8,0,3,0,0.3423,0.42406,0.33252800000000005
2025-03-03 09:00:00,0.30886800000000003,9,0,3,0,0.3200995,0.492863,0.3183005
2025-03-03 10:00:00,0.30976400000000004,10,0,3,0,0.30886800000000003,0.5450305,0.3156405
2025-03-03 11:00:00,0.339353,11,0,3,0,0.30976400000000004,0.60165,0.343924
2025-03-03 12:00:00,0.3519285,12,0,3,0,0.339353,0.5700695,0.3534195
2025-03-03 13:00:00,0.34739600000000004,13,0,3,0,0.3519285,0.5125540000000001,0.3457545
2025-03-03 14:00:00,0.33845000000000003,14,0,3,0,0.34739600000000004,0.473137,0.3343725
2025-03-03 15:00:00,0.346556,15,0,3,0,0.33845000000000003,0.454118,0.3427865
2025-03-03 16:00:00,0.3757005,16,0,3,0,0.346556,0.4561655,0.3797045
2025-03-03 17:00:00,0.442113,17,0,3,0,0.3757005,0.506163,0.471205
2025-03-03 18:00:00,0.5379255000000001,18,0,3,0,0.442113,0.575456,0.5775315000000001
2025-03-03 19:00:00,0.5786235,19,0,3,0,0.5379255000000001,0.586719,0.5864355
2025-03-03 20:00:00,0.5299524999999999,20,0,3,0,0.5786235,0.5398400000000001,0.53438
2025-03-03 21:00:00,0.46819500000000003,21,0,3,0,0.5299524999999999,0.47292,0.4739175
2025-03-03 22:00:00,0.41027,22,0,3,0,0.46819500000000003,0.4127655,0.4162445
2025-03-03 23:00:00,0.3236485,23,0,3,0,0.41027,0.32603550000000003,0.335755
2025-03-04 00:00:00,0.255479,0,1,3,0,0.3236485,0.255479,0.26285000000000003
2025-03-04 01:00:00,0.2242555,1,1,3,0,0.255479,0.2242555,0.2284205
2025-03-04 02:00:00,0.21427000000000002,2,1,3,0,0.2242555,0.21427000000000002,0.218365
2025-03-04 03:00:00,0.21432600000000002,3,1,3,0,0.21427000000000002,0.21432600000000002,0.217455
2025-03-04 04:00:00,0.22702050000000001,4,1,3,0,0.21432600000000002,0.22702050000000001,0.22809500000000002
2025-03-04 05:00:00,0.26187,5,1,3,0,0.22702050000000001,0.26187,0.2598155
2025-03-04 06:00:00,0.327733,6,1,3,0,0.26187,0.327733,0.33569899999999997
2025-03-04 07:00:00,0.3423,7,1,3,0,0.327733,0.3423,0.3572065
2025-03-04 08:00:00,0.3200995,8,1,3,0,0.3423,0.3200995,0.33252800000000005
2025-03-04 09:00:00,0.30886800000000003,9,1,3,0,0.3200995,0.30886800000000003,0.3183005
2025-03-04 10:00:00,0.30976400000000004,10,1,3,0,0.30886800000000003,0.30976400000000004,0.3156405
2025-03-04 11:00:00,0.339353,11,1,3,0,0.30976400000000004,0.339353,0.343924
2025-03-04 12:00:00,0.3519285,12,1,3,0,0.339353,0.3519285,0.3534195
2025-03-04 13:00:00,0.34739600000000004,13,1,3,0,0.3519285,0.34739600000000004,0.3457545
2025-03-04 14:00:00,0.33845000000000003,14,1,3,0,0.34739600000000004,0.33845000000000003,0.3343725
2025-03-04 15:00:00,0.346556,15,1,3,0,0.33845000000000003,0.346556,0.3427865
2025-03-04 16:00:00,0.3757005,16,1,3,0,0.346556,0.3757005,0.3797045
2025-03-04 17:00:00,0.442113,17,1,3,0,0.3757005,0.442113,0.471205
2025-03-04 18:00:00,0.5379255000000001,18,1,3,0,0.442113,0.5379255000000001,0.5775315000000001
2025-03-04 19:00:00,0.5786235,19,1,3,0,0.5379255000000001,0.5786235,0.5864355
2025-03-04 20:00:00,0.5299524999999999,20,1,3,0,0.5786235,0.5299524999999999,0.53438
2025-03-04 21:00:00,0.46819500000000003,21,1,3,0,0.5299524999999999,0.46819500000000003,0.4739175
2025-03-04 22:00:00,0.41027,22,1,3,0,0.46819500000000003,0.41027,0.4162445
2025-03-04 23:00:00,0.3236485,23,1,3,0,0.41027,0.3236485,0.335755
2025-03-05 00:00:00,0.255479,0,2,3,0,0.3236485,0.255479,0.26285000000000003
2025-03-05 01:00:00,0.2242555,1,2,3,0,0.255479,0.2242555,0.2284205
2025-03-05 02:00:00,0.21427000000000002,2,2,3,0,0.2242555,0.21427000000000002,0.218365
2025-03-05 03:00:00,0.21432600000000002,3,2,3,0,0.21427000000000002,0.21432600000000002,0.217455
2025-03-05 04:00:00,0.22702050000000001,4,2,3,0,0.21432600000000002,0.22702050000000001,0.22809500000000002
2025-03-05 05:00:00,0.26187,5,2,3,0,0.22702050000000001,0.26187,0.2598155
2025-03-05 06:00:00,0.327733,6,2,3,0,0.26187,0.327733,0.33569899999999997
2025-03-05 07:00:00,0.3423,7,2,3,0,0.327733,0.3423,0.3572065
2025-03-05 08:00:00,0.3200995,8,2,3,0,0.3423,0.3200995,0.33252800000000005
2025-03-05 09:00:00,0.30886800000000003,9,2,3,0,0.3200995,0.30886800000000003,0.3183005
2025-03-05 10:00:00,0.30976400000000004,10,2,3,0,0.30886800000000003,0.30976400000000004,0.3156405
2025-03-05 11:00:00,0.339353,11,2,3,0,0.30976400000000004,0.339353,0.343924
2025-03-05 12:00:00,0.3519285,12,2,3,0,0.339353,0.3519285,0.3534195
2025-03-05 13:00:00,0.34739600000000004,13,2,3,0,0.3519285,0.34739600000000004,0.3457545
2025-03-05 14:00:00,0.33845000000000003,14,2,3,0,0.34739600000000004,0.33845000000000003,0.3343725
2025-03-05 15:00:00,0.346556,15,2,3,0,0.33845000000000003,0.346556,0.3427865
2025-03-05 16:00:00,0.3757005,16,2,3,0,0.346556,0.3757005,0.3797045
2025-03-05 17:00:00,0.442113,17,2,3,0,0.3757005,0.442113,0.471205
2025-03-05 18:00:00,0.5379255000000001,18,2,3,0,0.442113,0.5379255000000001,0.5775315000000001
2025-03-05 19:00:00,0.5786235,19,2,3,0,0.5379255000000001,0.5786235,0.5864355
2025-03-05 20:00:00,0.5299524999999999,20,2,3,0,0.5786235,0.5299524999999999,0.53438
2025-03-05 21:00:00,0.46819500000000003,21,2,3,0,0.5299524999999999,0.46819500000000003,0.4739175
2025-03-05 22:00:00,0.41027,22,2,3,0,0.46819500000000003,0.41027,0.4162445
2025-03-05 23:00:00,0.3236485,23,2,3,0,0.41027,0.3236485,0.335755
2025-03-06 00:00:00,0.255479,0,3,3,0,0.3236485,0.255479,0.26285000000000003
2025-03-06 01:00:00,0.2242555,1,3,3,0,0.255479,0.2242555,0.2284205
2025-03-06 02:00:00,0.21427000000000002,2,3,3,0,0.2242555,0.21427000000000002,0.218365
2025-03-06 03:00:00,0.21432600000000002,3,3,3,0,0.21427000000000002,0.21432600000000002,0.217455
2025-03-06 04:00:00,0.22702050000000001,4,3,3,0,0.21432600000000002,0.22702050000000001,0.22809500000000002
2025-03-06 05:00:00,0.26187,5,3,3,0,0.22702050000000001,0.26187,0.2598155
2025-03-06 06:00:00,0.327733,6,3,3,0,0.26187,0.327733,0.33569899999999997
2025-03-06 07:00:00,0.3423,7,3,3,0,0.327733,0.3423,0.3572065
2025-03-06 08:00:00,0.3200995,8,3,3,0,0.3423,0.3200995,0.33252800000000005
2025-03-06 09:00:00,0.30886800000000003,9,3,3,0,0.3200995,0.30886800000000003,0.3183005
2025-03-06 10:00:00,0.30976400000000004,10,3,3,0,0.30886800000000003,0.30976400000000004,0.3156405
2025-03-06 11:00:00,0.339353,11,3,3,0,0.30976400000000004,0.339353,0.343924
2025-03-06 12:00:00,0.3519285,12,3,3,0,0.339353,0.3519285,0.3534195
2025-03-06 13:00:00,0.34739600000000004,13,3,3,0,0.3519285,0.34739600000000004,0.3457545
2025-03-06 14:00:00,0.33845000000000003,14,3,3,0,0.34739600000000004,0.33845000000000003,0.3343725
2025-03-06 15:00:00,0.346556,15,3,3,0,0.33845000000000003,0.346556,0.3427865
2025-03-06 16:00:00,0.3757005,16,3,3,0,0.346556,0.3757005,0.3797045
2025-03-06 17:00:00,0.442113,17,3,3,0,0.3757005,0.442113,0.471205
2025-03-06 18:00:00,0.5379255000000001,18,3,3,0,0.442113,0.5379255000000001,0.5775315000000001
2025-03-06 19:00:00,0.5786235,19,3,3,0,0.5379255000000001,0.5786235,0.5864355
2025-03-06 20:00:00,0.5299524999999999,20,3,3,0,0.5786235,0.5299524999999999,0.53438
2025-03-06 21:00:00,0.46819500000000003,21,3,3,0,0.5299524999999999,0.46819500000000003,0.4739175
2025-03-06 22:00:00,0.41027,22,3,3,0,0.46819500000000003,0.41027,0.4162445
2025-03-06 23:00:00,0.3236485,23,3,3,0,0.41027,0.3236485,0.335755
2025-03-07 00:00:00,0.255479,0,4,3,0,0.3236485,0.255479,0.26285000000000003
2025-03-07 01:00:00,0.2242555,1,4,3,0,0.255479,0.2242555,0.2284205
2025-03-07 02:00:00,0.21427000000000002,2,4,3,0,0.2242555,0.21427000000000002,0.218365
2025-03-07 03:00:00,0.21432600000000002,3,4,3,0,0.21427000000000002,0.21432600000000002,0.217455
2025-03-07 04:00:00,0.22702050000000001,4,4,3,0,0.21432600000000002,0.22702050000000001,0.22809500000000002
2025-03-07 05:00:00,0.26187,5,4,3,0,0.22702050000000001,0.26187,0.2598155
2025-03-07 06:00:00,0.327733,6,4,3,0,0.26187,0.327733,0.33569899999999997
2025-03-07 07:00:00,0.3423,7,4,3,0,0.327733,0.3423,0.3572065
2025-03-07 08:00:00,0.3200995,8,4,3,0,0.3423,0.3200995,0.33252800000000005
2025-03-07 09:00:00,0.30886800000000003,9,4,3,0,0.3200995,0.30886800000000003,0.3183005
2025-03-07 10:00:00,0.30976400000000004,10,4,3,0,0.30886800000000003,0.30976400000000004,0.3156405
2025-03-07 11:00:00,0.339353,11,4,3,0,0.30976400000000004,0.339353,0.343924
2025-03-07 12:00:00,0.3519285,12,4,3,0,0.339353,0.3519285,0.3534195
2025-03-07 13:00:00,0.34739600000000004,13,4,3,0,0.3519285,0.34739600000000004,0.3457545
2025-03-07 14:00:00,0.33845000000000003,14,4,3,0,0.34739600000000004,0.33845000000000003,0.3343725
2025-03-07 15:00:00,0.346556,15,4,3,0,0.33845000000000003,0.346556,0.3427865
2025-03-07 16:00:00,0.3757005,16,4,3,0,0.346556,0.3757005,0.3797045
2025-03-07 17:00:00,0.442113,17,4,3,0,0.3757005,0.442113,0.471205
2025-03-07 18:00:00,0.5379255000000001,18,4,3,0,0.442113,0.5379255000000001,0.5775315000000001
2025-03-07 19:00:00,0.5786235,19,4,3,0,0.5379255000000001,0.5786235,0.5864355
2025-03-07 20:00:00,0.5299524999999999,20,4,3,0,0.5786235,0.5299524999999999,0.53438
2025-03-07 21:00:00,0.46819500000000003,21,4,3,0,0.5299524999999999,0.46819500000000003,0.4739175
2025-03-07 22:00:00,0.41027,22,4,3,0,0.46819500000000003,0.41027,0.4162445
2025-03-07 23:00:00,0.3236485,23,4,3,0,0.41027,0.3236485,0.335755
2025-03-08 00:00:00,0.28421050000000003,0,5,3,1,0.3236485,0.255479,0.28421050000000003
2025-03-08 01:00:00,0.2457245,1,5,3,1,0.28421050000000003,0.2242555,0.2457245
2025-03-08 02:00:00,0.229635,2,5,3,1,0.2457245,0.21427000000000002,0.229635
2025-03-08 03:00:00,0.223944,3,5,3,1,0.229635,0.21432600000000002,0.223944
2025-03-08 04:00:00,0.22782550000000001,4,5,3,1,0.223944,0.22702050000000001,0.22782550000000001
2025-03-08 05:00:00,0.2354485,5,5,3,1,0.22782550000000001,0.26187,0.2354485
2025-03-08 06:00:00,0.27154049999999996,6,5,3,1,0.2354485,0.327733,0.27154049999999996
2025-03-08 07:00:00,0.351463,7,5,3,1,0.27154049999999996,0.3423,0.351463
2025-03-08 08:00:00,0.423248,8,5,3,1,0.351463,0.3200995,0.423248
2025-03-08 09:00:00,0.45782449999999997,9,5,3,1,0.423248,0.30886800000000003,0.45782449999999997
2025-03-08 10:00:00,0.4796925,10,5,3,1,0.45782449999999997,0.30976400000000004,0.4796925
2025-03-08 11:00:00,0.5140275000000001,11,5,3,1,0.4796925,0.339353,0.5140275000000001
2025-03-08 12:00:00,0.503083,12,5,3,1,0.5140275000000001,0.3519285,0.503083
2025-03-08 13:00:00,0.4773615,13,5,3,1,0.503083,0.34739600000000004,0.4773615
2025-03-08 14:00:00,0.4626195,14,5,3,1,0.4773615,0.33845000000000003,0.4626195
2025-03-08 15:00:00,0.456631,15,5,3,1,0.4626195,0.346556,0.456631
2025-03-08 16:00:00,0.4641735,16,5,3,1,0.456631,0.3757005,0.4641735
2025-03-08 17:00:00,0.5039965,17,5,3,1,0.4641735,0.442113,0.5039965
2025-03-08 18:00:00,0.567987,18,5,3,1,0.5039965,0.5379255000000001,0.567987
2025-03-08 19:00:00,0.581504,19,5,3,1,0.567987,0.5786235,0.581504
2025-03-08 20:00:00,0.526575,20,5,3,1,0.581504,0.5299524999999999,0.526575
2025-03-08 21:00:00,0.471338,21,5,3,1,0.526575,0.46819500000000003,0.471338
2025-03-08 22:00:00,0.4297615,22,5,3,1,0.471338,0.41027,0.4297615
2025-03-08 23:00:00,0.357455,23,5,3,1,0.4297615,0.3236485,0.357455
2025-03-09 00:00:00,0.2953195,0,6,3,1,0.357455,0.28421050000000003,0.2953195
2025-03-09 01:00:00,0.25612300000000005,1,6,3,1,0.2953195,0.2457245,0.25612300000000005
2025-03-09 02:00:00,0.239267,2,6,3,1,0.25612300000000005,0.229635,0.239267
2025-03-09 03:00:00,0.2313535,3,6,3,1,0.239267,0.223944,0.2313535
2025-03-09 04:00:00,0.229663,4,6,3,1,0.2313535,0.22782550000000001,0.229663
2025-03-09 05:00:00,0.23733150000000003,5,6,3,1,0.229663,0.2354485,0.23733150000000003
2025-03-09 06:00:00,0.2623915,6,6,3,1,0.23733150000000003,0.27154049999999996,0.2623915
2025-03-09 07:00:00,0.33152000000000004,7,6,3,1,0.2623915,0.351463,0.33152000000000004
2025-03-09 08:00:00,0.42406,8,6,3,1,0.33152000000000004,0.423248,0.42406
2025-03-09 09:00:00,0.492863,9,6,3,1,0.42406,0.45782449999999997,0.492863
2025-03-09 10:00:00,0.5450305,10,6,3,1,0.492863,0.4796925,0.5450305
2025-03-09 11:00:00,0.60165,11,6,3,1,0.5450305,0.5140275000000001,0.60165
2025-03-09 12:00:00,0.5700695,12,6,3,1,0.60165,0.503083,0.5700695
2025-03-09 13:00:00,0.5125540000000001,13,6,3,1,0.5700695,0.4773615,0.5125540000000001
2025-03-09 14:00:00,0.473137,14,6,3,1,0.5125540000000001,0.4626195,0.473137
2025-03-09 15:00:00,0.454118,15,6,3,1,0.473137,0.456631,0.454118
2025-03-09 16:00:00,0.4561655,16,6,3,1,0.454118,0.4641735,0.4561655
2025-03-09 17:00:00,0.506163,17,6,3,1,0.4561655,0.5039965,0.506163
2025-03-09 18:00:00,0.575456,18,6,3,1,0.506163,0.567987,0.575456
2025-03-09 19:00:00,0.586719,19,6,3,1,0.575456,0.581504,0.586719
2025-03-09 20:00:00,0.5398400000000001,20,6,3,1,0.586719,0.526575,0.5398400000000001
2025-03-09 21:00:00,0.47292,21,6,3,1,0.5398400000000001,0.471338,0.47292
2025-03-09 22:00:00,0.4127655,22,6,3,1,0.47292,0.4297615,0.4127655
2025-03-09 23:00:00,0.32603550000000003,23,6,3,1,0.4127655,0.357455,0.32603550000000003
2025-03-10 00:00:00,0.255479,0,0,3,0,0.32603550000000003,0.2953195,0.255479
2025-03-10 01:00:00,0.2242555,1,0,3,0,0.255479,0.25612300000000005,0.2242555
2025-03-10 02:00:00,0.21427000000000002,2,0,3,0,0.2242555,0.239267,0.21427000000000002
2025-03-10 03:00:00,0.21432600000000002,3,0,3,0,0.21427000000000002,0.2313535,0.21432600000000002
2025-03-10 04:00:00,0.22702050000000001,4,0,3,0,0.21432600000000002,0.229663,0.22702050000000001
2025-03-10 05:00:00,0.26187,5,0,3,0,0.22702050000000001,0.23733150000000003,0.26187
2025-03-10 06:00:00,0.327733,6,0,3,0,0.26187,0.2623915,0.327733
2025-03-10 07:00:00,0.3423,7,0,3,0,0.327733,0.33152000000000004,0.3423
2025-03-10 08:00:00,0.3200995,8,0,3,0,0.3423,0.42406,0.3200995
2025-03-10 09:00:00,0.30886800000000003,9,0,3,0,0.3200995,0.492863,0.30886800000000003
2025-03-10 10:00:00,0.30976400000000004,10,0,3,0,0.30886800000000003,0.5450305,0.30976400000000004
2025-03-10 11:00:00,0.339353,11,0,3,0,0.30976400000000004,0.60165,0.339353
2025-03-10 12:00:00,0.3519285,12,0,3,0,0.339353,0.5700695,0.3519285
2025-03-10 13:00:00,0.34739600000000004,13,0,3,0,0.3519285,0.5125540000000001,0.34739600000000004
2025-03-10 14:00:00,0.33845000000000003,14,0,3,0,0.34739600000000004,0.473137,0.33845000000000003
2025-03-10 15:00:00,0.346556,15,0,3,0,0.33845000000000003,0.454118,0.346556
2025-03-10 16:00:00,0.3757005,16,0,3,0,0.346556,0.4561655,0.3757005
2025-03-10 17:00:00,0.442113,17,0,3,0,0.3757005,0.506163,0.442113
2025-03-10 18:00:00,0.5379255000000001,18,0,3,0,0.442113,0.575456,0.5379255000000001
2025-03-10 19:00:00,0.5786235,19,0,3,0,0.5379255000000001,0.586719,0.5786235
2025-03-10 20:00:00,0.5299524999999999,20,0,3,0,0.5786235,0.5398400000000001,0.5299524999999999
2025-03-10 21:00:00,0.46819500000000003,21,0,3,0,0.5299524999999999,0.47292,0.46819500000000003
2025-03-10 22:00:00,0.41027,22,0,3,0,0.46819500000000003,0.4127655,0.41027
2025-03-10 23:00:00,0.3236485,23,0,3,0,0.41027,0.32603550000000003,0.3236485
2025-03-11 00:00:00,0.255479,0,1,3,0,0.3236485,0.255479,0.255479
2025-03-11 01:00:00,0.2242555,1,1,3,0,0.255479,0.2242555,0.2242555
2025-03-11 02:00:00,0.21427000000000002,2,1,3,0,0.2242555,0.21427000000000002,0.21427000000000002
2025-03-11 03:00:00,0.21432600000000002,3,1,3,0,0.21427000000000002,0.21432600000000002,0.21432600000000002
2025-03-11 04:00:00,0.22702050000000001,4,1,3,0,0.21432600000000002,0.22702050000000001,0.22702050000000001
2025-03-11 05:00:00,0.26187,5,1,3,0,0.22702050000000001,0.26187,0.26187
2025-03-11 06:00:00,0.327733,6,1,3,0,0.26187,0.327733,0.327733
2025-03-11 07:00:00,0.3423,7,1,3,0,0.327733,0.3423,0.3423
2025-03-11 08:00:00,0.3200995,8,1,3,0,0.3423,0.3200995,0.3200995
2025-03-11 09:00:00,0.30886800000000003,9,1,3,0,0.3200995,0.30886800000000003,0.30886800000000003
2025-03-11 10:00:00,0.30976400000000004,10,1,3,0,0.30886800000000003,0.30976400000000004,0.30976400000000004
2025-03-11 11:00:00,0.339353,11,1,3,0,0.30976400000000004,0.339353,0.339353
2025-03-11 12:00:00,0.3519285,12,1,3,0,0.339353,0.3519285,0.3519285
2025-03-11 13:00:00,0.34739600000000004,13,1,3,0,0.3519285,0.34739600000000004,0.34739600000000004
2025-03-11 14:00:00,0.33845000000000003,14,1,3,0,0.34739600000000004,0.33845000000000003,0.33845000000000003
2025-03-11 15:00:00,0.346556,15,1,3,0,0.33845000000000003,0.346556,0.346556
2025-03-11 16:00:00,0.3757005,16,1,3,0,0.346556,0.3757005,0.3757005
2025-03-11 17:00:00,0.442113,17,1,3,0,0.3757005,0.442113,0.442113
2025-03-11 18:00:00,0.5379255000000001,18,1,3,0,0.442113,0.5379255000000001,0.5379255000000001
2025-03-11 19:00:00,0.5786235,19,1,3,0,0.5379255000000001,0.5786235,0.5786235
2025-03-11 20:00:00,0.5299524999999999,20,1,3,0,0.5786235,0.5299524999999999,0.5299524999999999
2025-03-11 21:00:00,0.46819500000000003,21,1,3,0,0.5299524999999999,0.46819500000000003,0.46819500000000003
2025-03-11 22:00:00,0.41027,22,1,3,0,0.46819500000000003,0.41027,0.41027
2025-03-11 23:00:00,0.3236485,23,1,3,0,0.41027,0.3236485,0.3236485
2025-03-12 00:00:00,0.255479,0,2,3,0,0.3236485,0.255479,0.255479
2025-03-12 01:00:00,0.2242555,1,2,3,0,0.255479,0.2242555,0.2242555
2025-03-12 02:00:00,0.21427000000000002,2,2,3,0,0.2242555,0.21427000000000002,0.21427000000000002
2025-03-12 03:00:00,0.21432600000000002,3,2,3,0,0.21427000000000002,0.21432600000000002,0.21432600000000002
2025-03-12 04:00:00,0.22702050000000001,4,2,3,0,0.21432600000000002,0.22702050000000001,0.22702050000000001
2025-03-12 05:00:00,0.26187,5,2,3,0,0.22702050000000001,0.26187,0.26187
2025-03-12 06:00:00,0.327733,6,2,3,0,0.26187,0.327733,0.327733
2025-03-12 07:00:00,0.3423,7,2,3,0,0.327733,0.3423,0.3423
2025-03-12 08:00:00,0.3200995,8,2,3,0,0.3423,0.3200995,0.3200995
2025-03-12 09:00:00,0.30886800000000003,9,2,3,0,0.3200995,0.30886800000000003,0.30886800000000003
2025-03-12 10:00:00,0.30976400000000004,10,2,3,0,0.30886800000000003,0.30976400000000004,0.30976400000000004
2025-03-12 11:00:00,0.339353,11,2,3,0,0.30976400000000004,0.339353,0.339353
2025-03-12 12:00:00,0.3519285,12,2,3,0,0.339353,0.3519285,0.3519285
2025-03-12 13:00:00,0.34739600000000004,13,2,3,0,0.3519285,0.34739600000000004,0.34739600000000004
2025-03-12 14:00:00,0.33845000000000003,14,2,3,0,0.34739600000000004,0.33845000000000003,0.33845000000000003
2025-03-12 15:00:00,0.346556,15,2,3,0,0.33845000000000003,0.346556,0.346556
2025-03-12 16:00:00,0.3757005,16,2,3,0,0.346556,0.3757005,0.3757005
2025-03-12 17:00:00,0.442113,17,2,3,0,0.3757005,0.442113,0.442113
2025-03-12 18:00:00,0.5379255000000001,18,2,3,0,0.442113,0.5379255000000001,0.5379255000000001
2025-03-12 19:00:00,0.5786235,19,2,3,0,0.5379255000000001,0.5786235,0.5786235
2025-03-12 20:00:00,0.5299524999999999,20,2,3,0,0.5786235,0.5299524999999999,0.5299524999999999
2025-03-12 21:00:00,0.46819500000000003,21,2,3,0,0.5299524999999999,0.46819500000000003,0.46819500000000003
2025-03-12 22:00:00,0.41027,22,2,3,0,0.46819500000000003,0.41027,0.41027
2025-03-12 23:00:00,0.3236485,23,2,3,0,0.41027,0.3236485,0.3236485
2025-03-13 00:00:00,0.255479,0,3,3,0,0.3236485,0.255479,0.255479
2025-03-13 01:00:00,0.2242555,1,3,3,0,0.255479,0.2242555,0.2242555
2025-03-13 02:00:00,0.21427000000000002,2,3,3,0,0.2242555,0.21427000000000002,0.21427000000000002
2025-03-13 03:00:00,0.21432600000000002,3,3,3,0,0.21427000000000002,0.21432600000000002,0.21432600000000002
2025-03-13 04:00:00,0.22702050000000001,4,3,3,0,0.21432600000000002,0.22702050000000001,0.22702050000000001
2025-03-13 05:00:00,0.26187,5,3,3,0,0.22702050000000001,0.26187,0.26187
2025-03-13 06:00:00,0.327733,6,3,3,0,0.26187,0.327733,0.327733
2025-03-13 07:00:00,0.3423,7,3,3,0,0.327733,0.3423,0.3423
2025-03-13 08:00:00,0.3200995,8,3,3,0,0.3423,0.3200995,0.3200995
2025-03-13 09:00:00,0.30886800000000003,9,3,3,0,0.3200995,0.30886800000000003,0.30886800000000003
2025-03-13 10:00:00,0.30976400000000004,10,3,3,0,0.30886800000000003,0.30976400000000004,0.30976400000000004
2025-03-13 11:00:00,0.339353,11,3,3,0,0.30976400000000004,0.339353,0.339353
2025-03-13 12:00:00,0.3519285,12,3,3,0,0.339353,0.3519285,0.3519285
2025-03-13 13:00:00,0.34739600000000004,13,3,3,0,0.3519285,0.34739600000000004,0.34739600000000004
2025-03-13 14:00:00,0.33845000000000003,14,3,3,0,0.34739600000000004,0.33845000000000003,0.33845000000000003
2025-03-13 15:00:00,0.346556,15,3,3,0,0.33845000000000003,0.346556,0.346556
2025-03-13 16:00:00,0.3757005,16,3,3,0,0.346556,0.3757005,0.3757005
2025-03-13 17:00:00,0.442113,17,3,3,0,0.3757005,0.442113,0.442113
2025-03-13 18:00:00,0.5379255000000001,18,3,3,0,0.442113,0.5379255000000001,0.5379255000000001
2025-03-13 19:00:00,0.5786235,19,3,3,0,0.5379255000000001,0.5786235,0.5786235
2025-03-13 20:00:00,0.5299524999999999,20,3,3,0,0.5786235,0.5299524999999999,0.5299524999999999
2025-03-13 21:00:00,0.46819500000000003,21,3,3,0,0.5299524999999999,0.46819500000000003,0.46819500000000003
2025-03-13 22:00:00,0.41027,22,3,3,0,0.46819500000000003,0.41027,0.41027
2025-03-13 23:00:00,0.3236485,23,3,3,0,0.41027,0.3236485,0.3236485
2025-03-14 00:00:00,0.255479,0,4,3,0,0.3236485,0.255479,0.255479
2025-03-14 01:00:00,0.2242555,1,4,3,0,0.255479,0.2242555,0.2242555
2025-03-14 02:00:00,0.21427000000000002,2,4,3,0,0.2242555,0.21427000000000002,0.21427000000000002
2025-03-14 03:00:00,0.21432600000000002,3,4,3,0,0.21427000000000002,0.21432600000000002,0.21432600000000002
2025-03-14 04:00:00,0.22702050000000001,4,4,3,0,0.21432600000000002,0.22702050000000001,0.22702050000000001
2025-03-14 05:00:00,0.26187,5,4,3,0,0.22702050000000001,0.26187,0.26187
2025-03-14 06:00:00,0.327733,6,4,3,0,0.26187,0.327733,0.327733
2025-03-14 07:00:00,0.3423,7,4,3,0,0.327733,0.3423,0.3423
2025-03-14 08:00:00,0.3200995,8,4,3,0,0.3423,0.3200995,0.3200995
2025-03-14 09:00:00,0.30886800000000003,9,4,3,0,0.3200995,0.30886800000000003,0.30886800000000003
2025-03-14 10:00:00,0.30976400000000004,10,4,3,0,0.30886800000000003,0.30976400000000004,0.30976400000000004
2025-03-14 11:00:00,0.339353,11,4,3,0,0.30976400000000004,0.339353,0.339353
2025-03-14 12:00:00,0.3519285,12,4,3,0,0.339353,0.3519285,0.3519285
2025-03-14 13:00:00,0.34739600000000004,13,4,3,0,0.3519285,0.34739600000000004,0.34739600000000004
2025-03-14 14:00:00,0.33845000000000003,14,4,3,0,0.34739600000000004,0.33845000000000003,0.33845000000000003
2025-03-14 15:00:00,0.346556,15,4,3,0,0.33845000000000003,0.346556,0.346556
2025-03-14 16:00:00,0.3757005,16,4,3,0,0.346556,0.3757005,0.3757005
2025-03-14 17:00:00,0.442113,17,4,3,0,0.3757005,0.442113,0.442113
2025-03-14 18:00:00,0.5379255000000001,18,4,3,0,0.442113,0.5379255000000001,0.5379255000000001
2025-03-14 19:00:00,0.5786235,19,4,3,0,0.5379255000000001,0.5786235,0.5786235
2025-03-14 20:00:00,0.5299524999999999,20,4,3,0,0.5786235,0.5299524999999999,0.5299524999999999
2025-03-14 21:00:00,0.46819500000000003,21,4,3,0,0.5299524999999999,0.46819500000000003,0.46819500000000003
2025-03-14 22:00:00,0.41027,22,4,3,0,0.46819500000000003,0.41027,0.41027
2025-03-14 23:00:00,0.3236485,23,4,3,0,0.41027,0.3236485,0.3236485
2025-03-15 00:00:00,0.28421050000000003,0,5,3,1,0.3236485,0.255479,0.28421050000000003
2025-03-15 01:00:00,0.2457245,1,5,3,1,0.28421050000000003,0.2242555,0.2457245
2025-03-15 02:00:00,0.229635,2,5,3,1,0.2457245,0.21427000000000002,0.229635
2025-03-15 03:00:00,0.223944,3,5,3,1,0.229635,0.21432600000000002,0.223944
2025-03-15 04:00:00,0.22782550000000001,4,5,3,1,0.223944,0.22702050000000001,0.22782550000000001
2025-03-15 05:00:00,0.2354485,5,5,3,1,0.22782550000000001,0.26187,0.2354485
2025-03-15 06:00:00,0.27154049999999996,6,5,3,1,0.2354485,0.327733,0.27154049999999996
2025-03-15 07:00:00,0.351463,7,5,3,1,0.27154049999999996,0.3423,0.351463
2025-03-15 08:00:00,0.423248,8,5,3,1,0.351463,0.3200995,0.423248
2025-03-15 09:00:00,0.45782449999999997,9,5,3,1,0.423248,0.30886800000000003,0.45782449999999997
2025-03-15 10:00:00,0.4796925,10,5,3,1,0.45782449999999997,0.30976400000000004,0.4796925
2025-03-15 11:00:00,0.5140275000000001,11,5,3,1,0.4796925,0.339353,0.5140275000000001
2025-03-15 12:00:00,0.503083,12,5,3,1,0.5140275000000001,0.3519285,0.503083
2025-03-15 13:00:00,0.4773615,13,5,3,1,0.503083,0.34739600000000004,0.4773615
2025-03-15 14:00:00,0.4626195,14,5,3,1,0.4773615,0.33845000000000003,0.4626195
2025-03-15 15:00:00,0.456631,15,5,3,1,0.4626195,0.346556,0.456631
2025-03-15 16:00:00,0.4641735,16,5,3,1,0.456631,0.3757005,0.4641735
2025-03-15 17:00:00,0.5039965,17,5,3,1,0.4641735,0.442113,0.5039965
2025-03-15 18:00:00,0.567987,18,5,3,1,0.5039965,0.5379255000000001,0.567987
2025-03-15 19:00:00,0.581504,19,5,3,1,0.567987,0.5786235,0.581504
2025-03-15 20:00:00,0.526575,20,5,3,1,0.581504,0.5299524999999999,0.526575
2025-03-15 21:00:00,0.471338,21,5,3,1,0.526575,0.46819500000000003,0.471338
2025-03-15 22:00:00,0.4297615,22,5,3,1,0.471338,0.41027,0.4297615
2025-03-15 23:00:00,0.357455,23,5,3,1,0.4297615,0.3236485,0.357455
2025-03-16 00:00:00,0.2953195,0,6,3,1,0.357455,0.28421050000000003,0.2953195
2025-03-16 01:00:00,0.25612300000000005,1,6,3,1,0.2953195,0.2457245,0.25612300000000005
2025-03-16 02:00:00,0.239267,2,6,3,1,0.25612300000000005,0.229635,0.239267
2025-03-16 03:00:00,0.2313535,3,6,3,1,0.239267,0.223944,0.2313535
2025-03-16 04:00:00,0.229663,4,6,3,1,0.2313535,0.22782550000000001,0.229663
2025-03-16 05:00:00,0.23733150000000003,5,6,3,1,0.229663,0.2354485,0.23733150000000003
2025-03-16 06:00:00,0.2623915,6,6,3,1,0.23733150000000003,0.27154049999999996,0.2623915
2025-03-16 07:00:00,0.33152000000000004,7,6,3,1,0.2623915,0.351463,0.33152000000000004
2025-03-16 08:00:00,0.42406,8,6,3,1,0.33152000000000004,0.423248,0.42406
2025-03-16 09:00:00,0.492863,9,6,3,1,0.42406,0.45782449999999997,0.492863
2025-03-16 10:00:00,0.5450305,10,6,3,1,0.492863,0.4796925,0.5450305
2025-03-16 11:00:00,0.60165,11,6,3,1,0.5450305,0.5140275000000001,0.60165
2025-03-16 12:00:00,0.5700695,12,6,3,1,0.60165,0.503083,0.5700695
2025-03-16 13:00:00,0.5125540000000001,13,6,3,1,0.5700695,0.4773615,0.5125540000000001
2025-03-16 14:00:00,0.473137,14,6,3,1,0.5125540000000001,0.4626195,0.473137
2025-03-16 15:00:00,0.454118,15,6,3,1,0.473137,0.456631,0.454118
2025-03-16 16:00:00,0.4561655,16,6,3,1,0.454118,0.4641735,0.4561655
2025-03-16 17:00:00,0.506163,17,6,3,1,0.4561655,0.5039965,0.506163
2025-03-16 18:00:00,0.575456,18,6,3,1,0.506163,0.567987,0.575456
2025-03-16 19:00:00,0.586719,19,6,3,1,0.575456,0.581504,0.586719
2025-03-16 20:00:00,0.5398400000000001,20,6,3,1,0.586719,0.526575,0.5398400000000001
2025-03-16 21:00:00,0.47292,21,6,3,1,0.5398400000000001,0.471338,0.47292
2025-03-16 22:00:00,0.4127655,22,6,3,1,0.47292,0.4297615,0.4127655
2025-03-16 23:00:00,0.32603550000000003,23,6,3,1,0.4127655,0.357455,0.32603550000000003
2025-03-17 00:00:00,0.255479,0,0,3,0,0.32603550000000003,0.2953195,0.255479
2025-03-17 01:00:00,0.2242555,1,0,3,0,0.255479,0.25612300000000005,0.2242555
2025-03-17 02:00:00,0.21427000000000002,2,0,3,0,0.2242555,0.239267,0.21427000000000002
2025-03-17 03:00:00,0.21432600000000002,3,0,3,0,0.21427000000000002,0.2313535,0.21432600000000002
2025-03-17 04:00:00,0.22702050000000001,4,0,3,0,0.21432600000000002,0.229663,0.22702050000000001
2025-03-17 05:00:00,0.26187,5,0,3,0,0.22702050000000001,0.23733150000000003,0.26187
2025-03-17 06:00:00,0.327733,6,0,3,0,0.26187,0.2623915,0.327733
2025-03-17 07:00:00,0.3423,7,0,3,0,0.327733,0.33152000000000004,0.3423
2025-03-17 08:00:00,0.3200995,8,0,3,0,0.3423,0.42406,0.3200995
2025-03-17 09:00:00,0.30886800000000003,9,0,3,0,0.3200995,0.492863,0.30886800000000003
2025-03-17 10:00:00,0.30976400000000004,10,0,3,0,0.30886800000000003,0.5450305,0.30976400000000004
2025-03-17 11:00:00,0.339353,11,0,3,0,0.30976400000000004,0.60165,0.339353
2025-03-17 12:00:00,0.3519285,12,0,3,0,0.339353,0.5700695,0.3519285
2025-03-17 13:00:00,0.34739600000000004,13,0,3,0,0.3519285,0.5125540000000001,0.34739600000000004
2025-03-17 14:00:00,0.33845000000000003,14,0,3,0,0.34739600000000004,0.473137,0.33845000000000003
2025-03-17 15:00:00,0.346556,15,0,3,0,0.33845000000000003,0.454118,0.346556
2025-03-17 16:00:00,0.3757005,16,0,3,0,0.346556,0.4561655,0.3757005
2025-03-17 17:00:00,0.442113,17,0,3,0,0.3757005,0.506163,0.442113
2025-03-17 18:00:00,0.5379255000000001,18,0,3,0,0.442113,0.575456,0.5379255000000001
2025-03-17 19:00:00,0.5786235,19,0,3,0,0.5379255000000001,0.586719,0.5786235
2025-03-17 20:00:00,0.5299524999999999,20,0,3,0,0.5786235,0.5398400000000001,0.5299524999999999
2025-03-17 21:00:00,0.46819500000000003,21,0,3,0,0.5299524999999999,0.47292,0.46819500000000003
2025-03-17 22:00:00,0.41027,22,0,3,0,0.46819500000000003,0.4127655,0.41027
2025-03-17 23:00:00,0.3236485,23,0,3,0,0.41027,0.32603550000000003,0.3236485
2025-03-18 00:00:00,0.255479,0,1,3,0,0.3236485,0.255479,0.255479
2025-03-18 01:00:00,0.2242555,1,1,3,0,0.255479,0.2242555,0.2242555
2025-03-18 02:00:00,0.21427000000000002,2,1,3,0,0.2242555,0.21427000000000002,0.21427000000000002
2025-03-18 03:00:00,0.21432600000000002,3,1,3,0,0.21427000000000002,0.21432600000000002,0.21432600000000002
2025-03-18 04:00:00,0.22702050000000001,4,1,3,0,0.21432600000000002,0.22702050000000001,0.22702050000000001
2025-03-18 05:00:00,0.26187,5,1,3,0,0.22702050000000001,0.26187,0.26187
2025-03-18 06:00:00,0.327733,6,1,3,0,0.26187,0.327733,0.327733
2025-03-18 07:00:00,0.3423,7,1,3,0,0.327733,0.3423,0.3423
2025-03-18 08:00:00,0.3200995,8,1,3,0,0.3423,0.3200995,0.3200995
2025-03-18 09:00:00,0.30886800000000003,9,1,3,0,0.3200995,0.30886800000000003,0.30886800000000003
2025-03-18 10:00:00,0.30976400000000004,10,1,3,0,0.30886800000000003,0.30976400000000004,0.30976400000000004
2025-03-18 11:00:00,0.339353,11,1,3,0,0.30976400000000004,0.339353,0.339353
2025-03-18 12:00:00,0.3519285,12,1,3,0,0.339353,0.3519285,0.3519285
2025-03-18 13:00:00,0.34739600000000004,13,1,3,0,0.3519285,0.34739600000000004,0.34739600000000004
2025-03-18 14:00:00,0.33845000000000003,14,1,3,0,0.34739600000000004,0.33845000000000003,0.33845000000000003
2025-03-18 15:00:00,0.346556,15,1,3,0,0.33845000000000003,0.346556,0.346556
2025-03-18 16:00:00,0.3757005,16,1,3,0,0.346556,0.3757005,0.3757005
2025-03-18 17:00:00,0.442113,17,1,3,0,0.3757005,0.442113,0.442113
2025-03-18 18:00:00,0.5379255000000001,18,1,3,0,0.442113,0.5379255000000001,0.5379255000000001
2025-03-18 19:00:00,0.5786235,19,1,3,0,0.5379255000000001,0.5786235,0.5786235
2025-03-18 20:00:00,0.5299524999999999,20,1,3,0,0.5786235,0.5299524999999999,0.5299524999999999
2025-03-18 21:00:00,0.46819500000000003,21,1,3,0,0.5299524999999999,0.46819500000000003,0.46819500000000003
2025-03-18 22:00:00,0.41027,22,1,3,0,0.46819500000000003,0.41027,0.41027
2025-03-18 23:00:00,0.3236485,23,1,3,0,0.41027,0.3236485,0.3236485
2025-03-19 00:00:00,0.255479,0,2,3,0,0.3236485,0.255479,0.255479
2025-03-19 01:00:00,0.2242555,1,2,3,0,0.255479,0.2242555,0.2242555
2025-03-19 02:00:00,0.21427000000000002,2,2,3,0,0.2242555,0.21427000000000002,0.21427000000000002
2025-03-19 03:00:00,0.21432600000000002,3,2,3,0,0.21427000000000002,0.21432600000000002,0.21432600000000002
2025-03-19 04:00:00,0.22702050000000001,4,2,3,0,0.21432600000000002,0.22702050000000001,0.22702050000000001
2025-03-19 05:00:00,0.26187,5,2,3,0,0.22702050000000001,0.26187,0.26187
2025-03-19 06:00:00,0.327733,6,2,3,0,0.26187,0.327733,0.327733
2025-03-19 07:00:00,0.3423,7,2,3,0,0.327733,0.3423,0.3423
2025-03-19 08:00:00,0.3200995,8,2,3,0,0.3423,0.3200995,0.3200995
2025-03-19 09:00:00,0.30886800000000003,9,2,3,0,0.3200995,0.30886800000000003,0.30886800000000003
2025-03-19 10:00:00,0.30976400000000004,10,2,3,0,0.30886800000000003,0.30976400000000004,0.30976400000000004
2025-03-19 11:00:00,0.339353,11,2,3,0,0.30976400000000004,0.339353,0.339353
2025-03-19 12:00:00,0.3519285,12,2,3,0,0.339353,0.3519285,0.3519285
2025-03-19 13:00:00,0.34739600000000004,13,2,3,0,0.3519285,0.34739600000000004,0.34739600000000004
2025-03-19 14:00:00,0.33845000000000003,14,2,3,0,0.34739600000000004,0.33845000000000003,0.33845000000000003
2025-03-19 15:00:00,0.346556,15,2,3,0,0.33845000000000003,0.346556,0.346556
2025-03-19 16:00:00,0.3757005,16,2,3,0,0.346556,0.3757005,0.3757005
2025-03-19 17:00:00,0.442113,17,2,3,0,0.3757005,0.442113,0.442113
2025-03-19 18:00:00,0.5379255000000001,18,2,3,0,0.442113,0.5379255000000001,0.5379255000000001
2025-03-19 19:00:00,0.5786235,19,2,3,0,0.5379255000000001,0.5786235,0.5786235
2025-03-19 20:00:00,0.5299524999999999,20,2,3,0,0.5786235,0.5299524999999999,0.5299524999999999
2025-03-19 21:00:00,0.46819500000000003,21,2,3,0,0.5299524999999999,0.46819500000000003,0.46819500000000003
2025-03-19 22:00:00,0.41027,22,2,3,0,0.46819500000000003,0.41027,0.41027
2025-03-19 23:00:00,0.3236485,23,2,3,0,0.41027,0.3236485,0.3236485
2025-03-20 00:00:00,0.255479,0,3,3,0,0.3236485,0.255479,0.255479
2025-03-20 01:00:00,0.2242555,1,3,3,0,0.255479,0.2242555,0.2242555
2025-03-20 02:00:00,0.21427000000000002,2,3,3,0,0.2242555,0.21427000000000002,0.21427000000000002
2025-03-20 03:00:00,0.21432600000000002,3,3,3,0,0.21427000000000002,0.21432600000000002,0.21432600000000002
2025-03-20 04:00:00,0.22702050000000001,4,3,3,0,0.21432600000000002,0.22702050000000001,0.22702050000000001
2025-03-20 05:00:00,0.26187,5,3,3,0,0.22702050000000001,0.26187,0.26187
2025-03-20 06:00:00,0.327733,6,3,3,0,0.26187,0.327733,0.327733
2025-03-20 07:00:00,0.3423,7,3,3,0,0.327733,0.3423,0.3423
2025-03-20 08:00:00,0.3200995,8,3,3,0,0.3423,0.3200995,0.3200995
2025-03-20 09:00:00,0.30886800000000003,9,3,3,0,0.3200995,0.30886800000000003,0.30886800000000003
2025-03-20 10:00:00,0.30976400000000004,10,3,3,0,0.30886800000000003,0.30976400000000004,0.30976400000000004
2025-03-20 11:00:00,0.339353,11,3,3,0,0.30976400000000004,0.339353,0.339353
2025-03-20 12:00:00,0.3519285,12,3,3,0,0.339353,0.3519285,0.3519285
2025-03-20 13:00:00,0.34739600000000004,13,3,3,0,0.3519285,0.34739600000000004,0.34739600000000004
2025-03-20 14:00:00,0.33845000000000003,14,3,3,0,0.34739600000000004,0.33845000000000003,0.33845000000000003
2025-03-20 15:00:00,0.346556,15,3,3,0,0.33845000000000003,0.346556,0.346556
2025-03-20 16:00:00,0.3757005,16,3,3,0,0.346556,0.3757005,0.3757005
2025-03-20 17:00:00,0.442113,17,3,3,0,0.3757005,0.442113,0.442113
2025-03-20 18:00:00,0.5379255000000001,18,3,3,0,0.442113,0.5379255000000001,0.5379255000000001
2025-03-20 19:00:00,0.5786235,19,3,3,0,0.5379255000000001,0.5786235,0.5786235
2025-03-20 20:00:00,0.5299524999999999,20,3,3,0,0.5786235,0.5299524999999999,0.5299524999999999
2025-03-20 21:00:00,0.46819500000000003,21,3,3,0,0.5299524999999999,0.46819500000000003,0.46819500000000003
2025-03-20 22:00:00,0.41027,22,3,3,0,0.46819500000000003,0.41027,0.41027
2025-03-20 23:00:00,0.3236485,23,3,3,0,0.41027,0.3236485,0.3236485
2025-03-21 00:00:00,0.255479,0,4,3,0,0.3236485,0.255479,0.255479
2025-03-21 01:00:00,0.2242555,1,4,3,0,0.255479,0.2242555,0.2242555
2025-03-21 02:00:00,0.21427000000000002,2,4,3,0,0.2242555,0.21427000000000002,0.21427000000000002
2025-03-21 03:00:00,0.21432600000000002,3,4,3,0,0.21427000000000002,0.21432600000000002,0.21432600000000002
2025-03-21 04:00:00,0.22702050000000001,4,4,3,0,0.21432600000000002,0.22702050000000001,0.22702050000000001
2025-03-21 05:00:00,0.26187,5,4,3,0,0.22702050000000001,0.26187,0.26187
2025-03-21 06:00:00,0.327733,6,4,3,0,0.26187,0.327733,0.327733
2025-03-21 07:00:00,0.3423,7,4,3,0,0.327733,0.3423,0.3423
2025-03-21 08:00:00,0.3200995,8,4,3,0,0.3423,0.3200995,0.3200995
2025-03-21 09:00:00,0.30886800000000003,9,4,3,0,0.3200995,0.30886800000000003,0.30886800000000003
2025-03-21 10:00:00,0.30976400000000004,10,4,3,0,0.30886800000000003,0.30976400000000004,0.30976400000000004
2025-03-21 11:00:00,0.339353,11,4,3,0,0.30976400000000004,0.339353,0.339353
2025-03-21 12:00:00,0.3519285,12,4,3,0,0.339353,0.3519285,0.3519285
2025-03-21 13:00:00,0.34739600000000004,13,4,3,0,0.3519285,0.34739600000000004,0.34739600000000004
2025-03-21 14:00:00,0.33845000000000003,14,4,3,0,0.34739600000000004,0.33845000000000003,0.33845000000000003
2025-03-21 15:00:00,0.346556,15,4,3,0,0.33845000000000003,0.346556,0.346556
2025-03-21 16:00:00,0.3757005,16,4,3,0,0.346556,0.3757005,0.3757005
2025-03-21 17:00:00,0.442113,17,4,3,0,0.3757005,0.442113,0.442113
2025-03-21 18:00:00,0.5379255000000001,18,4,3,0,0.442113,0.5379255000000001,0.5379255000000001
2025-03-21 19:00:00,0.5786235,19,4,3,0,0.5379255000000001,0.5786235,0.5786235
2025-03-21 20:00:00,0.5299524999999999,20,4,3,0,0.5786235,0.5299524999999999,0.5299524999999999
2025-03-21 21:00:00,0.46819500000000003,21,4,3,0,0.5299524999999999,0.46819500000000003,0.46819500000000003
2025-03-21 22:00:00,0.41027,22,4,3,0,0.46819500000000003,0.41027,0.41027
2025-03-21 23:00:00,0.3236485,23,4,3,0,0.41027,0.3236485,0.3236485
2025-03-22 00:00:00,0.28421050000000003,0,5,3,1,0.3236485,0.255479,0.28421050000000003
2025-03-22 01:00:00,0.2457245,1,5,3,1,0.28421050000000003,0.2242555,0.2457245
2025-03-22 02:00:00,0.229635,2,5,3,1,0.2457245,0.21427000000000002,0.229635
2025-03-22 03:00:00,0.223944,3,5,3,1,0.229635,0.21432600000000002,0.223944
2025-03-22 04:00:00,0.22782550000000001,4,5,3,1,0.223944,0.22702050000000001,0.22782550000000001
2025-03-22 05:00:00,0.2354485,5,5,3,1,0.22782550000000001,0.26187,0.2354485
2025-03-22 06:00:00,0.27154049999999996,6,5,3,1,0.2354485,0.327733,0.27154049999999996
2025-03-22 07:00:00,0.351463,7,5,3,1,0.27154049999999996,0.3423,0.351463
2025-03-22 08:00:00,0.423248,8,5,3,1,0.351463,0.3200995,0.423248
2025-03-22 09:00:00,0.45782449999999997,9,5,3,1,0.423248,0.30886800000000003,0.45782449999999997
2025-03-22 10:00:00,0.4796925,10,5,3,1,0.45782449999999997,0.30976400000000004,0.4796925
2025-03-22 11:00:00,0.5140275000000001,11,5,3,1,0.4796925,0.339353,0.5140275000000001
2025-03-22 12:00:00,0.503083,12,5,3,1,0.5140275000000001,0.3519285,0.503083
2025-03-22 13:00:00,0.4773615,13,5,3,1,0.503083,0.34739600000000004,0.4773615
2025-03-22 14:00:00,0.4626195,14,5,3,1,0.4773615,0.33845000000000003,0.4626195
2025-03-22 15:00:00,0.456631,15,5,3,1,0.4626195,0.346556,0.456631
2025-03-22 16:00:00,0.4641735,16,5,3,1,0.456631,0.3757005,0.4641735
2025-03-22 17:00:00,0.5039965,17,5,3,1,0.4641735,0.442113,0.5039965
2025-03-22 18:00:00,0.567987,18,5,3,1,0.5039965,0.5379255000000001,0.567987
2025-03-22 19:00:00,0.581504,19,5,3,1,0.567987,0.5786235,0.581504
2025-03-22 20:00:00,0.526575,20,5,3,1,0.581504,0.5299524999999999,0.526575
2025-03-22 21:00:00,0.471338,21,5,3,1,0.526575,0.46819500000000003,0.471338
2025-03-22 22:00:00,0.4297615,22,5,3,1,0.471338,0.41027,0.4297615
2025-03-22 23:00:00,0.357455,23,5,3,1,0.4297615,0.3236485,0.357455
2025-03-23 00:00:00,0.2953195,0,6,3,1,0.357455,0.28421050000000003,0.2953195
2025-03-23 01:00:00,0.25612300000000005,1,6,3,1,0.2953195,0.2457245,0.25612300000000005
2025-03-23 02:00:00,0.239267,2,6,3,1,0.25612300000000005,0.229635,0.239267
2025-03-23 03:00:00,0.2313535,3,6,3,1,0.239267,0.223944,0.2313535
2025-03-23 04:00:00,0.229663,4,6,3,1,0.2313535,0.22782550000000001,0.229663
2025-03-23 05:00:00,0.23733150000000003,5,6,3,1,0.229663,0.2354485,0.23733150000000003
2025-03-23 06:00:00,0.2623915,6,6,3,1,0.23733150000000003,0.27154049999999996,0.2623915
2025-03-23 07:00:00,0.33152000000000004,7,6,3,1,0.2623915,0.351463,0.33152000000000004
2025-03-23 08:00:00,0.42406,8,6,3,1,0.33152000000000004,0.423248,0.42406
2025-03-23 09:00:00,0.492863,9,6,3,1,0.42406,0.45782449999999997,0.492863
2025-03-23 10:00:00,0.5450305,10,6,3,1,0.492863,0.4796925,0.5450305
2025-03-23 11:00:00,0.60165,11,6,3,1,0.5450305,0.5140275000000001,0.60165
2025-03-23 12:00:00,0.5700695,12,6,3,1,0.60165,0.503083,0.5700695
2025-03-23 13:00:00,0.5125540000000001,13,6,3,1,0.5700695,0.4773615,0.5125540000000001
2025-03-23 14:00:00,0.473137,14,6,3,1,0.5125540000000001,0.4626195,0.473137
2025-03-23 15:00:00,0.454118,15,6,3,1,0.473137,0.456631,0.454118
2025-03-23 16:00:00,0.4561655,16,6,3,1,0.454118,0.4641735,0.4561655
2025-03-23 17:00:00,0.506163,17,6,3,1,0.4561655,0.5039965,0.506163
2025-03-23 18:00:00,0.575456,18,6,3,1,0.506163,0.567987,0.575456
2025-03-23 19:00:00,0.586719,19,6,3,1,0.575456,0.581504,0.586719
2025-03-23 20:00:00,0.5398400000000001,20,6,3,1,0.586719,0.526575,0.5398400000000001
2025-03-23 21:00:00,0.47292,21,6,3,1,0.5398400000000001,0.471338,0.47292
2025-03-23 22:00:00,0.4127655,22,6,3,1,0.47292,0.4297615,0.4127655
2025-03-23 23:00:00,0.32603550000000003,23,6,3,1,0.4127655,0.357455,0.32603550000000003
2025-03-24 00:00:00,0.255479,0,0,3,0,0.32603550000000003,0.2953195,0.255479
2025-03-24 01:00:00,0.2242555,1,0,3,0,0.255479,0.25612300000000005,0.2242555
2025-03-24 02:00:00,0.21427000000000002,2,0,3,0,0.2242555,0.239267,0.21427000000000002
2025-03-24 03:00:00,0.21432600000000002,3,0,3,0,0.21427000000000002,0.2313535,0.21432600000000002
2025-03-24 04:00:00,0.22702050000000001,4,0,3,0,0.21432600000000002,0.229663,0.22702050000000001
2025-03-24 05:00:00,0.26187,5,0,3,0,0.22702050000000001,0.23733150000000003,0.26187
2025-03-24 06:00:00,0.327733,6,0,3,0,0.26187,0.2623915,0.327733
2025-03-24 07:00:00,0.3423,7,0,3,0,0.327733,0.33152000000000004,0.3423
2025-03-24 08:00:00,0.3200995,8,0,3,0,0.3423,0.42406,0.3200995
2025-03-24 09:00:00,0.30886800000000003,9,0,3,0,0.3200995,0.492863,0.30886800000000003
2025-03-24 10:00:00,0.30976400000000004,10,0,3,0,0.30886800000000003,0.5450305,0.30976400000000004
2025-03-24 11:00:00,0.339353,11,0,3,0,0.30976400000000004,0.60165,0.339353
2025-03-24 12:00:00,0.3519285,12,0,3,0,0.339353,0.5700695,0.3519285
2025-03-24 13:00:00,0.34739600000000004,13,0,3,0,0.3519285,0.5125540000000001,0.34739600000000004
2025-03-24 14:00:00,0.33845000000000003,14,0,3,0,0.34739600000000004,0.473137,0.33845000000000003
2025-03-24 15:00:00,0.346556,15,0,3,0,0.33845000000000003,0.454118,0.346556
2025-03-24 16:00:00,0.3757005,16,0,3,0,0.346556,0.4561655,0.3757005
2025-03-24 17:00:00,0.442113,17,0,3,0,0.3757005,0.506163,0.442113
2025-03-24 18:00:00,0.5379255000000001,18,0,3,0,0.442113,0.575456,0.5379255000000001
2025-03-24 19:00:00,0.5786235,19,0,3,0,0.5379255000000001,0.586719,0.5786235
2025-03-24 20:00:00,0.5299524999999999,20,0,3,0,0.5786235,0.5398400000000001,0.5299524999999999
2025-03-24 21:00:00,0.46819500000000003,21,0,3,0,0.5299524999999999,0.47292,0.46819500000000003
2025-03-24 22:00:00,0.41027,22,0,3,0,0.46819500000000003,0.4127655,0.41027
2025-03-24 23:00:00,0.3236485,23,0,3,0,0.41027,0.32603550000000003,0.3236485
2025-03-25 00:00:00,0.255479,0,1,3,0,0.3236485,0.255479,0.255479
2025-03-25 01:00:00,0.2242555,1,1,3,0,0.255479,0.2242555,0.2242555
2025-03-25 02:00:00,0.21427000000000002,2,1,3,0,0.2242555,0.21427000000000002,0.21427000000000002
2025-03-25 03:00:00,0.21432600000000002,3,1,3,0,0.21427000000000002,0.21432600000000002,0.21432600000000002
2025-03-25 04:00:00,0.22702050000000001,4,1,3,0,0.21432600000000002,0.22702050000000001,0.22702050000000001
2025-03-25 05:00:00,0.26187,5,1,3,0,0.22702050000000001,0.26187,0.26187
2025-03-25 06:00:00,0.327733,6,1,3,0,0.26187,0.327733,0.327733
2025-03-25 07:00:00,0.3423,7,1,3,0,0.327733,0.3423,0.3423
2025-03-25 08:00:00,0.3200995,8,1,3,0,0.3423,0.3200995,0.3200995
2025-03-25 09:00:00,0.30886800000000003,9,1,3,0,0.3200995,0.30886800000000003,0.30886800000000003
2025-03-25 10:00:00,0.30976400000000004,10,1,3,0,0.30886800000000003,0.30976400000000004,0.30976400000000004
2025-03-25 11:00:00,0.339353,11,1,3,0,0.30976400000000004,0.339353,0.339353
2025-03-25 12:00:00,0.3519285,12,1,3,0,0.339353,0.3519285,0.3519285
2025-03-25 13:00:00,0.34739600000000004,13,1,3,0,0.3519285,0.34739600000000004,0.34739600000000004
2025-03-25 14:00:00,0.33845000000000003,14,1,3,0,0.34739600000000004,0.33845000000000003,0.33845000000000003
2025-03-25 15:00:00,0.346556,15,1,3,0,0.33845000000000003,0.346556,0.346556
2025-03-25 16:00:00,0.3757005,16,1,3,0,0.346556,0.3757005,0.3757005
2025-03-25 17:00:00,0.442113,17,1,3,0,0.3757005,0.442113,0.442113
2025-03-25 18:00:00,0.5379255000000001,18,1,3,0,0.442113,0.5379255000000001,0.5379255000000001
2025-03-25 19:00:00,0.5786235,19,1,3,0,0.5379255000000001,0.5786235,0.5786235
2025-03-25 20:00:00,0.5299524999999999,20,1,3,0,0.5786235,0.5299524999999999,0.5299524999999999
2025-03-25 21:00:00,0.46819500000000003,21,1,3,0,0.5299524999999999,0.46819500000000003,0.46819500000000003
2025-03-25 22:00:00,0.41027,22,1,3,0,0.46819500000000003,0.41027,0.41027
2025-03-25 23:00:00,0.3236485,23,1,3,0,0.41027,0.3236485,0.3236485
2025-03-26 00:00:00,0.255479,0,2,3,0,0.3236485,0.255479,0.255479
2025-03-26 01:00:00,0.2242555,1,2,3,0,0.255479,0.2242555,0.2242555
2025-03-26 02:00:00,0.21427000000000002,2,2,3,0,0.2242555,0.21427000000000002,0.21427000000000002
2025-03-26 03:00:00,0.21432600000000002,3,2,3,0,0.21427000000000002,0.21432600000000002,0.21432600000000002
2025-03-26 04:00:00,0.22702050000000001,4,2,3,0,0.21432600000000002,0.22702050000000001,0.22702050000000001
2025-03-26 05:00:00,0.26187,5,2,3,0,0.22702050000000001,0.26187,0.26187
2025-03-26 06:00:00,0.327733,6,2,3,0,0.26187,0.327733,0.327733
2025-03-26 07:00:00,0.3423,7,2,3,0,0.327733,0.3423,0.3423
2025-03-26 08:00:00,0.3200995,8,2,3,0,0.3423,0.3200995,0.3200995
2025-03-26 09:00:00,0.30886800000000003,9,2,3,0,0.3200995,0.30886800000000003,0.30886800000000003
2025-03-26 10:00:00,0.30976400000000004,10,2,3,0,0.30886800000000003,0.30976400000000004,0.30976400000000004
2025-03-26 11:00:00,0.339353,11,2,3,0,0.30976400000000004,0.339353,0.339353
2025-03-26 12:00:00,0.3519285,12,2,3,0,0.339353,0.3519285,0.3519285
2025-03-26 13:00:00,0.34739600000000004,13,2,3,0,0.3519285,0.34739600000000004,0.34739600000000004
2025-03-26 14:00:00,0.33845000000000003,14,2,3,0,0.34739600000000004,0.33845000000000003,0.33845000000000003
2025-03-26 15:00:00,0.346556,15,2,3,0,0.33845000000000003,0.346556,0.346556
2025-03-26 16:00:00,0.3757005,16,2,3,0,0.346556,0.3757005,0.3757005
2025-03-26 17:00:00,0.442113,17,2,3,0,0.3757005,0.442113,0.442113
2025-03-26 18:00:00,0.5379255000000001,18,2,3,0,0.442113,0.5379255000000001,0.5379255000000001
2025-03-26 19:00:00,0.5786235,19,2,3,0,0.5379255000000001,0.5786235,0.5786235
2025-03-26 20:00:00,0.5299524999999999,20,2,3,0,0.5786235,0.5299524999999999,0.5299524999999999
2025-03-26 21:00:00,0.46819500000000003,21,2,3,0,0.5299524999999999,0.46819500000000003,0.46819500000000003
2025-03-26 22:00:00,0.41027,22,2,3,0,0.46819500000000003,0.41027,0.41027
2025-03-26 23:00:00,0.3236485,23,2,3,0,0.41027,0.3236485,0.3236485
2025-03-27 00:00:00,0.255479,0,3,3,0,0.3236485,0.255479,0.255479
2025-03-27 01:00:00,0.2242555,1,3,3,0,0.255479,0.2242555,0.2242555
2025-03-27 02:00:00,0.21427000000000002,2,3,3,0,0.2242555,0.21427000000000002,0.21427000000000002
2025-03-27 03:00:00,0.21432600000000002,3,3,3,0,0.21427000000000002,0.21432600000000002,0.21432600000000002
2025-03-27 04:00:00,0.22702050000000001,4,3,3,0,0.21432600000000002,0.22702050000000001,0.22702050000000001
2025-03-27 05:00:00,0.26187,5,3,3,0,0.22702050000000001,0.26187,0.26187
2025-03-27 06:00:00,0.327733,6,3,3,0,0.26187,0.327733,0.327733
2025-03-27 07:00:00,0.3423,7,3,3,0,0.327733,0.3423,0.3423
2025-03-27 08:00:00,0.3200995,8,3,3,0,0.3423,0.3200995,0.3200995
2025-03-27 09:00:00,0.30886800000000003,9,3,3,0,0.3200995,0.30886800000000003,0.30886800000000003
2025-03-27 10:00:00,0.30976400000000004,10,3,3,0,0.30886800000000003,0.30976400000000004,0.30976400000000004
2025-03-27 11:00:00,0.339353,11,3,3,0,0.30976400000000004,0.339353,0.339353
2025-03-27 12:00:00,0.3519285,12,3,3,0,0.339353,0.3519285,0.3519285
2025-03-27 13:00:00,0.34739600000000004,13,3,3,0,0.3519285,0.34739600000000004,0.34739600000000004
2025-03-27 14:00:00,0.33845000000000003,14,3,3,0,0.34739600000000004,0.33845000000000003,0.33845000000000003
2025-03-27 15:00:00,0.346556,15,3,3,0,0.33845000000000003,0.346556,0.346556
2025-03-27 16:00:00,0.3757005,16,3,3,0,0.346556,0.3757005,0.3757005
2025-03-27 17:00:00,0.442113,17,3,3,0,0.3757005,0.442113,0.442113
2025-03-27 18:00:00,0.5379255000000001,18,3,3,0,0.442113,0.5379255000000001,0.5379255000000001
2025-03-27 19:00:00,0.5786235,19,3,3,0,0.5379255000000001,0.5786235,0.5786235
2025-03-27 20:00:00,0.5299524999999999,20,3,3,0,0.5786235,0.5299524999999999,0.5299524999999999
2025-03-27 21:00:00,0.46819500000000003,21,3,3,0,0.5299524999999999,0.46819500000000003,0.46819500000000003
2025-03-27 22:00:00,0.41027,22,3,3,0,0.46819500000000003,0.41027,0.41027
2025-03-27 23:00:00,0.3236485,23,3,3,0,0.41027,0.3236485,0.3236485
2025-03-28 00:00:00,0.255479,0,4,3,0,0.3236485,0.255479,0.255479
2025-03-28 01:00:00,0.2242555,1,4,3,0,0.255479,0.2242555,0.2242555
2025-03-28 02:00:00,0.21427000000000002,2,4,3,0,0.2242555,0.21427000000000002,0.21427000000000002
2025-03-28 03:00:00,0.21432600000000002,3,4,3,0,0.21427000000000002,0.21432600000000002,0.21432600000000002
2025-03-28 04:00:00,0.22702050000000001,4,4,3,0,0.21432600000000002,0.22702050000000001,0.22702050000000001
2025-03-28 05:00:00,0.26187,5,4,3,0,0.22702050000000001,0.26187,0.26187
2025-03-28 06:00:00,0.327733,6,4,3,0,0.26187,0.327733,0.327733
2025-03-28 07:00:00,0.3423,7,4,3,0,0.327733,0.3423,0.3423
2025-03-28 08:00:00,0.3200995,8,4,3,0,0.3423,0.3200995,0.3200995
2025-03-28 09:00:00,0.30886800000000003,9,4,3,0,0.3200995,0.30886800000000003,0.30886800000000003
2025-03-28 10:00:00,0.30976400000000004,10,4,3,0,0.30886800000000003,0.30976400000000004,0.30976400000000004
2025-03-28 11:00:00,0.339353,11,4,3,0,0.30976400000000004,0.339353,0.339353
2025-03-28 12:00:00,0.3519285,12,4,3,0,0.339353,0.3519285,0.3519285
2025-03-28 13:00:00,0.34739600000000004,13,4,3,0,0.3519285,0.34739600000000004,0.34739600000000004
2025-03-28 14:00:00,0.33845000000000003,14,4,3,0,0.34739600000000004,0.33845000000000003,0.33845000000000003
2025-03-28 15:00:00,0.346556,15,4,3,0,0.33845000000000003,0.346556,0.346556
2025-03-28 16:00:00,0.3757005,16,4,3,0,0.346556,0.3757005,0.3757005
2025-03-28 17:00:00,0.442113,17,4,3,0,0.3757005,0.442113,0.442113
2025-03-28 18:00:00,0.5379255000000001,18,4,3,0,0.442113,0.5379255000000001,0.5379255000000001
2025-03-28 19:00:00,0.5786235,19,4,3,0,0.5379255000000001,0.5786235,0.5786235
2025-03-28 20:00:00,0.5299524999999999,20,4,3,0,0.5786235,0.5299524999999999,0.5299524999999999
2025-03-28 21:00:00,0.46819500000000003,21,4,3,0,0.5299524999999999,0.46819500000000003,0.46819500000000003
2025-03-28 22:00:00,0.41027,22,4,3,0,0.46819500000000003,0.41027,0.41027
2025-03-28 23:00:00,0.3236485,23,4,3,0,0.41027,0.3236485,0.3236485
2025-03-29 00:00:00,0.28421050000000003,0,5,3,1,0.3236485,0.255479,0.28421050000000003
2025-03-29 01:00:00,0.2457245,1,5,3,1,0.28421050000000003,0.2242555,0.2457245
2025-03-29 02:00:00,0.229635,2,5,3,1,0.2457245,0.21427000000000002,0.229635
2025-03-29 03:00:00,0.223944,3,5,3,1,0.229635,0.21432600000000002,0.223944
2025-03-29 04:00:00,0.22782550000000001,4,5,3,1,0.223944,0.22702050000000001,0.22782550000000001
2025-03-29 05:00:00,0.2354485,5,5,3,1,0.22782550000000001,0.26187,0.2354485
2025-03-29 06:00:00,0.27154049999999996,6,5,3,1,0.2354485,0.327733,0.27154049999999996
2025-03-29 07:00:00,0.351463,7,5,3,1,0.27154049999999996,0.3423,0.351463
2025-03-29 08:00:00,0.423248,8,5,3,1,0.351463,0.3200995,0.423248
2025-03-29 09:00:00,0.45782449999999997,9,5,3,1,0.423248,0.30886800000000003,0.45782449999999997
2025-03-29 10:00:00,0.4796925,10,5,3,1,0.45782449999999997,0.30976400000000004,0.4796925
2025-03-29 11:00:00,0.5140275000000001,11,5,3,1,0.4796925,0.339353,0.5140275000000001
2025-03-29 12:00:00,0.503083,12,5,3,1,0.5140275000000001,0.3519285,0.503083
2025-03-29 13:00:00,0.4773615,13,5,3,1,0.503083,0.34739600000000004,0.4773615
2025-03-29 14:00:00,0.4626195,14,5,3,1,0.4773615,0.33845000000000003,0.4626195
2025-03-29 15:00:00,0.456631,15,5,3,1,0.4626195,0.346556,0.456631
2025-03-29 16:00:00,0.4641735,16,5,3,1,0.456631,0.3757005,0.4641735
2025-03-29 17:00:00,0.5039965,17,5,3,1,0.4641735,0.442113,0.5039965
2025-03-29 18:00:00,0.567987,18,5,3,1,0.5039965,0.5379255000000001,0.567987
2025-03-29 19:00:00,0.581504,19,5,3,1,0.567987,0.5786235,0.581504
2025-03-29 20:00:00,0.526575,20,5,3,1,0.581504,0.5299524999999999,0.526575
2025-03-29 21:00:00,0.471338,21,5,3,1,0.526575,0.46819500000000003,0.471338
2025-03-29 22:00:00,0.4297615,22,5,3,1,0.471338,0.41027,0.4297615
2025-03-29 23:00:00,0.357455,23,5,3,1,0.4297615,0.3236485,0.357455
2025-03-30 00:00:00,0.2953195,0,6,3,1,0.357455,0.28421050000000003,0.2953195
2025-03-30 01:00:00,0.25612300000000005,1,6,3,1,0.2953195,0.2457245,0.25612300000000005
2025-03-30 02:00:00,0.239267,2,6,3,1,0.25612300000000005,0.229635,0.239267
2025-03-30 03:00:00,0.2313535,3,6,3,1,0.239267,0.223944,0.2313535
2025-03-30 04:00:00,0.229663,4,6,3,1,0.2313535,0.22782550000000001,0.229663
2025-03-30 05:00:00,0.23733150000000003,5,6,3,1,0.229663,0.2354485,0.23733150000000003
2025-03-30 06:00:00,0.2623915,6,6,3,1,0.23733150000000003,0.27154049999999996,0.2623915
2025-03-30 07:00:00,0.33152000000000004,7,6,3,1,0.2623915,0.351463,0.33152000000000004
2025-03-30 08:00:00,0.42406,8,6,3,1,0.33152000000000004,0.423248,0.42406
2025-03-30 09:00:00,0.492863,9,6,3,1,0.42406,0.45782449999999997,0.492863
2025-03-30 10:00:00,0.5450305,10,6,3,1,0.492863,0.4796925,0.5450305
2025-03-30 11:00:00,0.60165,11,6,3,1,0.5450305,0.5140275000000001,0.60165
2025-03-30 12:00:00,0.5700695,12,6,3,1,0.60165,0.503083,0.5700695
2025-03-30 13:00:00,0.5125540000000001,13,6,3,1,0.5700695,0.4773615,0.5125540000000001
2025-03-30 14:00:00,0.473137,14,6,3,1,0.5125540000000001,0.4626195,0.473137
2025-03-30 15:00:00,0.454118,15,6,3,1,0.473137,0.456631,0.454118
2025-03-30 16:00:00,0.4561655,16,6,3,1,0.454118,0.4641735,0.4561655
2025-03-30 17:00:00,0.506163,17,6,3,1,0.4561655,0.5039965,0.506163
2025-03-30 18:00:00,0.575456,18,6,3,1,0.506163,0.567987,0.575456
2025-03-30 19:00:00,0.586719,19,6,3,1,0.575456,0.581504,0.586719
2025-03-30 20:00:00,0.5398400000000001,20,6,3,1,0.586719,0.526575,0.5398400000000001
2025-03-30 21:00:00,0.47292,21,6,3,1,0.5398400000000001,0.471338,0.47292
2025-03-30 22:00:00,0.4127655,22,6,3,1,0.47292,0.4297615,0.4127655
2025-03-30 23:00:00,0.32603550000000003,23,6,3,1,0.4127655,0.357455,0.32603550000000003
2025-03-31 00:00:00,0.255479,0,0,3,0,0.32603550000000003,0.2953195,0.255479
2025-03-31 01:00:00,0.2242555,1,0,3,0,0.255479,0.25612300000000005,0.2242555
2025-03-31 02:00:00,0.21427000000000002,2,0,3,0,0.2242555,0.239267,0.21427000000000002
2025-03-31 03:00:00,0.21432600000000002,3,0,3,0,0.21427000000000002,0.2313535,0.21432600000000002
2025-03-31 04:00:00,0.22702050000000001,4,0,3,0,0.21432600000000002,0.229663,0.22702050000000001
2025-03-31 05:00:00,0.26187,5,0,3,0,0.22702050000000001,0.23733150000000003,0.26187
2025-03-31 06:00:00,0.327733,6,0,3,0,0.26187,0.2623915,0.327733
2025-03-31 07:00:00,0.3423,7,0,3,0,0.327733,0.33152000000000004,0.3423
2025-03-31 08:00:00,0.3200995,8,0,3,0,0.3423,0.42406,0.3200995
2025-03-31 09:00:00,0.30886800000000003,9,0,3,0,0.3200995,0.492863,0.30886800000000003
2025-03-31 10:00:00,0.30976400000000004,10,0,3,0,0.30886800000000003,0.5450305,0.30976400000000004
2025-03-31 11:00:00,0.339353,11,0,3,0,0.30976400000000004,0.60165,0.339353
2025-03-31 12:00:00,0.3519285,12,0,3,0,0.339353,0.5700695,0.3519285
2025-03-31 13:00:00,0.34739600000000004,13,0,3,0,0.3519285,0.5125540000000001,0.34739600000000004
2025-03-31 14:00:00,0.33845000000000003,14,0,3,0,0.34739600000000004,0.473137,0.33845000000000003
2025-03-31 15:00:00,0.346556,15,0,3,0,0.33845000000000003,0.454118,0.346556
2025-03-31 16:00:00,0.3757005,16,0,3,0,0.346556,0.4561655,0.3757005
2025-03-31 17:00:00,0.442113,17,0,3,0,0.3757005,0.506163,0.442113
2025-03-31 18:00:00,0.5379255000000001,18,0,3,0,0.442113,0.575456,0.5379255000000001
2025-03-31 19:00:00,0.5786235,19,0,3,0,0.5379255000000001,0.586719,0.5786235
2025-03-31 20:00:00,0.5299524999999999,20,0,3,0,0.5786235,0.5398400000000001,0.5299524999999999
2025-03-31 21:00:00,0.46819500000000003,21,0,3,0,0.5299524999999999,0.47292,0.46819500000000003
2025-03-31 22:00:00,0.41027,22,0,3,0,0.46819500000000003,0.4127655,0.41027
2025-03-31 23:00:00,0.3236485,23,0,3,0,0.41027,0.32603550000000003,0.3236485
2025-04-01 00:00:00,0.2755305,0,1,4,0,0.3236485,0.255479,0.255479
2025-04-01 01:00:00,0.23604,1,1,4,0,0.2755305,0.2242555,0.2242555
2025-04-01 02:00:00,0.22231299999999998,2,1,4,0,0.23604,0.21427000000000002,0.21427000000000002
2025-04-01 03:00:00,0.2228135,3,1,4,0,0.22231299999999998,0.21432600000000002,0.21432600000000002
2025-04-01 04:00:00,0.239078,4,1,4,0,0.2228135,0.22702050000000001,0.22702050000000001
2025-04-01 05:00:00,0.2843295,5,1,4,0,0.239078,0.26187,0.26187
2025-04-01 06:00:00,0.352681,6,1,4,0,0.2843295,0.327733,0.327733
2025-04-01 07:00:00,0.372834,7,1,4,0,0.352681,0.3423,0.3423
2025-04-01 08:00:00,0.35096950000000005,8,1,4,0,0.372834,0.3200995,0.3200995
2025-04-01 09:00:00,0.341488,9,1,4,0,0.35096950000000005,0.30886800000000003,0.30886800000000003
2025-04-01 10:00:00,0.3398745,10,1,4,0,0.341488,0.30976400000000004,0.30976400000000004
2025-04-01 11:00:00,0.366842,11,1,4,0,0.3398745,0.339353,0.339353
2025-04-01 12:00:00,0.381626,12,1,4,0,0.366842,0.3519285,0.3519285
2025-04-01 13:00:00,0.37192400000000003,13,1,4,0,0.381626,0.34739600000000004,0.34739600000000004
2025-04-01 14:00:00,0.355726,14,1,4,0,0.37192400000000003,0.33845000000000003,0.33845000000000003
2025-04-01 15:00:00,0.3604405,15,1,4,0,0.355726,0.346556,0.346556
2025-04-01 16:00:00,0.388542,16,1,4,0,0.3604405,0.3757005,0.3757005
2025-04-01 17:00:00,0.45269349999999997,17,1,4,0,0.388542,0.442113,0.442113
2025-04-01 18:00:00,0.527023,18,1,4,0,0.45269349999999997,0.5379255000000001,0.5379255000000001
2025-04-01 19:00:00,0.563626,19,1,4,0,0.527023,0.5786235,0.5786235
2025-04-01 20:00:00,0.5756870000000001,20,1,4,0,0.563626,0.5299524999999999,0.5299524999999999
2025-04-01 21:00:00,0.5399695,21,1,4,0,0.5756870000000001,0.46819500000000003,0.46819500000000003
2025-04-01 22:00:00,0.46117050000000004,22,1,4,0,0.5399695,0.41027,0.41027
2025-04-01 23:00:00,0.3591105,23,1,4,0,0.46117050000000004,0.3236485,0.3236485
2025-04-02 00:00:00,0.2755305,0,2,4,0,0.3591105,0.2755305,0.255479
2025-04-02 01:00:00,0.23604,1,2,4,0,0.2755305,0.23604,0.2242555
2025-04-02 02:00:00,0.22231299999999998,2,2,4,0,0.23604,0.22231299999999998,0.21427000000000002
2025-04-02 03:00:00,0.2228135,3,2,4,0,0.22231299999999998,0.2228135,0.21432600000000002
2025-04-02 04:00:00,0.239078,4,2,4,0,0.2228135,0.239078,0.22702050000000001
2025-04-02 05:00:00,0.2843295,5,2,4,0,0.239078,0.2843295,0.26187
2025-04-02 06:00:00,0.352681,6,2,4,0,0.2843295,0.352681,0.327733
2025-04-02 07:00:00,0.372834,7,2,4,0,0.352681,0.372834,0.3423
2025-04-02 08:00:00,0.35096950000000005,8,2,4,0,0.372834,0.35096950000000005,0.3200995
2025-04-02 09:00:00,0.341488,9,2,4,0,0.35096950000000005,0.341488,0.30886800000000003
2025-04-02 10:00:00,0.3398745,10,2,4,0,0.341488,0.3398745,0.30976400000000004
2025-04-02 11:00:00,0.366842,11,2,4,0,0.3398745,0.366842,0.339353
2025-04-02 12:00:00,0.381626,12,2,4,0,0.366842,0.381626,0.3519285
2025-04-02 13:00:00,0.37192400000000003,13,2,4,0,0.381626,0.37192400000000003,0.34739600000000004
2025-04-02 14:00:00,0.355726,14,2,4,0,0.37192400000000003,0.355726,0.33845000000000003
2025-04-02 15:00:00,0.3604405,15,2,4,0,0.355726,0.3604405,0.346556
2025-04-02 16:00:00,0.388542,16,2,4,0,0.3604405,0.388542,0.3757005
2025-04-02 17:00:00,0.45269349999999997,17,2,4,0,0.388542,0.45269349999999997,0.442113
2025-04-02 18:00:00,0.527023,18,2,4,0,0.45269349999999997,0.527023,0.5379255000000001
2025-04-02 19:00:00,0.563626,19,2,4,0,0.527023,0.563626,0.5786235
2025-04-02 20:00:00,0.5756870000000001,20,2,4,0,0.563626,0.5756870000000001,0.5299524999999999
2025-04-02 21:00:00,0.5399695,21,2,4,0,0.5756870000000001,0.5399695,0.46819500000000003
2025-04-02 22:00:00,0.46117050000000004,22,2,4,0,0.5399695,0.46117050000000004,0.41027
2025-04-02 23:00:00,0.3591105,23,2,4,0,0.46117050000000004,0.3591105,0.3236485
2025-04-03 00:00:00,0.2755305,0,3,4,0,0.3591105,0.2755305,0.255479
2025-04-03 01:00:00,0.23604,1,3,4,0,0.2755305,0.23604,0.2242555
2025-04-03 02:00:00,0.22231299999999998,2,3,4,0,0.23604,0.22231299999999998,0.21427000000000002
2025-04-03 03:00:00,0.2228135,3,3,4,0,0.22231299999999998,0.2228135,0.21432600000000002
2025-04-03 04:00:00,0.239078,4,3,4,0,0.2228135,0.239078,0.22702050000000001
2025-04-03 05:00:00,0.2843295,5,3,4,0,0.239078,0.2843295,0.26187
2025-04-03 06:00:00,0.352681,6,3,4,0,0.2843295,0.352681,0.327733
2025-04-03 07:00:00,0.372834,7,3,4,0,0.352681,0.372834,0.3423
2025-04-03 08:00:00,0.35096950000000005,8,3,4,0,0.372834,0.35096950000000005,0.3200995
2025-04-03 09:00:00,0.341488,9,3,4,0,0.35096950000000005,0.341488,0.30886800000000003
2025-04-03 10:00:00,0.3398745,10,3,4,0,0.341488,0.3398745,0.30976400000000004
2025-04-03 11:00:00,0.366842,11,3,4,0,0.3398745,0.366842,0.339353
2025-04-03 12:00:00,0.381626,12,3,4,0,0.366842,0.381626,0.3519285
2025-04-03 13:00:00,0.37192400000000003,13,3,4,0,0.381626,0.37192400000000003,0.34739600000000004
2025-04-03 14:00:00,0.355726,14,3,4,0,0.37192400000000003,0.355726,0.33845000000000003
2025-04-03 15:00:00,0.3604405,15,3,4,0,0.355726,0.3604405,0.346556
2025-04-03 16:00:00,0.388542,16,3,4,0,0.3604405,0.388542,0.3757005
2025-04-03 17:00:00,0.45269349999999997,17,3,4,0,0.388542,0.45269349999999997,0.442113
2025-04-03 18:00:00,0.527023,18,3,4,0,0.45269349999999997,0.527023,0.5379255000000001
2025-04-03 19:00:00,0.563626,19,3,4,0,0.527023,0.563626,0.5786235
2025-04-03 20:00:00,0.5756870000000001,20,3,4,0,0.563626,0.5756870000000001,0.5299524999999999
2025-04-03 21:00:00,0.5399695,21,3,4,0,0.5756870000000001,0.5399695,0.46819500000000003
2025-04-03 22:00:00,0.46117050000000004,22,3,4,0,0.5399695,0.46117050000000004,0.41027
2025-04-03 23:00:00,0.3591105,23,3,4,0,0.46117050000000004,0.3591105,0.3236485
2025-04-04 00:00:00,0.2755305,0,4,4,0,0.3591105,0.2755305,0.255479
2025-04-04 01:00:00,0.23604,1,4,4,0,0.2755305,0.23604,0.2242555
2025-04-04 02:00:00,0.22231299999999998,2,4,4,0,0.23604,0.22231299999999998,0.21427000000000002
2025-04-04 03:00:00,0.2228135,3,4,4,0,0.22231299999999998,0.2228135,0.21432600000000002
2025-04-04 04:00:00,0.239078,4,4,4,0,0.2228135,0.239078,0.22702050000000001
2025-04-04 05:00:00,0.2843295,5,4,4,0,0.239078,0.2843295,0.26187
2025-04-04 06:00:00,0.352681,6,4,4,0,0.2843295,0.352681,0.327733
2025-04-04 07:00:00,0.372834,7,4,4,0,0.352681,0.372834,0.3423
2025-04-04 08:00:00,0.35096950000000005,8,4,4,0,0.372834,0.35096950000000005,0.3200995
2025-04-04 09:00:00,0.341488,9,4,4,0,0.35096950000000005,0.341488,0.30886800000000003
2025-04-04 10:00:00,0.3398745,10,4,4,0,0.341488,0.3398745,0.30976400000000004
2025-04-04 11:00:00,0.366842,11,4,4,0,0.3398745,0.366842,0.339353
2025-04-04 12:00:00,0.381626,12,4,4,0,0.366842,0.381626,0.3519285
2025-04-04 13:00:00,0.37192400000000003,13,4,4,0,0.381626,0.37192400000000003,0.34739600000000004
2025-04-04 14:00:00,0.355726,14,4,4,0,0.37192400000000003,0.355726,0.33845000000000003
2025-04-04 15:00:00,0.3604405,15,4,4,0,0.355726,0.3604405,0.346556
2025-04-04 16:00:00,0.388542,16,4,4,0,0.3604405,0.388542,0.3757005
2025-04-04 17:00:00,0.45269349999999997,17,4,4,0,0.388542,0.45269349999999997,0.442113
2025-04-04 18:00:00,0.527023,18,4,4,0,0.45269349999999997,0.527023,0.5379255000000001
2025-04-04 19:00:00,0.563626,19,4,4,0,0.527023,0.563626,0.5786235
2025-04-04 20:00:00,0.5756870000000001,20,4,4,0,0.563626,0.5756870000000001,0.5299524999999999
2025-04-04 21:00:00,0.5399695,21,4,4,0,0.5756870000000001,0.5399695,0.46819500000000003
2025-04-04 22:00:00,0.46117050000000004,22,4,4,0,0.5399695,0.46117050000000004,0.41027
2025-04-04 23:00:00,0.3591105,23,4,4,0,0.46117050000000004,0.3591105,0.3236485
2025-04-05 00:00:00,0.309029,0,5,4,1,0.3591105,0.2755305,0.28421050000000003
2025-04-05 01:00:00,0.2611735,1,5,4,1,0.309029,0.23604,0.2457245
2025-04-05 02:00:00,0.24068099999999998,2,5,4,1,0.2611735,0.22231299999999998,0.229635
2025-04-05 03:00:00,0.23529100000000003,3,5,4,1,0.24068099999999998,0.2228135,0.223944
2025-04-05 04:00:00,0.24053750000000002,4,5,4,1,0.23529100000000003,0.239078,0.22782550000000001
2025-04-05 05:00:00,0.2540965,5,5,4,1,0.24053750000000002,0.2843295,0.2354485
2025-04-05 06:00:00,0.2942415,6,5,4,1,0.2540965,0.352681,0.27154049999999996
2025-04-05 07:00:00,0.38540599999999997,7,5,4,1,0.2942415,0.372834,0.351463
2025-04-05 08:00:00,0.466494,8,5,4,1,0.38540599999999997,0.35096950000000005,0.423248
2025-04-05 09:00:00,0.5034784999999999,9,5,4,1,0.466494,0.341488,0.45782449999999997
2025-04-05 10:00:00,0.5228195,10,5,4,1,0.5034784999999999,0.3398745,0.4796925
2025-04-05 11:00:00,0.5548445,11,5,4,1,0.5228195,0.366842,0.5140275000000001
2025-04-05 12:00:00,0.5443375,12,5,4,1,0.5548445,0.381626,0.503083
2025-04-05 13:00:00,0.5117665,13,5,4,1,0.5443375,0.37192400000000003,0.4773615
2025-04-05 14:00:00,0.4898075,14,5,4,1,0.5117665,0.355726,0.4626195
2025-04-05 15:00:00,0.478765,15,5,4,1,0.4898075,0.3604405,0.456631
2025-04-05 16:00:00,0.480067,16,5,4,1,0.478765,0.388542,0.4641735
2025-04-05 17:00:00,0.512267,17,5,4,1,0.480067,0.45269349999999997,0.5039965
2025-04-05 18:00:00,0.5523385000000001,18,5,4,1,0.512267,0.527023,0.567987
2025-04-05 19:00:00,0.5578965,19,5,4,1,0.5523385000000001,0.563626,0.581504
2025-04-05 20:00:00,0.5626705,20,5,4,1,0.5578965,0.5756870000000001,0.526575
2025-04-05 21:00:00,0.536809,21,5,4,1,0.5626705,0.5399695,0.471338
2025-04-05 22:00:00,0.4776275,22,5,4,1,0.536809,0.46117050000000004,0.4297615
2025-04-05 23:00:00,0.393743,23,5,4,1,0.4776275,0.3591105,0.357455
2025-04-06 00:00:00,0.3222975,0,6,4,1,0.393743,0.309029,0.2953195
2025-04-06 01:00:00,0.27328,1,6,4,1,0.3222975,0.2611735,0.25612300000000005
2025-04-06 02:00:00,0.250768,2,6,4,1,0.27328,0.24068099999999998,0.239267
2025-04-06 03:00:00,0.2419865,3,6,4,1,0.250768,0.23529100000000003,0.2313535
2025-04-06 04:00:00,0.245112,4,6,4,1,0.2419865,0.24053750000000002,0.229663
2025-04-06 05:00:00,0.2583385,5,6,4,1,0.245112,0.2540965,0.23733150000000003
2025-04-06 06:00:00,0.28588,6,6,4,1,0.2583385,0.2942415,0.2623915
2025-04-06 07:00:00,0.3679025,7,6,4,1,0.28588,0.38540599999999997,0.33152000000000004
2025-04-06 08:00:00,0.476028,8,6,4,1,0.3679025,0.466494,0.42406
2025-04-06 09:00:00,0.5510539999999999,9,6,4,1,0.476028,0.5034784999999999,0.492863
2025-04-06 10:00:00,0.5995885000000001,10,6,4,1,0.5510539999999999,0.5228195,0.5450305
2025-04-06 11:00:00,0.652421,11,6,4,1,0.5995885000000001,0.5548445,0.60165
2025-04-06 12:00:00,0.614999,12,6,4,1,0.652421,0.5443375,0.5700695
2025-04-06 13:00:00,0.5419855,13,6,4,1,0.614999,0.5117665,0.5125540000000001
2025-04-06 14:00:00,0.49364700000000006,14,6,4,1,0.5419855,0.4898075,0.473137
2025-04-06 15:00:00,0.46564,15,6,4,1,0.49364700000000006,0.478765,0.454118
2025-04-06 16:00:00,0.46112149999999996,16,6,4,1,0.46564,0.480067,0.4561655
2025-04-06 17:00:00,0.5065935,17,6,4,1,0.46112149999999996,0.512267,0.506163
2025-04-06 18:00:00,0.5585475,18,6,4,1,0.5065935,0.5523385000000001,0.575456
2025-04-06 19:00:00,0.5715255,19,6,4,1,0.5585475,0.5578965,0.586719
2025-04-06 20:00:00,0.5733245,20,6,4,1,0.5715255,0.5626705,0.5398400000000001
2025-04-06 21:00:00,0.535647,21,6,4,1,0.5733245,0.536809,0.47292
2025-04-06 22:00:00,0.4580135,22,6,4,1,0.535647,0.4776275,0.4127655
2025-04-06 23:00:00,0.35988050000000005,23,6,4,1,0.4580135,0.393743,0.32603550000000003
2025-04-07 00:00:00,0.2755305,0,0,4,0,0.35988050000000005,0.3222975,0.255479
2025-04-07 01:00:00,0.23604,1,0,4,0,0.2755305,0.27328,0.2242555
2025-04-07 02:00:00,0.22231299999999998,2,0,4,0,0.23604,0.250768,0.21427000000000002
2025-04-07 03:00:00,0.2228135,3,0,4,0,0.22231299999999998,0.2419865,0.21432600000000002
2025-04-07 04:00:00,0.239078,4,0,4,0,0.2228135,0.245112,0.22702050000000001
2025-04-07 05:00:00,0.2843295,5,0,4,0,0.239078,0.2583385,0.26187
2025-04-07 06:00:00,0.352681,6,0,4,0,0.2843295,0.28588,0.327733
2025-04-07 07:00:00,0.372834,7,0,4,0,0.352681,0.3679025,0.3423
2025-04-07 08:00:00,0.35096950000000005,8,0,4,0,0.372834,0.476028,0.3200995
2025-04-07 09:00:00,0.341488,9,0,4,0,0.35096950000000005,0.5510539999999999,0.30886800000000003
2025-04-07 10:00:00,0.3398745,10,0,4,0,0.341488,0.5995885000000001,0.30976400000000004
2025-04-07 11:00:00,0.366842,11,0,4,0,0.3398745,0.652421,0.339353
2025-04-07 12:00:00,0.381626,12,0,4,0,0.366842,0.614999,0.3519285
2025-04-07 13:00:00,0.37192400000000003,13,0,4,0,0.381626,0.5419855,0.34739600000000004
2025-04-07 14:00:00,0.355726,14,0,4,0,0.37192400000000003,0.49364700000000006,0.33845000000000003
2025-04-07 15:00:00,0.3604405,15,0,4,0,0.355726,0.46564,0.346556
2025-04-07 16:00:00,0.388542,16,0,4,0,0.3604405,0.46112149999999996,0.3757005
2025-04-07 17:00:00,0.45269349999999997,17,0,4,0,0.388542,0.5065935,0.442113
2025-04-07 18:00:00,0.527023,18,0,4,0,0.45269349999999997,0.5585475,0.5379255000000001
2025-04-07 19:00:00,0.563626,19,0,4,0,0.527023,0.5715255,0.5786235
2025-04-07 20:00:00,0.5756870000000001,20,0,4,0,0.563626,0.5733245,0.5299524999999999
2025-04-07 21:00:00,0.5399695,21,0,4,0,0.5756870000000001,0.535647,0.46819500000000003
2025-04-07 22:00:00,0.46117050000000004,22,0,4,0,0.5399695,0.4580135,0.41027
2025-04-07 23:00:00,0.3591105,23,0,4,0,0.46117050000000004,0.35988050000000005,0.3236485
2025-04-08 00:00:00,0.2755305,0,1,4,0,0.3591105,0.2755305,0.2755305
2025-04-08 01:00:00,0.23604,1,1,4,0,0.2755305,0.23604,0.23604
2025-04-08 02:00:00,0.22231299999999998,2,1,4,0,0.23604,0.22231299999999998,0.22231299999999998
2025-04-08 03:00:00,0.2228135,3,1,4,0,0.22231299999999998,0.2228135,0.2228135
2025-04-08 04:00:00,0.239078,4,1,4,0,0.2228135,0.239078,0.239078
2025-04-08 05:00:00,0.2843295,5,1,4,0,0.239078,0.2843295,0.2843295
2025-04-08 06:00:00,0.352681,6,1,4,0,0.2843295,0.352681,0.352681
2025-04-08 07:00:00,0.372834,7,1,4,0,0.352681,0.372834,0.372834
2025-04-08 08:00:00,0.35096950000000005,8,1,4,0,0.372834,0.35096950000000005,0.35096950000000005
2025-04-08 09:00:00,0.341488,9,1,4,0,0.35096950000000005,0.341488,0.341488
2025-04-08 10:00:00,0.3398745,10,1,4,0,0.341488,0.3398745,0.3398745
2025-04-08 11:00:00,0.366842,11,1,4,0,0.3398745,0.366842,0.366842
2025-04-08 12:00:00,0.381626,12,1,4,0,0.366842,0.381626,0.381626
2025-04-08 13:00:00,0.37192400000000003,13,1,4,0,0.381626,0.37192400000000003,0.37192400000000003
2025-04-08 14:00:00,0.355726,14,1,4,0,0.37192400000000003,0.355726,0.355726
2025-04-08 15:00:00,0.3604405,15,1,4,0,0.355726,0.3604405,0.3604405
2025-04-08 16:00:00,0.388542,16,1,4,0,0.3604405,0.388542,0.388542
2025-04-08 17:00:00,0.45269349999999997,17,1,4,0,0.388542,0.45269349999999997,0.45269349999999997
2025-04-08 18:00:00,0.527023,18,1,4,0,0.45269349999999997,0.527023,0.527023
2025-04-08 19:00:00,0.563626,19,1,4,0,0.527023,0.563626,0.563626
2025-04-08 20:00:00,0.5756870000000001,20,1,4,0,0.563626,0.5756870000000001,0.5756870000000001
2025-04-08 21:00:00,0.5399695,21,1,4,0,0.5756870000000001,0.5399695,0.5399695
2025-04-08 22:00:00,0.46117050000000004,22,1,4,0,0.5399695,0.46117050000000004,0.46117050000000004
2025-04-08 23:00:00,0.3591105,23,1,4,0,0.46117050000000004,0.3591105,0.3591105
2025-04-09 00:00:00,0.2755305,0,2,4,0,0.3591105,0.2755305,0.2755305
2025-04-09 01:00:00,0.23604,1,2,4,0,0.2755305,0.23604,0.23604
2025-04-09 02:00:00,0.22231299999999998,2,2,4,0,0.23604,0.22231299999999998,0.22231299999999998
2025-04-09 03:00:00,0.2228135,3,2,4,0,0.22231299999999998,0.2228135,0.2228135
2025-04-09 04:00:00,0.239078,4,2,4,0,0.2228135,0.239078,0.239078
2025-04-09 05:00:00,0.2843295,5,2,4,0,0.239078,0.2843295,0.2843295
2025-04-09 06:00:00,0.352681,6,2,4,0,0.2843295,0.352681,0.352681
2025-04-09 07:00:00,0.372834,7,2,4,0,0.352681,0.372834,0.372834
2025-04-09 08:00:00,0.35096950000000005,8,2,4,0,0.372834,0.35096950000000005,0.35096950000000005
2025-04-09 09:00:00,0.341488,9,2,4,0,0.35096950000000005,0.341488,0.341488
2025-04-09 10:00:00,0.3398745,10,2,4,0,0.341488,0.3398745,0.3398745
2025-04-09 11:00:00,0.366842,11,2,4,0,0.3398745,0.366842,0.366842
2025-04-09 12:00:00,0.381626,12,2,4,0,0.366842,0.381626,0.381626
2025-04-09 13:00:00,0.37192400000000003,13,2,4,0,0.381626,0.37192400000000003,0.37192400000000003
2025-04-09 14:00:00,0.355726,14,2,4,0,0.37192400000000003,0.355726,0.355726
2025-04-09 15:00:00,0.3604405,15,2,4,0,0.355726,0.3604405,0.3604405
2025-04-09 16:00:00,0.388542,16,2,4,0,0.3604405,0.388542,0.388542
2025-04-09 17:00:00,0.45269349999999997,17,2,4,0,0.388542,0.45269349999999997,0.45269349999999997
2025-04-09 18:00:00,0.527023,18,2,4,0,0.45269349999999997,0.527023,0.527023
2025-04-09 19:00:00,0.563626,19,2,4,0,0.527023,0.563626,0.563626
2025-04-09 20:00:00,0.5756870000000001,20,2,4,0,0.563626,0.5756870000000001,0.5756870000000001
2025-04-09 21:00:00,0.5399695,21,2,4,0,0.5756870000000001,0.5399695,0.5399695
2025-04-09 22:00:00,0.46117050000000004,22,2,4,0,0.5399695,0.46117050000000004,0.46117050000000004
2025-04-09 23:00:00,0.3591105,23,2,4,0,0.46117050000000004,0.3591105,0.3591105
2025-04-10 00:00:00,0.2755305,0,3,4,0,0.3591105,0.2755305,0.2755305
2025-04-10 01:00:00,0.23604,1,3,4,0,0.2755305,0.23604,0.23604
2025-04-10 02:00:00,0.22231299999999998,2,3,4,0,0.23604,0.22231299999999998,0.22231299999999998
2025-04-10 03:00:00,0.2228135,3,3,4,0,0.22231299999999998,0.2228135,0.2228135
2025-04-10 04:00:00,0.239078,4,3,4,0,0.2228135,0.239078,0.239078
2025-04-10 05:00:00,0.2843295,5,3,4,0,0.239078,0.2843295,0.2843295
2025-04-10 06:00:00,0.352681,6,3,4,0,0.2843295,0.352681,0.352681
2025-04-10 07:00:00,0.372834,7,3,4,0,0.352681,0.372834,0.372834
2025-04-10 08:00:00,0.35096950000000005,8,3,4,0,0.372834,0.35096950000000005,0.35096950000000005
2025-04-10 09:00:00,0.341488,9,3,4,0,0.35096950000000005,0.341488,0.341488
2025-04-10 10:00:00,0.3398745,10,3,4,0,0.341488,0.3398745,0.3398745
2025-04-10 11:00:00,0.366842,11,3,4,0,0.3398745,0.366842,0.366842
2025-04-10 12:00:00,0.381626,12,3,4,0,0.366842,0.381626,0.381626
2025-04-10 13:00:00,0.37192400000000003,13,3,4,0,0.381626,0.37192400000000003,0.37192400000000003
2025-04-10 14:00:00,0.355726,14,3,4,0,0.37192400000000003,0.355726,0.355726
2025-04-10 15:00:00,0.3604405,15,3,4,0,0.355726,0.3604405,0.3604405
2025-04-10 16:00:00,0.388542,16,3,4,0,0.3604405,0.388542,0.388542
2025-04-10 17:00:00,0.45269349999999997,17,3,4,0,0.388542,0.45269349999999997,0.45269349999999997
2025-04-10 18:00:00,0.527023,18,3,4,0,0.45269349999999997,0.527023,0.527023
2025-04-10 19:00:00,0.563626,19,3,4,0,0.527023,0.563626,0.563626
2025-04-10 20:00:00,0.5756870000000001,20,3,4,0,0.563626,0.5756870000000001,0.5756870000000001
2025-04-10 21:00:00,0.5399695,21,3,4,0,0.5756870000000001,0.5399695,0.5399695
2025-04-10 22:00:00,0.46117050000000004,22,3,4,0,0.5399695,0.46117050000000004,0.46117050000000004
2025-04-10 23:00:00,0.3591105,23,3,4,0,0.46117050000000004,0.3591105,0.3591105
2025-04-11 00:00:00,0.2755305,0,4,4,0,0.3591105,0.2755305,0.2755305
2025-04-11 01:00:00,0.23604,1,4,4,0,0.2755305,0.23604,0.23604
2025-04-11 02:00:00,0.22231299999999998,2,4,4,0,0.23604,0.22231299999999998,0.22231299999999998
2025-04-11 03:00:00,0.2228135,3,4,4,0,0.22231299999999998,0.2228135,0.2228135
2025-04-11 04:00:00,0.239078,4,4,4,0,0.2228135,0.239078,0.239078
2025-04-11 05:00:00,0.2843295,5,4,4,0,0.239078,0.2843295,0.2843295
2025-04-11 06:00:00,0.352681,6,4,4,0,0.2843295,0.352681,0.352681
2025-04-11 07:00:00,0.372834,7,4,4,0,0.352681,0.372834,0.372834
2025-04-11 08:00:00,0.35096950000000005,8,4,4,0,0.372834,0.35096950000000005,0.35096950000000005
2025-04-11 09:00:00,0.341488,9,4,4,0,0.35096950000000005,0.341488,0.341488
2025-04-11 10:00:00,0.3398745,10,4,4,0,0.341488,0.3398745,0.3398745
2025-04-11 11:00:00,0.366842,11,4,4,0,0.3398745,0.366842,0.366842
2025-04-11 12:00:00,0.381626,12,4,4,0,0.366842,0.381626,0.381626
2025-04-11 13:00:00,0.37192400000000003,13,4,4,0,0.381626,0.37192400000000003,0.37192400000000003
2025-04-11 14:00:00,0.355726,14,4,4,0,0.37192400000000003,0.355726,0.355726
2025-04-11 15:00:00,0.3604405,15,4,4,0,0.355726,0.3604405,0.3604405
2025-04-11 16:00:00,0.388542,16,4,4,0,0.3604405,0.388542,0.388542
2025-04-11 17:00:00,0.45269349999999997,17,4,4,0,0.388542,0.45269349999999997,0.45269349999999997
2025-04-11 18:00:00,0.527023,18,4,4,0,0.45269349999999997,0.527023,0.527023
2025-04-11 19:00:00,0.563626,19,4,4,0,0.527023,0.563626,0.563626
2025-04-11 20:00:00,0.5756870000000001,20,4,4,0,0.563626,0.5756870000000001,0.5756870000000001
2025-04-11 21:00:00,0.5399695,21,4,4,0,0.5756870000000001,0.5399695,0.5399695
2025-04-11 22:00:00,0.46117050000000004,22,4,4,0,0.5399695,0.46117050000000004,0.46117050000000004
2025-04-11 23:00:00,0.3591105,23,4,4,0,0.46117050000000004,0.3591105,0.3591105
2025-04-12 00:00:00,0.309029,0,5,4,1,0.3591105,0.2755305,0.309029
2025-04-12 01:00:00,0.2611735,1,5,4,1,0.309029,0.23604,0.2611735
2025-04-12 02:00:00,0.24068099999999998,2,5,4,1,0.2611735,0.22231299999999998,0.24068099999999998
2025-04-12 03:00:00,0.23529100000000003,3,5,4,1,0.24068099999999998,0.2228135,0.23529100000000003
2025-04-12 04:00:00,0.24053750000000002,4,5,4,1,0.23529100000000003,0.239078,0.24053750000000002
2025-04-12 05:00:00,0.2540965,5,5,4,1,0.24053750000000002,0.2843295,0.2540965
2025-04-12 06:00:00,0.2942415,6,5,4,1,0.2540965,0.352681,0.2942415
2025-04-12 07:00:00,0.38540599999999997,7,5,4,1,0.2942415,0.372834,0.38540599999999997
2025-04-12 08:00:00,0.466494,8,5,4,1,0.38540599999999997,0.35096950000000005,0.466494
2025-04-12 09:00:00,0.5034784999999999,9,5,4,1,0.466494,0.341488,0.5034784999999999
2025-04-12 10:00:00,0.5228195,10,5,4,1,0.5034784999999999,0.3398745,0.5228195
2025-04-12 11:00:00,0.5548445,11,5,4,1,0.5228195,0.366842,0.5548445
2025-04-12 12:00:00,0.5443375,12,5,4,1,0.5548445,0.381626,0.5443375
2025-04-12 13:00:00,0.5117665,13,5,4,1,0.5443375,0.37192400000000003,0.5117665
2025-04-12 14:00:00,0.4898075,14,5,4,1,0.5117665,0.355726,0.4898075
2025-04-12 15:00:00,0.478765,15,5,4,1,0.4898075,0.3604405,0.478765
2025-04-12 16:00:00,0.480067,16,5,4,1,0.478765,0.388542,0.480067
2025-04-12 17:00:00,0.512267,17,5,4,1,0.480067,0.45269349999999997,0.512267
2025-04-12 18:00:00,0.5523385000000001,18,5,4,1,0.512267,0.527023,0.5523385000000001
2025-04-12 19:00:00,0.5578965,19,5,4,1,0.5523385000000001,0.563626,0.5578965
2025-04-12 20:00:00,0.5626705,20,5,4,1,0.5578965,0.5756870000000001,0.5626705
2025-04-12 21:00:00,0.536809,21,5,4,1,0.5626705,0.5399695,0.536809
2025-04-12 22:00:00,0.4776275,22,5,4,1,0.536809,0.46117050000000004,0.4776275
2025-04-12 23:00:00,0.393743,23,5,4,1,0.4776275,0.3591105,0.393743
2025-04-13 00:00:00,0.3222975,0,6,4,1,0.393743,0.309029,0.3222975
2025-04-13 01:00:00,0.27328,1,6,4,1,0.3222975,0.2611735,0.27328
2025-04-13 02:00:00,0.250768,2,6,4,1,0.27328,0.24068099999999998,0.250768
2025-04-13 03:00:00,0.2419865,3,6,4,1,0.250768,0.23529100000000003,0.2419865
2025-04-13 04:00:00,0.245112,4,6,4,1,0.2419865,0.24053750000000002,0.245112
2025-04-13 05:00:00,0.2583385,5,6,4,1,0.245112,0.2540965,0.2583385
2025-04-13 06:00:00,0.28588,6,6,4,1,0.2583385,0.2942415,0.28588
2025-04-13 07:00:00,0.3679025,7,6,4,1,0.28588,0.38540599999999997,0.3679025
2025-04-13 08:00:00,0.476028,8,6,4,1,0.3679025,0.466494,0.476028
2025-04-13 09:00:00,0.5510539999999999,9,6,4,1,0.476028,0.5034784999999999,0.5510539999999999
2025-04-13 10:00:00,0.5995885000000001,10,6,4,1,0.5510539999999999,0.5228195,0.5995885000000001
2025-04-13 11:00:00,0.652421,11,6,4,1,0.5995885000000001,0.5548445,0.652421
2025-04-13 12:00:00,0.614999,12,6,4,1,0.652421,0.5443375,0.614999
2025-04-13 13:00:00,0.5419855,13,6,4,1,0.614999,0.5117665,0.5419855
2025-04-13 14:00:00,0.49364700000000006,14,6,4,1,0.5419855,0.4898075,0.49364700000000006
2025-04-13 15:00:00,0.46564,15,6,4,1,0.49364700000000006,0.478765,0.46564
2025-04-13 16:00:00,0.46112149999999996,16,6,4,1,0.46564,0.480067,0.46112149999999996
2025-04-13 17:00:00,0.5065935,17,6,4,1,0.46112149999999996,0.512267,0.5065935
2025-04-13 18:00:00,0.5585475,18,6,4,1,0.5065935,0.5523385000000001,0.5585475
2025-04-13 19:00:00,0.5715255,19,6,4,1,0.5585475,0.5578965,0.5715255
2025-04-13 20:00:00,0.5733245,20,6,4,1,0.5715255,0.5626705,0.5733245
2025-04-13 21:00:00,0.535647,21,6,4,1,0.5733245,0.536809,0.535647
2025-04-13 22:00:00,0.4580135,22,6,4,1,0.535647,0.4776275,0.4580135
2025-04-13 23:00:00,0.35988050000000005,23,6,4,1,0.4580135,0.393743,0.35988050000000005
2025-04-14 00:00:00,0.2755305,0,0,4,0,0.35988050000000005,0.3222975,0.2755305
2025-04-14 01:00:00,0.23604,1,0,4,0,0.2755305,0.27328,0.23604
2025-04-14 02:00:00,0.22231299999999998,2,0,4,0,0.23604,0.250768,0.22231299999999998
2025-04-14 03:00:00,0.2228135,3,0,4,0,0.22231299999999998,0.2419865,0.2228135
2025-04-14 04:00:00,0.239078,4,0,4,0,0.2228135,0.245112,0.239078
2025-04-14 05:00:00,0.2843295,5,0,4,0,0.239078,0.2583385,0.2843295
2025-04-14 06:00:00,0.352681,6,0,4,0,0.2843295,0.28588,0.352681
2025-04-14 07:00:00,0.372834,7,0,4,0,0.352681,0.3679025,0.372834
2025-04-14 08:00:00,0.35096950000000005,8,0,4,0,0.372834,0.476028,0.35096950000000005
2025-04-14 09:00:00,0.341488,9,0,4,0,0.35096950000000005,0.5510539999999999,0.341488
2025-04-14 10:00:00,0.3398745,10,0,4,0,0.341488,0.5995885000000001,0.3398745
2025-04-14 11:00:00,0.366842,11,0,4,0,0.3398745,0.652421,0.366842
2025-04-14 12:00:00,0.381626,12,0,4,0,0.366842,0.614999,0.381626
2025-04-14 13:00:00,0.37192400000000003,13,0,4,0,0.381626,0.5419855,0.37192400000000003
2025-04-14 14:00:00,0.355726,14,0,4,0,0.37192400000000003,0.49364700000000006,0.355726
2025-04-14 15:00:00,0.3604405,15,0,4,0,0.355726,0.46564,0.3604405
2025-04-14 16:00:00,0.388542,16,0,4,0,0.3604405,0.46112149999999996,0.388542
2025-04-14 17:00:00,0.45269349999999997,17,0,4,0,0.388542,0.5065935,0.45269349999999997
2025-04-14 18:00:00,0.527023,18,0,4,0,0.45269349999999997,0.5585475,0.527023
2025-04-14 19:00:00,0.563626,19,0,4,0,0.527023,0.5715255,0.563626
2025-04-14 20:00:00,0.5756870000000001,20,0,4,0,0.563626,0.5733245,0.5756870000000001
2025-04-14 21:00:00,0.5399695,21,0,4,0,0.5756870000000001,0.535647,0.5399695
2025-04-14 22:00:00,0.46117050000000004,22,0,4,0,0.5399695,0.4580135,0.46117050000000004
2025-04-14 23:00:00,0.3591105,23,0,4,0,0.46117050000000004,0.35988050000000005,0.3591105
2025-04-15 00:00:00,0.2755305,0,1,4,0,0.3591105,0.2755305,0.2755305
2025-04-15 01:00:00,0.23604,1,1,4,0,0.2755305,0.23604,0.23604
2025-04-15 02:00:00,0.22231299999999998,2,1,4,0,0.23604,0.22231299999999998,0.22231299999999998
2025-04-15 03:00:00,0.2228135,3,1,4,0,0.22231299999999998,0.2228135,0.2228135
2025-04-15 04:00:00,0.239078,4,1,4,0,0.2228135,0.239078,0.239078
2025-04-15 05:00:00,0.2843295,5,1,4,0,0.239078,0.2843295,0.2843295
2025-04-15 06:00:00,0.352681,6,1,4,0,0.2843295,0.352681,0.352681
2025-04-15 07:00:00,0.372834,7,1,4,0,0.352681,0.372834,0.372834
2025-04-15 08:00:00,0.35096950000000005,8,1,4,0,0.372834,0.35096950000000005,0.35096950000000005
2025-04-15 09:00:00,0.341488,9,1,4,0,0.35096950000000005,0.341488,0.341488
2025-04-15 10:00:00,0.3398745,10,1,4,0,0.341488,0.3398745,0.3398745
2025-04-15 11:00:00,0.366842,11,1,4,0,0.3398745,0.366842,0.366842
2025-04-15 12:00:00,0.381626,12,1,4,0,0.366842,0.381626,0.381626
2025-04-15 13:00:00,0.37192400000000003,13,1,4,0,0.381626,0.37192400000000003,0.37192400000000003
2025-04-15 14:00:00,0.355726,14,1,4,0,0.37192400000000003,0.355726,0.355726
2025-04-15 15:00:00,0.3604405,15,1,4,0,0.355726,0.3604405,0.3604405
2025-04-15 16:00:00,0.388542,16,1,4,0,0.3604405,0.388542,0.388542
2025-04-15 17:00:00,0.45269349999999997,17,1,4,0,0.388542,0.45269349999999997,0.45269349999999997
2025-04-15 18:00:00,0.527023,18,1,4,0,0.45269349999999997,0.527023,0.527023
2025-04-15 19:00:00,0.563626,19,1,4,0,0.527023,0.563626,0.563626
2025-04-15 20:00:00,0.5756870000000001,20,1,4,0,0.563626,0.5756870000000001,0.5756870000000001
2025-04-15 21:00:00,0.5399695,21,1,4,0,0.5756870000000001,0.5399695,0.5399695
2025-04-15 22:00:00,0.46117050000000004,22,1,4,0,0.5399695,0.46117050000000004,0.46117050000000004
2025-04-15 23:00:00,0.3591105,23,1,4,0,0.46117050000000004,0.3591105,0.3591105
2025-04-16 00:00:00,0.2755305,0,2,4,0,0.3591105,0.2755305,0.2755305
2025-04-16 01:00:00,0.23604,1,2,4,0,0.2755305,0.23604,0.23604
2025-04-16 02:00:00,0.22231299999999998,2,2,4,0,0.23604,0.22231299999999998,0.22231299999999998
2025-04-16 03:00:00,0.2228135,3,2,4,0,0.22231299999999998,0.2228135,0.2228135
2025-04-16 04:00:00,0.239078,4,2,4,0,0.2228135,0.239078,0.239078
2025-04-16 05:00:00,0.2843295,5,2,4,0,0.239078,0.2843295,0.2843295
2025-04-16 06:00:00,0.352681,6,2,4,0,0.2843295,0.352681,0.352681
2025-04-16 07:00:00,0.372834,7,2,4,0,0.352681,0.372834,0.372834
2025-04-16 08:00:00,0.35096950000000005,8,2,4,0,0.372834,0.35096950000000005,0.35096950000000005
2025-04-16 09:00:00,0.341488,9,2,4,0,0.35096950000000005,0.341488,0.341488
2025-04-16 10:00:00,0.3398745,10,2,4,0,0.341488,0.3398745,0.3398745
2025-04-16 11:00:00,0.366842,11,2,4,0,0.3398745,0.366842,0.366842
2025-04-16 12:00:00,0.381626,12,2,4,0,0.366842,0.381626,0.381626
2025-04-16 13:00:00,0.37192400000000003,13,2,4,0,0.381626,0.37192400000000003,0.37192400000000003
2025-04-16 14:00:00,0.355726,14,2,4,0,0.37192400000000003,0.355726,0.355726
2025-04-16 15:00:00,0.3604405,15,2,4,0,0.355726,0.3604405,0.3604405
2025-04-16 16:00:00,0.388542,16,2,4,0,0.3604405,0.388542,0.388542
2025-04-16 17:00:00,0.45269349999999997,17,2,4,0,0.388542,0.45269349999999997,0.45269349999999997
2025-04-16 18:00:00,0.527023,18,2,4,0,0.45269349999999997,0.527023,0.527023
2025-04-16 19:00:00,0.563626,19,2,4,0,0.527023,0.563626,0.563626
2025-04-16 20:00:00,0.5756870000000001,20,2,4,0,0.563626,0.5756870000000001,0.5756870000000001
2025-04-16 21:00:00,0.5399695,21,2,4,0,0.5756870000000001,0.5399695,0.5399695
2025-04-16 22:00:00,0.46117050000000004,22,2,4,0,0.5399695,0.46117050000000004,0.46117050000000004
2025-04-16 23:00:00,0.3591105,23,2,4,0,0.46117050000000004,0.3591105,0.3591105
2025-04-17 00:00:00,0.2755305,0,3,4,0,0.3591105,0.2755305,0.2755305
2025-04-17 01:00:00,0.23604,1,3,4,0,0.2755305,0.23604,0.23604
2025-04-17 02:00:00,0.22231299999999998,2,3,4,0,0.23604,0.22231299999999998,0.22231299999999998
2025-04-17 03:00:00,0.2228135,3,3,4,0,0.22231299999999998,0.2228135,0.2228135
2025-04-17 04:00:00,0.239078,4,3,4,0,0.2228135,0.239078,0.239078
2025-04-17 05:00:00,0.2843295,5,3,4,0,0.239078,0.2843295,0.2843295
2025-04-17 06:00:00,0.352681,6,3,4,0,0.2843295,0.352681,0.352681
2025-04-17 07:00:00,0.372834,7,3,4,0,0.352681,0.372834,0.372834
2025-04-17 08:00:00,0.35096950000000005,8,3,4,0,0.372834,0.35096950000000005,0.35096950000000005
2025-04-17 09:00:00,0.341488,9,3,4,0,0.35096950000000005,0.341488,0.341488
2025-04-17 10:00:00,0.3398745,10,3,4,0,0.341488,0.3398745,0.3398745
2025-04-17 11:00:00,0.366842,11,3,4,0,0.3398745,0.366842,0.366842
2025-04-17 12:00:00,0.381626,12,3,4,0,0.366842,0.381626,0.381626
2025-04-17 13:00:00,0.37192400000000003,13,3,4,0,0.381626,0.37192400000000003,0.37192400000000003
2025-04-17 14:00:00,0.355726,14,3,4,0,0.37192400000000003,0.355726,0.355726
2025-04-17 15:00:00,0.3604405,15,3,4,0,0.355726,0.3604405,0.3604405
2025-04-17 16:00:00,0.388542,16,3,4,0,0.3604405,0.388542,0.388542
2025-04-17 17:00:00,0.45269349999999997,17,3,4,0,0.388542,0.45269349999999997,0.45269349999999997
2025-04-17 18:00:00,0.527023,18,3,4,0,0.45269349999999997,0.527023,0.527023
2025-04-17 19:00:00,0.563626,19,3,4,0,0.527023,0.563626,0.563626
2025-04-17 20:00:00,0.5756870000000001,20,3,4,0,0.563626,0.5756870000000001,0.5756870000000001
2025-04-17 21:00:00,0.5399695,21,3,4,0,0.5756870000000001,0.5399695,0.5399695
2025-04-17 22:00:00,0.46117050000000004,22,3,4,0,0.5399695,0.46117050000000004,0.46117050000000004
2025-04-17 23:00:00,0.3591105,23,3,4,0,0.46117050000000004,0.3591105,0.3591105
2025-04-18 00:00:00,0.2755305,0,4,4,0,0.3591105,0.2755305,0.2755305
2025-04-18 01:00:00,0.23604,1,4,4,0,0.2755305,0.23604,0.23604
2025-04-18 02:00:00,0.22231299999999998,2,4,4,0,0.23604,0.22231299999999998,0.22231299999999998
2025-04-18 03:00:00,0.2228135,3,4,4,0,0.22231299999999998,0.2228135,0.2228135
2025-04-18 04:00:00,0.239078,4,4,4,0,0.2228135,0.239078,0.239078
2025-04-18 05:00:00,0.2843295,5,4,4,0,0.239078,0.2843295,0.2843295
2025-04-18 06:00:00,0.352681,6,4,4,0,0.2843295,0.352681,0.352681
2025-04-18 07:00:00,0.372834,7,4,4,0,0.352681,0.372834,0.372834
2025-04-18 08:00:00,0.35096950000000005,8,4,4,0,0.372834,0.35096950000000005,0.35096950000000005
2025-04-18 09:00:00,0.341488,9,4,4,0,0.35096950000000005,0.341488,0.341488
2025-04-18 10:00:00,0.3398745,10,4,4,0,0.341488,0.3398745,0.3398745
2025-04-18 11:00:00,0.366842,11,4,4,0,0.3398745,0.366842,0.366842
2025-04-18 12:00:00,0.381626,12,4,4,0,0.366842,0.381626,0.381626
2025-04-18 13:00:00,0.37192400000000003,13,4,4,0,0.381626,0.37192400000000003,0.37192400000000003
2025-04-18 14:00:00,0.355726,14,4,4,0,0.37192400000000003,0.355726,0.355726
2025-04-18 15:00:00,0.3604405,15,4,4,0,0.355726,0.3604405,0.3604405
2025-04-18 16:00:00,0.388542,16,4,4,0,0.3604405,0.388542,0.388542
2025-04-18 17:00:00,0.45269349999999997,17,4,4,0,0.388542,0.45269349999999997,0.45269349999999997
2025-04-18 18:00:00,0.527023,18,4,4,0,0.45269349999999997,0.527023,0.527023
2025-04-18 19:00:00,0.563626,19,4,4,0,0.527023,0.563626,0.563626
2025-04-18 20:00:00,0.5756870000000001,20,4,4,0,0.563626,0.5756870000000001,0.5756870000000001
2025-04-18 21:00:00,0.5399695,21,4,4,0,0.5756870000000001,0.5399695,0.5399695
2025-04-18 22:00:00,0.46117050000000004,22,4,4,0,0.5399695,0.46117050000000004,0.46117050000000004
2025-04-18 23:00:00,0.3591105,23,4,4,0,0.46117050000000004,0.3591105,0.3591105
2025-04-19 00:00:00,0.309029,0,5,4,1,0.3591105,0.2755305,0.309029
2025-04-19 01:00:00,0.2611735,1,5,4,1,0.309029,0.23604,0.2611735
2025-04-19 02:00:00,0.24068099999999998,2,5,4,1,0.2611735,0.22231299999999998,0.24068099999999998
2025-04-19 03:00:00,0.23529100000000003,3,5,4,1,0.24068099999999998,0.2228135,0.23529100000000003
2025-04-19 04:00:00,0.24053750000000002,4,5,4,1,0.23529100000000003,0.239078,0.24053750000000002
2025-04-19 05:00:00,0.2540965,5,5,4,1,0.24053750000000002,0.2843295,0.2540965
2025-04-19 06:00:00,0.2942415,6,5,4,1,0.2540965,0.352681,0.2942415
2025-04-19 07:00:00,0.38540599999999997,7,5,4,1,0.2942415,0.372834,0.38540599999999997
2025-04-19 08:00:00,0.466494,8,5,4,1,0.38540599999999997,0.35096950000000005,0.466494
2025-04-19 09:00:00,0.5034784999999999,9,5,4,1,0.466494,0.341488,0.5034784999999999
2025-04-19 10:00:00,0.5228195,10,5,4,1,0.5034784999999999,0.3398745,0.5228195
2025-04-19 11:00:00,0.5548445,11,5,4,1,0.5228195,0.366842,0.5548445
2025-04-19 12:00:00,0.5443375,12,5,4,1,0.5548445,0.381626,0.5443375
2025-04-19 13:00:00,0.5117665,13,5,4,1,0.5443375,0.37192400000000003,0.5117665
2025-04-19 14:00:00,0.4898075,14,5,4,1,0.5117665,0.355726,0.4898075
2025-04-19 15:00:00,0.478765,15,5,4,1,0.4898075,0.3604405,0.478765
2025-04-19 16:00:00,0.480067,16,5,4,1,0.478765,0.388542,0.480067
2025-04-19 17:00:00,0.512267,17,5,4,1,0.480067,0.45269349999999997,0.512267
2025-04-19 18:00:00,0.5523385000000001,18,5,4,1,0.512267,0.527023,0.5523385000000001
2025-04-19 19:00:00,0.5578965,19,5,4,1,0.5523385000000001,0.563626,0.5578965
2025-04-19 20:00:00,0.5626705,20,5,4,1,0.5578965,0.5756870000000001,0.5626705
2025-04-19 21:00:00,0.536809,21,5,4,1,0.5626705,0.5399695,0.536809
2025-04-19 22:00:00,0.4776275,22,5,4,1,0.536809,0.46117050000000004,0.4776275
2025-04-19 23:00:00,0.393743,23,5,4,1,0.4776275,0.3591105,0.393743
2025-04-20 00:00:00,0.3222975,0,6,4,1,0.393743,0.309029,0.3222975
2025-04-20 01:00:00,0.27328,1,6,4,1,0.3222975,0.2611735,0.27328
2025-04-20 02:00:00,0.250768,2,6,4,1,0.27328,0.24068099999999998,0.250768
2025-04-20 03:00:00,0.2419865,3,6,4,1,0.250768,0.23529100000000003,0.2419865
2025-04-20 04:00:00,0.245112,4,6,4,1,0.2419865,0.24053750000000002,0.245112
2025-04-20 05:00:00,0.2583385,5,6,4,1,0.245112,0.2540965,0.2583385
2025-04-20 06:00:00,0.28588,6,6,4,1,0.2583385,0.2942415,0.28588
2025-04-20 07:00:00,0.3679025,7,6,4,1,0.28588,0.38540599999999997,0.3679025
2025-04-20 08:00:00,0.476028,8,6,4,1,0.3679025,0.466494,0.476028
2025-04-20 09:00:00,0.5510539999999999,9,6,4,1,0.476028,0.5034784999999999,0.5510539999999999
2025-04-20 10:00:00,0.5995885000000001,10,6,4,1,0.5510539999999999,0.5228195,0.5995885000000001
2025-04-20 11:00:00,0.652421,11,6,4,1,0.5995885000000001,0.5548445,0.652421
2025-04-20 12:00:00,0.614999,12,6,4,1,0.652421,0.5443375,0.614999
2025-04-20 13:00:00,0.5419855,13,6,4,1,0.614999,0.5117665,0.5419855
2025-04-20 14:00:00,0.49364700000000006,14,6,4,1,0.5419855,0.4898075,0.49364700000000006
2025-04-20 15:00:00,0.46564,15,6,4,1,0.49364700000000006,0.478765,0.46564
2025-04-20 16:00:00,0.46112149999999996,16,6,4,1,0.46564,0.480067,0.46112149999999996
2025-04-20 17:00:00,0.5065935,17,6,4,1,0.46112149999999996,0.512267,0.5065935
2025-04-20 18:00:00,0.5585475,18,6,4,1,0.5065935,0.5523385000000001,0.5585475
2025-04-20 19:00:00,0.5715255,19,6,4,1,0.5585475,0.5578965,0.5715255
2025-04-20 20:00:00,0.5733245,20,6,4,1,0.5715255,0.5626705,0.5733245
2025-04-20 21:00:00,0.535647,21,6,4,1,0.5733245,0.536809,0.535647
2025-04-20 22:00:00,0.4580135,22,6,4,1,0.535647,0.4776275,0.4580135
2025-04-20 23:00:00,0.35988050000000005,23,6,4,1,0.4580135,0.393743,0.35988050000000005
2025-04-21 00:00:00,0.2755305,0,0,4,0,0.35988050000000005,0.3222975,0.2755305
2025-04-21 01:00:00,0.23604,1,0,4,0,0.2755305,0.27328,0.23604
2025-04-21 02:00:00,0.22231299999999998,2,0,4,0,0.23604,0.250768,0.22231299999999998
2025-04-21 03:00:00,0.2228135,3,0,4,0,0.22231299999999998,0.2419865,0.2228135
2025-04-21 04:00:00,0.239078,4,0,4,0,0.2228135,0.245112,0.239078
2025-04-21 05:00:00,0.2843295,5,0,4,0,0.239078,0.2583385,0.2843295
2025-04-21 06:00:00,0.352681,6,0,4,0,0.2843295,0.28588,0.352681
2025-04-21 07:00:00,0.372834,7,0,4,0,0.352681,0.3679025,0.372834
2025-04-21 08:00:00,0.35096950000000005,8,0,4,0,0.372834,0.476028,0.35096950000000005
2025-04-21 09:00:00,0.341488,9,0,4,0,0.35096950000000005,0.5510539999999999,0.341488
2025-04-21 10:00:00,0.3398745,10,0,4,0,0.341488,0.5995885000000001,0.3398745
2025-04-21 11:00:00,0.366842,11,0,4,0,0.3398745,0.652421,0.366842
2025-04-21 12:00:00,0.381626,12,0,4,0,0.366842,0.614999,0.381626
2025-04-21 13:00:00,0.37192400000000003,13,0,4,0,0.381626,0.5419855,0.37192400000000003
2025-04-21 14:00:00,0.355726,14,0,4,0,0.37192400000000003,0.49364700000000006,0.355726
2025-04-21 15:00:00,0.3604405,15,0,4,0,0.355726,0.46564,0.3604405
2025-04-21 16:00:00,0.388542,16,0,4,0,0.3604405,0.46112149999999996,0.388542
2025-04-21 17:00:00,0.45269349999999997,17,0,4,0,0.388542,0.5065935,0.45269349999999997
2025-04-21 18:00:00,0.527023,18,0,4,0,0.45269349999999997,0.5585475,0.527023
2025-04-21 19:00:00,0.563626,19,0,4,0,0.527023,0.5715255,0.563626
2025-04-21 20:00:00,0.5756870000000001,20,0,4,0,0.563626,0.5733245,0.5756870000000001
2025-04-21 21:00:00,0.5399695,21,0,4,0,0.5756870000000001,0.535647,0.5399695
2025-04-21 22:00:00,0.46117050000000004,22,0,4,0,0.5399695,0.4580135,0.46117050000000004
2025-04-21 23:00:00,0.3591105,23,0,4,0,0.46117050000000004,0.35988050000000005,0.3591105
2025-04-22 00:00:00,0.2755305,0,1,4,0,0.3591105,0.2755305,0.2755305
2025-04-22 01:00:00,0.23604,1,1,4,0,0.2755305,0.23604,0.23604
2025-04-22 02:00:00,0.22231299999999998,2,1,4,0,0.23604,0.22231299999999998,0.22231299999999998
2025-04-22 03:00:00,0.2228135,3,1,4,0,0.22231299999999998,0.2228135,0.2228135
2025-04-22 04:00:00,0.239078,4,1,4,0,0.2228135,0.239078,0.239078
2025-04-22 05:00:00,0.2843295,5,1,4,0,0.239078,0.2843295,0.2843295
2025-04-22 06:00:00,0.352681,6,1,4,0,0.2843295,0.352681,0.352681
2025-04-22 07:00:00,0.372834,7,1,4,0,0.352681,0.372834,0.372834
2025-04-22 08:00:00,0.35096950000000005,8,1,4,0,0.372834,0.35096950000000005,0.35096950000000005
2025-04-22 09:00:00,0.341488,9,1,4,0,0.35096950000000005,0.341488,0.341488
2025-04-22 10:00:00,0.3398745,10,1,4,0,0.341488,0.3398745,0.3398745
2025-04-22 11:00:00,0.366842,11,1,4,0,0.3398745,0.366842,0.366842
2025-04-22 12:00:00,0.381626,12,1,4,0,0.366842,0.381626,0.381626
2025-04-22 13:00:00,0.37192400000000003,13,1,4,0,0.381626,0.37192400000000003,0.37192400000000003
2025-04-22 14:00:00,0.355726,14,1,4,0,0.37192400000000003,0.355726,0.355726
2025-04-22 15:00:00,0.3604405,15,1,4,0,0.355726,0.3604405,0.3604405
2025-04-22 16:00:00,0.388542,16,1,4,0,0.3604405,0.388542,0.388542
2025-04-22 17:00:00,0.45269349999999997,17,1,4,0,0.388542,0.45269349999999997,0.45269349999999997
2025-04-22 18:00:00,0.527023,18,1,4,0,0.45269349999999997,0.527023,0.527023
2025-04-22 19:00:00,0.563626,19,1,4,0,0.527023,0.563626,0.563626
2025-04-22 20:00:00,0.5756870000000001,20,1,4,0,0.563626,0.5756870000000001,0.5756870000000001
2025-04-22 21:00:00,0.5399695,21,1,4,0,0.5756870000000001,0.5399695,0.5399695
2025-04-22 22:00:00,0.46117050000000004,22,1,4,0,0.5399695,0.46117050000000004,0.46117050000000004
2025-04-22 23:00:00,0.3591105,23,1,4,0,0.46117050000000004,0.3591105,0.3591105
2025-04-23 00:00:00,0.2755305,0,2,4,0,0.3591105,0.2755305,0.2755305
2025-04-23 01:00:00,0.23604,1,2,4,0,0.2755305,0.23604,0.23604
2025-04-23 02:00:00,0.22231299999999998,2,2,4,0,0.23604,0.22231299999999998,0.22231299999999998
2025-04-23 03:00:00,0.2228135,3,2,4,0,0.22231299999999998,0.2228135,0.2228135
2025-04-23 04:00:00,0.239078,4,2,4,0,0.2228135,0.239078,0.239078
2025-04-23 05:00:00,0.2843295,5,2,4,0,0.239078,0.2843295,0.2843295
2025-04-23 06:00:00,0.352681,6,2,4,0,0.2843295,0.352681,0.352681
2025-04-23 07:00:00,0.372834,7,2,4,0,0.352681,0.372834,0.372834
2025-04-23 08:00:00,0.35096950000000005,8,2,4,0,0.372834,0.35096950000000005,0.35096950000000005
2025-04-23 09:00:00,0.341488,9,2,4,0,0.35096950000000005,0.341488,0.341488
2025-04-23 10:00:00,0.3398745,10,2,4,0,0.341488,0.3398745,0.3398745
2025-04-23 11:00:00,0.366842,11,2,4,0,0.3398745,0.366842,0.366842
2025-04-23 12:00:00,0.381626,12,2,4,0,0.366842,0.381626,0.381626
2025-04-23 13:00:00,0.37192400000000003,13,2,4,0,0.381626,0.37192400000000003,0.37192400000000003
2025-04-23 14:00:00,0.355726,14,2,4,0,0.37192400000000003,0.355726,0.355726
2025-04-23 15:00:00,0.3604405,15,2,4,0,0.355726,0.3604405,0.3604405
2025-04-23 16:00:00,0.388542,16,2,4,0,0.3604405,0.388542,0.388542
2025-04-23 17:00:00,0.45269349999999997,17,2,4,0,0.388542,0.45269349999999997,0.45269349999999997
2025-04-23 18:00:00,0.527023,18,2,4,0,0.45269349999999997,0.527023,0.527023
2025-04-23 19:00:00,0.563626,19,2,4,0,0.527023,0.563626,0.563626
2025-04-23 20:00:00,0.5756870000000001,20,2,4,0,0.563626,0.5756870000000001,0.5756870000000001
2025-04-23 21:00:00,0.5399695,21,2,4,0,0.5756870000000001,0.5399695,0.5399695
2025-04-23 22:00:00,0.46117050000000004,22,2,4,0,0.5399695,0.46117050000000004,0.46117050000000004
2025-04-23 23:00:00,0.3591105,23,2,4,0,0.46117050000000004,0.3591105,0.3591105
2025-04-24 00:00:00,0.2755305,0,3,4,0,0.3591105,0.2755305,0.2755305
2025-04-24 01:00:00,0.23604,1,3,4,0,0.2755305,0.23604,0.23604
2025-04-24 02:00:00,0.22231299999999998,2,3,4,0,0.23604,0.22231299999999998,0.22231299999999998
2025-04-24 03:00:00,0.2228135,3,3,4,0,0.22231299999999998,0.2228135,0.2228135
2025-04-24 04:00:00,0.239078,4,3,4,0,0.2228135,0.239078,0.239078
2025-04-24 05:00:00,0.2843295,5,3,4,0,0.239078,0.2843295,0.2843295
2025-04-24 06:00:00,0.352681,6,3,4,0,0.2843295,0.352681,0.352681
2025-04-24 07:00:00,0.372834,7,3,4,0,0.352681,0.372834,0.372834
2025-04-24 08:00:00,0.35096950000000005,8,3,4,0,0.372834,0.35096950000000005,0.35096950000000005
2025-04-24 09:00:00,0.341488,9,3,4,0,0.35096950000000005,0.341488,0.341488
2025-04-24 10:00:00,0.3398745,10,3,4,0,0.341488,0.3398745,0.3398745
2025-04-24 11:00:00,0.366842,11,3,4,0,0.3398745,0.366842,0.366842
2025-04-24 12:00:00,0.381626,12,3,4,0,0.366842,0.381626,0.381626
2025-04-24 13:00:00,0.37192400000000003,13,3,4,0,0.381626,0.37192400000000003,0.37192400000000003
2025-04-24 14:00:00,0.355726,14,3,4,0,0.37192400000000003,0.355726,0.355726
2025-04-24 15:00:00,0.3604405,15,3,4,0,0.355726,0.3604405,0.3604405
2025-04-24 16:00:00,0.388542,16,3,4,0,0.3604405,0.388542,0.388542
2025-04-24 17:00:00,0.45269349999999997,17,3,4,0,0.388542,0.45269349999999997,0.45269349999999997
2025-04-24 18:00:00,0.527023,18,3,4,0,0.45269349999999997,0.527023,0.527023
2025-04-24 19:00:00,0.563626,19,3,4,0,0.527023,0.563626,0.563626
2025-04-24 20:00:00,0.5756870000000001,20,3,4,0,0.563626,0.5756870000000001,0.5756870000000001
2025-04-24 21:00:00,0.5399695,21,3,4,0,0.5756870000000001,0.5399695,0.5399695
2025-04-24 22:00:00,0.46117050000000004,22,3,4,0,0.5399695,0.46117050000000004,0.46117050000000004
2025-04-24 23:00:00,0.3591105,23,3,4,0,0.46117050000000004,0.3591105,0.3591105
2025-04-25 00:00:00,0.2755305,0,4,4,0,0.3591105,0.2755305,0.2755305
2025-04-25 01:00:00,0.23604,1,4,4,0,0.2755305,0.23604,0.23604
2025-04-25 02:00:00,0.22231299999999998,2,4,4,0,0.23604,0.22231299999999998,0.22231299999999998
2025-04-25 03:00:00,0.2228135,3,4,4,0,0.22231299999999998,0.2228135,0.2228135
2025-04-25 04:00:00,0.239078,4,4,4,0,0.2228135,0.239078,0.239078
2025-04-25 05:00:00,0.2843295,5,4,4,0,0.239078,0.2843295,0.2843295
2025-04-25 06:00:00,0.352681,6,4,4,0,0.2843295,0.352681,0.352681
2025-04-25 07:00:00,0.372834,7,4,4,0,0.352681,0.372834,0.372834
2025-04-25 08:00:00,0.35096950000000005,8,4,4,0,0.372834,0.35096950000000005,0.35096950000000005
2025-04-25 09:00:00,0.341488,9,4,4,0,0.35096950000000005,0.341488,0.341488
2025-04-25 10:00:00,0.3398745,10,4,4,0,0.341488,0.3398745,0.3398745
2025-04-25 11:00:00,0.366842,11,4,4,0,0.3398745,0.366842,0.366842
2025-04-25 12:00:00,0.381626,12,4,4,0,0.366842,0.381626,0.381626
2025-04-25 13:00:00,0.37192400000000003,13,4,4,0,0.381626,0.37192400000000003,0.37192400000000003
2025-04-25 14:00:00,0.355726,14,4,4,0,0.37192400000000003,0.355726,0.355726
2025-04-25 15:00:00,0.3604405,15,4,4,0,0.355726,0.3604405,0.3604405
2025-04-25 16:00:00,0.388542,16,4,4,0,0.3604405,0.388542,0.388542
2025-04-25 17:00:00,0.45269349999999997,17,4,4,0,0.388542,0.45269349999999997,0.45269349999999997
2025-04-25 18:00:00,0.527023,18,4,4,0,0.45269349999999997,0.527023,0.527023
2025-04-25 19:00:00,0.563626,19,4,4,0,0.527023,0.563626,0.563626
2025-04-25 20:00:00,0.5756870000000001,20,4,4,0,0.563626,0.5756870000000001,0.5756870000000001
2025-04-25 21:00:00,0.5399695,21,4,4,0,0.5756870000000001,0.5399695,0.5399695
2025-04-25 22:00:00,0.46117050000000004,22,4,4,0,0.5399695,0.46117050000000004,0.46117050000000004
2025-04-25 23:00:00,0.3591105,23,4,4,0,0.46117050000000004,0.3591105,0.3591105
2025-04-26 00:00:00,0.309029,0,5,4,1,0.3591105,0.2755305,0.309029
2025-04-26 01:00:00,0.2611735,1,5,4,1,0.309029,0.23604,0.2611735
2025-04-26 02:00:00,0.24068099999999998,2,5,4,1,0.2611735,0.22231299999999998,0.24068099999999998
2025-04-26 03:00:00,0.23529100000000003,3,5,4,1,0.24068099999999998,0.2228135,0.23529100000000003
2025-04-26 04:00:00,0.24053750000000002,4,5,4,1,0.23529100000000003,0.239078,0.24053750000000002
2025-04-26 05:00:00,0.2540965,5,5,4,1,0.24053750000000002,0.2843295,0.2540965
2025-04-26 06:00:00,0.2942415,6,5,4,1,0.2540965,0.352681,0.2942415
2025-04-26 07:00:00,0.38540599999999997,7,5,4,1,0.2942415,0.372834,0.38540599999999997
2025-04-26 08:00:00,0.466494,8,5,4,1,0.38540599999999997,0.35096950000000005,0.466494
2025-04-26 09:00:00,0.5034784999999999,9,5,4,1,0.466494,0.341488,0.5034784999999999
2025-04-26 10:00:00,0.5228195,10,5,4,1,0.5034784999999999,0.3398745,0.5228195
2025-04-26 11:00:00,0.5548445,11,5,4,1,0.5228195,0.366842,0.5548445
2025-04-26 12:00:00,0.5443375,12,5,4,1,0.5548445,0.381626,0.5443375
2025-04-26 13:00:00,0.5117665,13,5,4,1,0.5443375,0.37192400000000003,0.5117665
2025-04-26 14:00:00,0.4898075,14,5,4,1,0.5117665,0.355726,0.4898075
2025-04-26 15:00:00,0.478765,15,5,4,1,0.4898075,0.3604405,0.478765
2025-04-26 16:00:00,0.480067,16,5,4,1,0.478765,0.388542,0.480067
2025-04-26 17:00:00,0.512267,17,5,4,1,0.480067,0.45269349999999997,0.512267
2025-04-26 18:00:00,0.5523385000000001,18,5,4,1,0.512267,0.527023,0.5523385000000001
2025-04-26 19:00:00,0.5578965,19,5,4,1,0.5523385000000001,0.563626,0.5578965
2025-04-26 20:00:00,0.5626705,20,5,4,1,0.5578965,0.5756870000000001,0.5626705
2025-04-26 21:00:00,0.536809,21,5,4,1,0.5626705,0.5399695,0.536809
2025-04-26 22:00:00,0.4776275,22,5,4,1,0.536809,0.46117050000000004,0.4776275
2025-04-26 23:00:00,0.393743,23,5,4,1,0.4776275,0.3591105,0.393743
2025-04-27 00:00:00,0.3222975,0,6,4,1,0.393743,0.309029,0.3222975
2025-04-27 01:00:00,0.27328,1,6,4,1,0.3222975,0.2611735,0.27328
2025-04-27 02:00:00,0.250768,2,6,4,1,0.27328,0.24068099999999998,0.250768
2025-04-27 03:00:00,0.2419865,3,6,4,1,0.250768,0.23529100000000003,0.2419865
2025-04-27 04:00:00,0.245112,4,6,4,1,0.2419865,0.24053750000000002,0.245112
2025-04-27 05:00:00,0.2583385,5,6,4,1,0.245112,0.2540965,0.2583385
2025-04-27 06:00:00,0.28588,6,6,4,1,0.2583385,0.2942415,0.28588
2025-04-27 07:00:00,0.3679025,7,6,4,1,0.28588,0.38540599999999997,0.3679025
2025-04-27 08:00:00,0.476028,8,6,4,1,0.3679025,0.466494,0.476028
2025-04-27 09:00:00,0.5510539999999999,9,6,4,1,0.476028,0.5034784999999999,0.5510539999999999
2025-04-27 10:00:00,0.5995885000000001,10,6,4,1,0.5510539999999999,0.5228195,0.5995885000000001
2025-04-27 11:00:00,0.652421,11,6,4,1,0.5995885000000001,0.5548445,0.652421
2025-04-27 12:00:00,0.614999,12,6,4,1,0.652421,0.5443375,0.614999
2025-04-27 13:00:00,0.5419855,13,6,4,1,0.614999,0.5117665,0.5419855
2025-04-27 14:00:00,0.49364700000000006,14,6,4,1,0.5419855,0.4898075,0.49364700000000006
2025-04-27 15:00:00,0.46564,15,6,4,1,0.49364700000000006,0.478765,0.46564
2025-04-27 16:00:00,0.46112149999999996,16,6,4,1,0.46564,0.480067,0.46112149999999996
2025-04-27 17:00:00,0.5065935,17,6,4,1,0.46112149999999996,0.512267,0.5065935
2025-04-27 18:00:00,0.5585475,18,6,4,1,0.5065935,0.5523385000000001,0.5585475
2025-04-27 19:00:00,0.5715255,19,6,4,1,0.5585475,0.5578965,0.5715255
2025-04-27 20:00:00,0.5733245,20,6,4,1,0.5715255,0.5626705,0.5733245
2025-04-27 21:00:00,0.535647,21,6,4,1,0.5733245,0.536809,0.535647
2025-04-27 22:00:00,0.4580135,22,6,4,1,0.535647,0.4776275,0.4580135
2025-04-27 23:00:00,0.35988050000000005,23,6,4,1,0.4580135,0.393743,0.35988050000000005
2025-04-28 00:00:00,0.2755305,0,0,4,0,0.35988050000000005,0.3222975,0.2755305
2025-04-28 01:00:00,0.23604,1,0,4,0,0.2755305,0.27328,0.23604
2025-04-28 02:00:00,0.22231299999999998,2,0,4,0,0.23604,0.250768,0.22231299999999998
2025-04-28 03:00:00,0.2228135,3,0,4,0,0.22231299999999998,0.2419865,0.2228135
2025-04-28 04:00:00,0.239078,4,0,4,0,0.2228135,0.245112,0.239078
2025-04-28 05:00:00,0.2843295,5,0,4,0,0.239078,0.2583385,0.2843295
2025-04-28 06:00:00,0.352681,6,0,4,0,0.2843295,0.28588,0.352681
2025-04-28 07:00:00,0.372834,7,0,4,0,0.352681,0.3679025,0.372834
2025-04-28 08:00:00,0.35096950000000005,8,0,4,0,0.372834,0.476028,0.35096950000000005
2025-04-28 09:00:00,0.341488,9,0,4,0,0.35096950000000005,0.5510539999999999,0.341488
2025-04-28 10:00:00,0.3398745,10,0,4,0,0.341488,0.5995885000000001,0.3398745
2025-04-28 11:00:00,0.366842,11,0,4,0,0.3398745,0.652421,0.366842
2025-04-28 12:00:00,0.381626,12,0,4,0,0.366842,0.614999,0.381626
2025-04-28 13:00:00,0.37192400000000003,13,0,4,0,0.381626,0.5419855,0.37192400000000003
2025-04-28 14:00:00,0.355726,14,0,4,0,0.37192400000000003,0.49364700000000006,0.355726
2025-04-28 15:00:00,0.3604405,15,0,4,0,0.355726,0.46564,0.3604405
2025-04-28 16:00:00,0.388542,16,0,4,0,0.3604405,0.46112149999999996,0.388542
2025-04-28 17:00:00,0.45269349999999997,17,0,4,0,0.388542,0.5065935,0.45269349999999997
2025-04-28 18:00:00,0.527023,18,0,4,0,0.45269349999999997,0.5585475,0.527023
2025-04-28 19:00:00,0.563626,19,0,4,0,0.527023,0.5715255,0.563626
2025-04-28 20:00:00,0.5756870000000001,20,0,4,0,0.563626,0.5733245,0.5756870000000001
2025-04-28 21:00:00,0.5399695,21,0,4,0,0.5756870000000001,0.535647,0.5399695
2025-04-28 22:00:00,0.46117050000000004,22,0,4,0,0.5399695,0.4580135,0.46117050000000004
2025-04-28 23:00:00,0.3591105,23,0,4,0,0.46117050000000004,0.35988050000000005,0.3591105
2025-04-29 00:00:00,0.2755305,0,1,4,0,0.3591105,0.2755305,0.2755305
2025-04-29 01:00:00,0.23604,1,1,4,0,0.2755305,0.23604,0.23604
2025-04-29 02:00:00,0.22231299999999998,2,1,4,0,0.23604,0.22231299999999998,0.22231299999999998
2025-04-29 03:00:00,0.2228135,3,1,4,0,0.22231299999999998,0.2228135,0.2228135
2025-04-29 04:00:00,0.239078,4,1,4,0,0.2228135,0.239078,0.239078
2025-04-29 05:00:00,0.2843295,5,1,4,0,0.239078,0.2843295,0.2843295
2025-04-29 06:00:00,0.352681,6,1,4,0,0.2843295,0.352681,0.352681
2025-04-29 07:00:00,0.372834,7,1,4,0,0.352681,0.372834,0.372834
2025-04-29 08:00:00,0.35096950000000005,8,1,4,0,0.372834,0.35096950000000005,0.35096950000000005
2025-04-29 09:00:00,0.341488,9,1,4,0,0.35096950000000005,0.341488,0.341488
2025-04-29 10:00:00,0.3398745,10,1,4,0,0.341488,0.3398745,0.3398745
2025-04-29 11:00:00,0.366842,11,1,4,0,0.3398745,0.366842,0.366842
2025-04-29 12:00:00,0.381626,12,1,4,0,0.366842,0.381626,0.381626
2025-04-29 13:00:00,0.37192400000000003,13,1,4,0,0.381626,0.37192400000000003,0.37192400000000003
2025-04-29 14:00:00,0.355726,14,1,4,0,0.37192400000000003,0.355726,0.355726
2025-04-29 15:00:00,0.3604405,15,1,4,0,0.355726,0.3604405,0.3604405
2025-04-29 16:00:00,0.388542,16,1,4,0,0.3604405,0.388542,0.388542
2025-04-29 17:00:00,0.45269349999999997,17,1,4,0,0.388542,0.45269349999999997,0.45269349999999997
2025-04-29 18:00:00,0.527023,18,1,4,0,0.45269349999999997,0.527023,0.527023
2025-04-29 19:00:00,0.563626,19,1,4,0,0.527023,0.563626,0.563626
2025-04-29 20:00:00,0.5756870000000001,20,1,4,0,0.563626,0.5756870000000001,0.5756870000000001
2025-04-29 21:00:00,0.5399695,21,1,4,0,0.5756870000000001,0.5399695,0.5399695
2025-04-29 22:00:00,0.46117050000000004,22,1,4,0,0.5399695,0.46117050000000004,0.46117050000000004
2025-04-29 23:00:00,0.3591105,23,1,4,0,0.46117050000000004,0.3591105,0.3591105
2025-04-30 00:00:00,0.2755305,0,2,4,0,0.3591105,0.2755305,0.2755305
2025-04-30 01:00:00,0.23604,1,2,4,0,0.2755305,0.23604,0.23604
2025-04-30 02:00:00,0.22231299999999998,2,2,4,0,0.23604,0.22231299999999998,0.22231299999999998
2025-04-30 03:00:00,0.2228135,3,2,4,0,0.22231299999999998,0.2228135,0.2228135
2025-04-30 04:00:00,0.239078,4,2,4,0,0.2228135,0.239078,0.239078
2025-04-30 05:00:00,0.2843295,5,2,4,0,0.239078,0.2843295,0.2843295
2025-04-30 06:00:00,0.352681,6,2,4,0,0.2843295,0.352681,0.352681
2025-04-30 07:00:00,0.372834,7,2,4,0,0.352681,0.372834,0.372834
2025-04-30 08:00:00,0.35096950000000005,8,2,4,0,0.372834,0.35096950000000005,0.35096950000000005
2025-04-30 09:00:00,0.341488,9,2,4,0,0.35096950000000005,0.341488,0.341488
2025-04-30 10:00:00,0.3398745,10,2,4,0,0.341488,0.3398745,0.3398745
2025-04-30 11:00:00,0.366842,11,2,4,0,0.3398745,0.366842,0.366842
2025-04-30 12:00:00,0.381626,12,2,4,0,0.366842,0.381626,0.381626
2025-04-30 13:00:00,0.37192400000000003,13,2,4,0,0.381626,0.37192400000000003,0.37192400000000003
2025-04-30 14:00:00,0.355726,14,2,4,0,0.37192400000000003,0.355726,0.355726
2025-04-30 15:00:00,0.3604405,15,2,4,0,0.355726,0.3604405,0.3604405
2025-04-30 16:00:00,0.388542,16,2,4,0,0.3604405,0.388542,0.388542
2025-04-30 17:00:00,0.45269349999999997,17,2,4,0,0.388542,0.45269349999999997,0.45269349999999997
2025-04-30 18:00:00,0.527023,18,2,4,0,0.45269349999999997,0.527023,0.527023
2025-04-30 19:00:00,0.563626,19,2,4,0,0.527023,0.563626,0.563626
2025-04-30 20:00:00,0.5756870000000001,20,2,4,0,0.563626,0.5756870000000001,0.5756870000000001
2025-04-30 21:00:00,0.5399695,21,2,4,0,0.5756870000000001,0.5399695,0.5399695
2025-04-30 22:00:00,0.46117050000000004,22,2,4,0,0.5399695,0.46117050000000004,0.46117050000000004
2025-04-30 23:00:00,0.3591105,23,2,4,0,0.46117050000000004,0.3591105,0.3591105
2025-05-01 00:00:00,0.28866250000000004,0,3,5,0,0.3591105,0.2755305,0.2755305
2025-05-01 01:00:00,0.24826900000000002,1,3,5,0,0.28866250000000004,0.23604,0.23604
2025-05-01 02:00:00,0.233863,2,3,5,0,0.24826900000000002,0.22231299999999998,0.22231299999999998
2025-05-01 03:00:00,0.232708,3,3,5,0,0.233863,0.2228135,0.2228135
2025-05-01 04:00:00,0.24470250000000002,4,3,5,0,0.232708,0.239078,0.239078
2025-05-01 05:00:00,0.2813195,5,3,5,0,0.24470250000000002,0.2843295,0.2843295
2025-05-01 06:00:00,0.3544065,6,3,5,0,0.2813195,0.352681,0.352681
2025-05-01 07:00:00,0.380492,7,3,5,0,0.3544065,0.372834,0.372834
2025-05-01 08:00:00,0.35930650000000003,8,3,5,0,0.380492,0.35096950000000005,0.35096950000000005
2025-05-01 09:00:00,0.348306,9,3,5,0,0.35930650000000003,0.341488,0.341488
2025-05-01 10:00:00,0.348313,10,3,5,0,0.348306,0.3398745,0.3398745
2025-05-01 11:00:00,0.379379,11,3,5,0,0.348313,0.366842,0.366842
2025-05-01 12:00:00,0.3982125,12,3,5,0,0.379379,0.381626,0.381626
2025-05-01 13:00:00,0.3905685,13,3,5,0,0.3982125,0.37192400000000003,0.37192400000000003
2025-05-01 14:00:00,0.376096,14,3,5,0,0.3905685,0.355726,0.355726
2025-05-01 15:00:00,0.3808735,15,3,5,0,0.376096,0.3604405,0.3604405
2025-05-01 16:00:00,0.409346,16,3,5,0,0.3808735,0.388542,0.388542
2025-05-01 17:00:00,0.47584950000000004,17,3,5,0,0.409346,0.45269349999999997,0.45269349999999997
2025-05-01 18:00:00,0.5483205,18,3,5,0,0.47584950000000004,0.527023,0.527023
2025-05-01 19:00:00,0.5759985,19,3,5,0,0.5483205,0.563626,0.563626
2025-05-01 20:00:00,0.5656385,20,3,5,0,0.5759985,0.5756870000000001,0.5756870000000001
2025-05-01 21:00:00,0.5413169999999999,21,3,5,0,0.5656385,0.5399695,0.5399695
2025-05-01 22:00:00,0.477211,22,3,5,0,0.5413169999999999,0.46117050000000004,0.46117050000000004
2025-05-01 23:00:00,0.3729215,23,3,5,0,0.477211,0.3591105,0.3591105
2025-05-02 00:00:00,0.28866250000000004,0,4,5,0,0.3729215,0.28866250000000004,0.2755305
2025-05-02 01:00:00,0.24826900000000002,1,4,5,0,0.28866250000000004,0.24826900000000002,0.23604
2025-05-02 02:00:00,0.233863,2,4,5,0,0.24826900000000002,0.233863,0.22231299999999998
2025-05-02 03:00:00,0.232708,3,4,5,0,0.233863,0.232708,0.2228135
2025-05-02 04:00:00,0.24470250000000002,4,4,5,0,0.232708,0.24470250000000002,0.239078
2025-05-02 05:00:00,0.2813195,5,4,5,0,0.24470250000000002,0.2813195,0.2843295
2025-05-02 06:00:00,0.3544065,6,4,5,0,0.2813195,0.3544065,0.352681
2025-05-02 07:00:00,0.380492,7,4,5,0,0.3544065,0.380492,0.372834
2025-05-02 08:00:00,0.35930650000000003,8,4,5,0,0.380492,0.35930650000000003,0.35096950000000005
2025-05-02 09:00:00,0.348306,9,4,5,0,0.35930650000000003,0.348306,0.341488
2025-05-02 10:00:00,0.348313,10,4,5,0,0.348306,0.348313,0.3398745
2025-05-02 11:00:00,0.379379,11,4,5,0,0.348313,0.379379,0.366842
2025-05-02 12:00:00,0.3982125,12,4,5,0,0.379379,0.3982125,0.381626
2025-05-02 13:00:00,0.3905685,13,4,5,0,0.3982125,0.3905685,0.37192400000000003
2025-05-02 14:00:00,0.376096,14,4,5,0,0.3905685,0.376096,0.355726
2025-05-02 15:00:00,0.3808735,15,4,5,0,0.376096,0.3808735,0.3604405
2025-05-02 16:00:00,0.409346,16,4,5,0,0.3808735,0.409346,0.388542
2025-05-02 17:00:00,0.47584950000000004,17,4,5,0,0.409346,0.47584950000000004,0.45269349999999997
2025-05-02 18:00:00,0.5483205,18,4,5,0,0.47584950000000004,0.5483205,0.527023
2025-05-02 19:00:00,0.5759985,19,4,5,0,0.5483205,0.5759985,0.563626
2025-05-02 20:00:00,0.5656385,20,4,5,0,0.5759985,0.5656385,0.5756870000000001
2025-05-02 21:00:00,0.5413169999999999,21,4,5,0,0.5656385,0.5413169999999999,0.5399695
2025-05-02 22:00:00,0.477211,22,4,5,0,0.5413169999999999,0.477211,0.46117050000000004
2025-05-02 23:00:00,0.3729215,23,4,5,0,0.477211,0.3729215,0.3591105
2025-05-03 00:00:00,0.317548,0,5,5,1,0.3729215,0.28866250000000004,0.309029
2025-05-03 01:00:00,0.2670885,1,5,5,1,0.317548,0.24826900000000002,0.2611735
2025-05-03 02:00:00,0.2456405,2,5,5,1,0.2670885,0.233863,0.24068099999999998
2025-05-03 03:00:00,0.2390465,3,5,5,1,0.2456405,0.232708,0.23529100000000003
2025-05-03 04:00:00,0.24115,4,5,5,1,0.2390465,0.24470250000000002,0.24053750000000002
2025-05-03 05:00:00,0.24894800000000003,5,5,5,1,0.24115,0.2813195,0.2540965
2025-05-03 06:00:00,0.295603,6,5,5,1,0.24894800000000003,0.3544065,0.2942415
2025-05-03 07:00:00,0.38458000000000003,7,5,5,1,0.295603,0.380492,0.38540599999999997
2025-05-03 08:00:00,0.46352950000000004,8,5,5,1,0.38458000000000003,0.35930650000000003,0.466494
2025-05-03 09:00:00,0.5054735,9,5,5,1,0.46352950000000004,0.348306,0.5034784999999999
2025-05-03 10:00:00,0.527779,10,5,5,1,0.5054735,0.348313,0.5228195
2025-05-03 11:00:00,0.566482,11,5,5,1,0.527779,0.379379,0.5548445
2025-05-03 12:00:00,0.5612705,12,5,5,1,0.566482,0.3982125,0.5443375
2025-05-03 13:00:00,0.528388,13,5,5,1,0.5612705,0.3905685,0.5117665
2025-05-03 14:00:00,0.5102755000000001,14,5,5,1,0.528388,0.376096,0.4898075
2025-05-03 15:00:00,0.49988750000000004,15,5,5,1,0.5102755000000001,0.3808735,0.478765
2025-05-03 16:00:00,0.5025545,16,5,5,1,0.49988750000000004,0.409346,0.480067
2025-05-03 17:00:00,0.5348595,17,5,5,1,0.5025545,0.47584950000000004,0.512267
2025-05-03 18:00:00,0.5709934999999999,18,5,5,1,0.5348595,0.5483205,0.5523385000000001
2025-05-03 19:00:00,0.5719525,19,5,5,1,0.5709934999999999,0.5759985,0.5578965
2025-05-03 20:00:00,0.5568675000000001,20,5,5,1,0.5719525,0.5656385,0.5626705
2025-05-03 21:00:00,0.5381075000000001,21,5,5,1,0.5568675000000001,0.5413169999999999,0.536809
2025-05-03 22:00:00,0.495257,22,5,5,1,0.5381075000000001,0.477211,0.4776275
2025-05-03 23:00:00,0.4122475,23,5,5,1,0.495257,0.3729215,0.393743
2025-05-04 00:00:00,0.330393,0,6,5,1,0.4122475,0.317548,0.3222975
2025-05-04 01:00:00,0.2810605,1,6,5,1,0.330393,0.2670885,0.27328
2025-05-04 02:00:00,0.25842950000000003,2,6,5,1,0.2810605,0.2456405,0.250768
2025-05-04 03:00:00,0.24848950000000003,3,6,5,1,0.25842950000000003,0.2390465,0.2419865
2025-05-04 04:00:00,0.2453605,4,6,5,1,0.24848950000000003,0.24115,0.245112
2025-05-04 05:00:00,0.2510935,5,6,5,1,0.2453605,0.24894800000000003,0.2583385
2025-05-04 06:00:00,0.2851065,6,6,5,1,0.2510935,0.295603,0.28588
2025-05-04 07:00:00,0.36688750000000003,7,6,5,1,0.2851065,0.38458000000000003,0.3679025
2025-05-04 08:00:00,0.4686745,8,6,5,1,0.36688750000000003,0.46352950000000004,0.476028
2025-05-04 09:00:00,0.5405785000000001,9,6,5,1,0.4686745,0.5054735,0.5510539999999999
2025-05-04 10:00:00,0.5875135,10,6,5,1,0.5405785000000001,0.527779,0.5995885000000001
2025-05-04 11:00:00,0.645015,11,6,5,1,0.5875135,0.566482,0.652421
2025-05-04 12:00:00,0.617442,12,6,5,1,0.645015,0.5612705,0.614999
2025-05-04 13:00:00,0.554176,13,6,5,1,0.617442,0.528388,0.5419855
2025-05-04 14:00:00,0.511154,14,6,5,1,0.554176,0.5102755000000001,0.49364700000000006
2025-05-04 15:00:00,0.48595050000000006,15,6,5,1,0.511154,0.49988750000000004,0.46564
2025-05-04 16:00:00,0.48538,16,6,5,1,0.48595050000000006,0.5025545,0.46112149999999996
2025-05-04 17:00:00,0.532182,17,6,5,1,0.48538,0.5348595,0.5065935
2025-05-04 18:00:00,0.581693,18,6,5,1,0.532182,0.5709934999999999,0.5585475
2025-05-04 19:00:00,0.5867785,19,6,5,1,0.581693,0.5719525,0.5715255
2025-05-04 20:00:00,0.5668740000000001,20,6,5,1,0.5867785,0.5568675000000001,0.5733245
2025-05-04 21:00:00,0.5374494999999999,21,6,5,1,0.5668740000000001,0.5381075000000001,0.535647
2025-05-04 22:00:00,0.47061349999999996,22,6,5,1,0.5374494999999999,0.495257,0.4580135
2025-05-04 23:00:00,0.367794,23,6,5,1,0.47061349999999996,0.4122475,0.35988050000000005
2025-05-05 00:00:00,0.28866250000000004,0,0,5,0,0.367794,0.330393,0.2755305
2025-05-05 01:00:00,0.24826900000000002,1,0,5,0,0.28866250000000004,0.2810605,0.23604
2025-05-05 02:00:00,0.233863,2,0,5,0,0.24826900000000002,0.25842950000000003,0.22231299999999998
2025-05-05 03:00:00,0.232708,3,0,5,0,0.233863,0.24848950000000003,0.2228135
2025-05-05 04:00:00,0.24470250000000002,4,0,5,0,0.232708,0.2453605,0.239078
2025-05-05 05:00:00,0.2813195,5,0,5,0,0.24470250000000002,0.2510935,0.2843295
2025-05-05 06:00:00,0.3544065,6,0,5,0,0.2813195,0.2851065,0.352681
2025-05-05 07:00:00,0.380492,7,0,5,0,0.3544065,0.36688750000000003,0.372834
2025-05-05 08:00:00,0.35930650000000003,8,0,5,0,0.380492,0.4686745,0.35096950000000005
2025-05-05 09:00:00,0.348306,9,0,5,0,0.35930650000000003,0.5405785000000001,0.341488
2025-05-05 10:00:00,0.348313,10,0,5,0,0.348306,0.5875135,0.3398745
2025-05-05 11:00:00,0.379379,11,0,5,0,0.348313,0.645015,0.366842
2025-05-05 12:00:00,0.3982125,12,0,5,0,0.379379,0.617442,0.381626
2025-05-05 13:00:00,0.3905685,13,0,5,0,0.3982125,0.554176,0.37192400000000003
2025-05-05 14:00:00,0.376096,14,0,5,0,0.3905685,0.511154,0.355726
2025-05-05 15:00:00,0.3808735,15,0,5,0,0.376096,0.48595050000000006,0.3604405
2025-05-05 16:00:00,0.409346,16,0,5,0,0.3808735,0.48538,0.388542
2025-05-05 17:00:00,0.47584950000000004,17,0,5,0,0.409346,0.532182,0.45269349999999997
2025-05-05 18:00:00,0.5483205,18,0,5,0,0.47584950000000004,0.581693,0.527023
2025-05-05 19:00:00,0.5759985,19,0,5,0,0.5483205,0.5867785,0.563626
2025-05-05 20:00:00,0.5656385,20,0,5,0,0.5759985,0.5668740000000001,0.5756870000000001
2025-05-05 21:00:00,0.5413169999999999,21,0,5,0,0.5656385,0.5374494999999999,0.5399695
2025-05-05 22:00:00,0.477211,22,0,5,0,0.5413169999999999,0.47061349999999996,0.46117050000000004
2025-05-05 23:00:00,0.3729215,23,0,5,0,0.477211,0.367794,0.3591105
2025-05-06 00:00:00,0.28866250000000004,0,1,5,0,0.3729215,0.28866250000000004,0.2755305
2025-05-06 01:00:00,0.24826900000000002,1,1,5,0,0.28866250000000004,0.24826900000000002,0.23604
2025-05-06 02:00:00,0.233863,2,1,5,0,0.24826900000000002,0.233863,0.22231299999999998
2025-05-06 03:00:00,0.232708,3,1,5,0,0.233863,0.232708,0.2228135
2025-05-06 04:00:00,0.24470250000000002,4,1,5,0,0.232708,0.24470250000000002,0.239078
2025-05-06 05:00:00,0.2813195,5,1,5,0,0.24470250000000002,0.2813195,0.2843295
2025-05-06 06:00:00,0.3544065,6,1,5,0,0.2813195,0.3544065,0.352681
2025-05-06 07:00:00,0.380492,7,1,5,0,0.3544065,0.380492,0.372834
2025-05-06 08:00:00,0.35930650000000003,8,1,5,0,0.380492,0.35930650000000003,0.35096950000000005
2025-05-06 09:00:00,0.348306,9,1,5,0,0.35930650000000003,0.348306,0.341488
2025-05-06 10:00:00,0.348313,10,1,5,0,0.348306,0.348313,0.3398745
2025-05-06 11:00:00,0.379379,11,1,5,0,0.348313,0.379379,0.366842
2025-05-06 12:00:00,0.3982125,12,1,5,0,0.379379,0.3982125,0.381626
2025-05-06 13:00:00,0.3905685,13,1,5,0,0.3982125,0.3905685,0.37192400000000003
2025-05-06 14:00:00,0.376096,14,1,5,0,0.3905685,0.376096,0.355726
2025-05-06 15:00:00,0.3808735,15,1,5,0,0.376096,0.3808735,0.3604405
2025-05-06 16:00:00,0.409346,16,1,5,0,0.3808735,0.409346,0.388542
2025-05-06 17:00:00,0.47584950000000004,17,1,5,0,0.409346,0.47584950000000004,0.45269349999999997
2025-05-06 18:00:00,0.5483205,18,1,5,0,0.47584950000000004,0.5483205,0.527023
2025-05-06 19:00:00,0.5759985,19,1,5,0,0.5483205,0.5759985,0.563626
2025-05-06 20:00:00,0.5656385,20,1,5,0,0.5759985,0.5656385,0.5756870000000001
2025-05-06 21:00:00,0.5413169999999999,21,1,5,0,0.5656385,0.5413169999999999,0.5399695
2025-05-06 22:00:00,0.477211,22,1,5,0,0.5413169999999999,0.477211,0.46117050000000004
2025-05-06 23:00:00,0.3729215,23,1,5,0,0.477211,0.3729215,0.3591105
2025-05-07 00:00:00,0.28866250000000004,0,2,5,0,0.3729215,0.28866250000000004,0.2755305
2025-05-07 01:00:00,0.24826900000000002,1,2,5,0,0.28866250000000004,0.24826900000000002,0.23604
2025-05-07 02:00:00,0.233863,2,2,5,0,0.24826900000000002,0.233863,0.22231299999999998
2025-05-07 03:00:00,0.232708,3,2,5,0,0.233863,0.232708,0.2228135
2025-05-07 04:00:00,0.24470250000000002,4,2,5,0,0.232708,0.24470250000000002,0.239078
2025-05-07 05:00:00,0.2813195,5,2,5,0,0.24470250000000002,0.2813195,0.2843295
2025-05-07 06:00:00,0.3544065,6,2,5,0,0.2813195,0.3544065,0.352681
2025-05-07 07:00:00,0.380492,7,2,5,0,0.3544065,0.380492,0.372834
2025-05-07 08:00:00,0.35930650000000003,8,2,5,0,0.380492,0.35930650000000003,0.35096950000000005
2025-05-07 09:00:00,0.348306,9,2,5,0,0.35930650000000003,0.348306,0.341488
2025-05-07 10:00:00,0.348313,10,2,5,0,0.348306,0.348313,0.3398745
2025-05-07 11:00:00,0.379379,11,2,5,0,0.348313,0.379379,0.366842
2025-05-07 12:00:00,0.3982125,12,2,5,0,0.379379,0.3982125,0.381626
2025-05-07 13:00:00,0.3905685,13,2,5,0,0.3982125,0.3905685,0.37192400000000003
2025-05-07 14:00:00,0.376096,14,2,5,0,0.3905685,0.376096,0.355726
2025-05-07 15:00:00,0.3808735,15,2,5,0,0.376096,0.3808735,0.3604405
2025-05-07 16:00:00,0.409346,16,2,5,0,0.3808735,0.409346,0.388542
2025-05-07 17:00:00,0.47584950000000004,17,2,5,0,0.409346,0.47584950000000004,0.45269349999999997
2025-05-07 18:00:00,0.5483205,18,2,5,0,0.47584950000000004,0.5483205,0.527023
2025-05-07 19:00:00,0.5759985,19,2,5,0,0.5483205,0.5759985,0.563626
2025-05-07 20:00:00,0.5656385,20,2,5,0,0.5759985,0.5656385,0.5756870000000001
2025-05-07 21:00:00,0.5413169999999999,21,2,5,0,0.5656385,0.5413169999999999,0.5399695
2025-05-07 22:00:00,0.477211,22,2,5,0,0.5413169999999999,0.477211,0.46117050000000004
2025-05-07 23:00:00,0.3729215,23,2,5,0,0.477211,0.3729215,0.3591105
2025-05-08 00:00:00,0.28866250000000004,0,3,5,0,0.3729215,0.28866250000000004,0.28866250000000004
2025-05-08 01:00:00,0.24826900000000002,1,3,5,0,0.28866250000000004,0.24826900000000002,0.24826900000000002
2025-05-08 02:00:00,0.233863,2,3,5,0,0.24826900000000002,0.233863,0.233863
2025-05-08 03:00:00,0.232708,3,3,5,0,0.233863,0.232708,0.232708
2025-05-08 04:00:00,0.24470250000000002,4,3,5,0,0.232708,0.24470250000000002,0.24470250000000002
2025-05-08 05:00:00,0.2813195,5,3,5,0,0.24470250000000002,0.2813195,0.2813195
2025-05-08 06:00:00,0.3544065,6,3,5,0,0.2813195,0.3544065,0.3544065
2025-05-08 07:00:00,0.380492,7,3,5,0,0.3544065,0.380492,0.380492
2025-05-08 08:00:00,0.35930650000000003,8,3,5,0,0.380492,0.35930650000000003,0.35930650000000003
2025-05-08 09:00:00,0.348306,9,3,5,0,0.35930650000000003,0.348306,0.348306
2025-05-08 10:00:00,0.348313,10,3,5,0,0.348306,0.348313,0.348313
2025-05-08 11:00:00,0.379379,11,3,5,0,0.348313,0.379379,0.379379
2025-05-08 12:00:00,0.3982125,12,3,5,0,0.379379,0.3982125,0.3982125
2025-05-08 13:00:00,0.3905685,13,3,5,0,0.3982125,0.3905685,0.3905685
2025-05-08 14:00:00,0.376096,14,3,5,0,0.3905685,0.376096,0.376096
2025-05-08 15:00:00,0.3808735,15,3,5,0,0.376096,0.3808735,0.3808735
2025-05-08 16:00:00,0.409346,16,3,5,0,0.3808735,0.409346,0.409346
2025-05-08 17:00:00,0.47584950000000004,17,3,5,0,0.409346,0.47584950000000004,0.47584950000000004
2025-05-08 18:00:00,0.5483205,18,3,5,0,0.47584950000000004,0.5483205,0.5483205
2025-05-08 19:00:00,0.5759985,19,3,5,0,0.5483205,0.5759985,0.5759985
2025-05-08 20:00:00,0.5656385,20,3,5,0,0.5759985,0.5656385,0.5656385
2025-05-08 21:00:00,0.5413169999999999,21,3,5,0,0.5656385,0.5413169999999999,0.5413169999999999
2025-05-08 22:00:00,0.477211,22,3,5,0,0.5413169999999999,0.477211,0.477211
2025-05-08 23:00:00,0.3729215,23,3,5,0,0.477211,0.3729215,0.3729215
2025-05-09 00:00:00,0.28866250000000004,0,4,5,0,0.3729215,0.28866250000000004,0.28866250000000004
2025-05-09 01:00:00,0.24826900000000002,1,4,5,0,0.28866250000000004,0.24826900000000002,0.24826900000000002
2025-05-09 02:00:00,0.233863,2,4,5,0,0.24826900000000002,0.233863,0.233863
2025-05-09 03:00:00,0.232708,3,4,5,0,0.233863,0.232708,0.232708
2025-05-09 04:00:00,0.24470250000000002,4,4,5,0,0.232708,0.24470250000000002,0.24470250000000002
2025-05-09 05:00:00,0.2813195,5,4,5,0,0.24470250000000002,0.2813195,0.2813195
2025-05-09 06:00:00,0.3544065,6,4,5,0,0.2813195,0.3544065,0.3544065
2025-05-09 07:00:00,0.380492,7,4,5,0,0.3544065,0.380492,0.380492
2025-05-09 08:00:00,0.35930650000000003,8,4,5,0,0.380492,0.35930650000000003,0.35930650000000003
2025-05-09 09:00:00,0.348306,9,4,5,0,0.35930650000000003,0.348306,0.348306
2025-05-09 10:00:00,0.348313,10,4,5,0,0.348306,0.348313,0.348313
2025-05-09 11:00:00,0.379379,11,4,5,0,0.348313,0.379379,0.379379
2025-05-09 12:00:00,0.3982125,12,4,5,0,0.379379,0.3982125,0.3982125
2025-05-09 13:00:00,0.3905685,13,4,5,0,0.3982125,0.3905685,0.3905685
2025-05-09 14:00:00,0.376096,14,4,5,0,0.3905685,0.376096,0.376096
2025-05-09 15:00:00,0.3808735,15,4,5,0,0.376096,0.3808735,0.3808735
2025-05-09 16:00:00,0.409346,16,4,5,0,0.3808735,0.409346,0.409346
2025-05-09 17:00:00,0.47584950000000004,17,4,5,0,0.409346,0.47584950000000004,0.47584950000000004
2025-05-09 18:00:00,0.5483205,18,4,5,0,0.47584950000000004,0.5483205,0.5483205
2025-05-09 19:00:00,0.5759985,19,4,5,0,0.5483205,0.5759985,0.5759985
2025-05-09 20:00:00,0.5656385,20,4,5,0,0.5759985,0.5656385,0.5656385
2025-05-09 21:00:00,0.5413169999999999,21,4,5,0,0.5656385,0.5413169999999999,0.5413169999999999
2025-05-09 22:00:00,0.477211,22,4,5,0,0.5413169999999999,0.477211,0.477211
2025-05-09 23:00:00,0.3729215,23,4,5,0,0.477211,0.3729215,0.3729215
2025-05-10 00:00:00,0.317548,0,5,5,1,0.3729215,0.28866250000000004,0.317548
2025-05-10 01:00:00,0.2670885,1,5,5,1,0.317548,0.24826900000000002,0.2670885
2025-05-10 02:00:00,0.2456405,2,5,5,1,0.2670885,0.233863,0.2456405
2025-05-10 03:00:00,0.2390465,3,5,5,1,0.2456405,0.232708,0.2390465
2025-05-10 04:00:00,0.24115,4,5,5,1,0.2390465,0.24470250000000002,0.24115
2025-05-10 05:00:00,0.24894800000000003,5,5,5,1,0.24115,0.2813195,0.24894800000000003
2025-05-10 06:00:00,0.295603,6,5,5,1,0.24894800000000003,0.3544065,0.295603
2025-05-10 07:00:00,0.38458000000000003,7,5,5,1,0.295603,0.380492,0.38458000000000003
2025-05-10 08:00:00,0.46352950000000004,8,5,5,1,0.38458000000000003,0.35930650000000003,0.46352950000000004
2025-05-10 09:00:00,0.5054735,9,5,5,1,0.46352950000000004,0.348306,0.5054735
2025-05-10 10:00:00,0.527779,10,5,5,1,0.5054735,0.348313,0.527779
2025-05-10 11:00:00,0.566482,11,5,5,1,0.527779,0.379379,0.566482
2025-05-10 12:00:00,0.5612705,12,5,5,1,0.566482,0.3982125,0.5612705
2025-05-10 13:00:00,0.528388,13,5,5,1,0.5612705,0.3905685,0.528388
2025-05-10 14:00:00,0.5102755000000001,14,5,5,1,0.528388,0.376096,0.5102755000000001
2025-05-10 15:00:00,0.49988750000000004,15,5,5,1,0.5102755000000001,0.3808735,0.49988750000000004
2025-05-10 16:00:00,0.5025545,16,5,5,1,0.49988750000000004,0.409346,0.5025545
2025-05-10 17:00:00,0.5348595,17,5,5,1,0.5025545,0.47584950000000004,0.5348595
2025-05-10 18:00:00,0.5709934999999999,18,5,5,1,0.5348595,0.5483205,0.5709934999999999
2025-05-10 19:00:00,0.5719525,19,5,5,1,0.5709934999999999,0.5759985,0.5719525
2025-05-10 20:00:00,0.5568675000000001,20,5,5,1,0.5719525,0.5656385,0.5568675000000001
2025-05-10 21:00:00,0.5381075000000001,21,5,5,1,0.5568675000000001,0.5413169999999999,0.5381075000000001
2025-05-10 22:00:00,0.495257,22,5,5,1,0.5381075000000001,0.477211,0.495257
2025-05-10 23:00:00,0.4122475,23,5,5,1,0.495257,0.3729215,0.4122475
2025-05-11 00:00:00,0.330393,0,6,5,1,0.4122475,0.317548,0.330393
2025-05-11 01:00:00,0.2810605,1,6,5,1,0.330393,0.2670885,0.2810605
2025-05-11 02:00:00,0.25842950000000003,2,6,5,1,0.2810605,0.2456405,0.25842950000000003
2025-05-11 03:00:00,0.24848950000000003,3,6,5,1,0.25842950000000003,0.2390465,0.24848950000000003
2025-05-11 04:00:00,0.2453605,4,6,5,1,0.24848950000000003,0.24115,0.2453605
2025-05-11 05:00:00,0.2510935,5,6,5,1,0.2453605,0.24894800000000003,0.2510935
2025-05-11 06:00:00,0.2851065,6,6,5,1,0.2510935,0.295603,0.2851065
2025-05-11 07:00:00,0.36688750000000003,7,6,5,1,0.2851065,0.38458000000000003,0.36688750000000003
2025-05-11 08:00:00,0.4686745,8,6,5,1,0.36688750000000003,0.46352950000000004,0.4686745
2025-05-11 09:00:00,0.5405785000000001,9,6,5,1,0.4686745,0.5054735,0.5405785000000001
2025-05-11 10:00:00,0.5875135,10,6,5,1,0.5405785000000001,0.527779,0.5875135
2025-05-11 11:00:00,0.645015,11,6,5,1,0.5875135,0.566482,0.645015
2025-05-11 12:00:00,0.617442,12,6,5,1,0.645015,0.5612705,0.617442
2025-05-11 13:00:00,0.554176,13,6,5,1,0.617442,0.528388,0.554176
2025-05-11 14:00:00,0.511154,14,6,5,1,0.554176,0.5102755000000001,0.511154
2025-05-11 15:00:00,0.48595050000000006,15,6,5,1,0.511154,0.49988750000000004,0.48595050000000006
2025-05-11 16:00:00,0.48538,16,6,5,1,0.48595050000000006,0.5025545,0.48538
2025-05-11 17:00:00,0.532182,17,6,5,1,0.48538,0.5348595,0.532182
2025-05-11 18:00:00,0.581693,18,6,5,1,0.532182,0.5709934999999999,0.581693
2025-05-11 19:00:00,0.5867785,19,6,5,1,0.581693,0.5719525,0.5867785
2025-05-11 20:00:00,0.5668740000000001,20,6,5,1,0.5867785,0.5568675000000001,0.5668740000000001
2025-05-11 21:00:00,0.5374494999999999,21,6,5,1,0.5668740000000001,0.5381075000000001,0.5374494999999999
2025-05-11 22:00:00,0.47061349999999996,22,6,5,1,0.5374494999999999,0.495257,0.47061349999999996
2025-05-11 23:00:00,0.367794,23,6,5,1,0.47061349999999996,0.4122475,0.367794
2025-05-12 00:00:00,0.28866250000000004,0,0,5,0,0.367794,0.330393,0.28866250000000004
2025-05-12 01:00:00,0.24826900000000002,1,0,5,0,0.28866250000000004,0.2810605,0.24826900000000002
2025-05-12 02:00:00,0.233863,2,0,5,0,0.24826900000000002,0.25842950000000003,0.233863
2025-05-12 03:00:00,0.232708,3,0,5,0,0.233863,0.24848950000000003,0.232708
2025-05-12 04:00:00,0.24470250000000002,4,0,5,0,0.232708,0.2453605,0.24470250000000002
2025-05-12 05:00:00,0.2813195,5,0,5,0,0.24470250000000002,0.2510935,0.2813195
2025-05-12 06:00:00,0.3544065,6,0,5,0,0.2813195,0.2851065,0.3544065
2025-05-12 07:00:00,0.380492,7,0,5,0,0.3544065,0.36688750000000003,0.380492
2025-05-12 08:00:00,0.35930650000000003,8,0,5,0,0.380492,0.4686745,0.35930650000000003
2025-05-12 09:00:00,0.348306,9,0,5,0,0.35930650000000003,0.5405785000000001,0.348306
2025-05-12 10:00:00,0.348313,10,0,5,0,0.348306,0.5875135,0.348313
2025-05-12 11:00:00,0.379379,11,0,5,0,0.348313,0.645015,0.379379
2025-05-12 12:00:00,0.3982125,12,0,5,0,0.379379,0.617442,0.3982125
2025-05-12 13:00:00,0.3905685,13,0,5,0,0.3982125,0.554176,0.3905685
2025-05-12 14:00:00,0.376096,14,0,5,0,0.3905685,0.511154,0.376096
2025-05-12 15:00:00,0.3808735,15,0,5,0,0.376096,0.48595050000000006,0.3808735
2025-05-12 16:00:00,0.409346,16,0,5,0,0.3808735,0.48538,0.409346
2025-05-12 17:00:00,0.47584950000000004,17,0,5,0,0.409346,0.532182,0.47584950000000004
2025-05-12 18:00:00,0.5483205,18,0,5,0,0.47584950000000004,0.581693,0.5483205
2025-05-12 19:00:00,0.5759985,19,0,5,0,0.5483205,0.5867785,0.5759985
2025-05-12 20:00:00,0.5656385,20,0,5,0,0.5759985,0.5668740000000001,0.5656385
2025-05-12 21:00:00,0.5413169999999999,21,0,5,0,0.5656385,0.5374494999999999,0.5413169999999999
2025-05-12 22:00:00,0.477211,22,0,5,0,0.5413169999999999,0.47061349999999996,0.477211
2025-05-12 23:00:00,0.3729215,23,0,5,0,0.477211,0.367794,0.3729215
2025-05-13 00:00:00,0.28866250000000004,0,1,5,0,0.3729215,0.28866250000000004,0.28866250000000004
2025-05-13 01:00:00,0.24826900000000002,1,1,5,0,0.28866250000000004,0.24826900000000002,0.24826900000000002
2025-05-13 02:00:00,0.233863,2,1,5,0,0.24826900000000002,0.233863,0.233863
2025-05-13 03:00:00,0.232708,3,1,5,0,0.233863,0.232708,0.232708
2025-05-13 04:00:00,0.24470250000000002,4,1,5,0,0.232708,0.24470250000000002,0.24470250000000002
2025-05-13 05:00:00,0.2813195,5,1,5,0,0.24470250000000002,0.2813195,0.2813195
2025-05-13 06:00:00,0.3544065,6,1,5,0,0.2813195,0.3544065,0.3544065
2025-05-13 07:00:00,0.380492,7,1,5,0,0.3544065,0.380492,0.380492
2025-05-13 08:00:00,0.35930650000000003,8,1,5,0,0.380492,0.35930650000000003,0.35930650000000003
2025-05-13 09:00:00,0.348306,9,1,5,0,0.35930650000000003,0.348306,0.348306
2025-05-13 10:00:00,0.348313,10,1,5,0,0.348306,0.348313,0.348313
2025-05-13 11:00:00,0.379379,11,1,5,0,0.348313,0.379379,0.379379
2025-05-13 12:00:00,0.3982125,12,1,5,0,0.379379,0.3982125,0.3982125
2025-05-13 13:00:00,0.3905685,13,1,5,0,0.3982125,0.3905685,0.3905685
2025-05-13 14:00:00,0.376096,14,1,5,0,0.3905685,0.376096,0.376096
2025-05-13 15:00:00,0.3808735,15,1,5,0,0.376096,0.3808735,0.3808735
2025-05-13 16:00:00,0.409346,16,1,5,0,0.3808735,0.409346,0.409346
2025-05-13 17:00:00,0.47584950000000004,17,1,5,0,0.409346,0.47584950000000004,0.47584950000000004
2025-05-13 18:00:00,0.5483205,18,1,5,0,0.47584950000000004,0.5483205,0.5483205
2025-05-13 19:00:00,0.5759985,19,1,5,0,0.5483205,0.5759985,0.5759985
2025-05-13 20:00:00,0.5656385,20,1,5,0,0.5759985,0.5656385,0.5656385
2025-05-13 21:00:00,0.5413169999999999,21,1,5,0,0.5656385,0.5413169999999999,0.5413169999999999
2025-05-13 22:00:00,0.477211,22,1,5,0,0.5413169999999999,0.477211,0.477211
2025-05-13 23:00:00,0.3729215,23,1,5,0,0.477211,0.3729215,0.3729215
2025-05-14 00:00:00,0.28866250000000004,0,2,5,0,0.3729215,0.28866250000000004,0.28866250000000004
2025-05-14 01:00:00,0.24826900000000002,1,2,5,0,0.28866250000000004,0.24826900000000002,0.24826900000000002
2025-05-14 02:00:00,0.233863,2,2,5,0,0.24826900000000002,0.233863,0.233863
2025-05-14 03:00:00,0.232708,3,2,5,0,0.233863,0.232708,0.232708
2025-05-14 04:00:00,0.24470250000000002,4,2,5,0,0.232708,0.24470250000000002,0.24470250000000002
2025-05-14 05:00:00,0.2813195,5,2,5,0,0.24470250000000002,0.2813195,0.2813195
2025-05-14 06:00:00,0.3544065,6,2,5,0,0.2813195,0.3544065,0.3544065
2025-05-14 07:00:00,0.380492,7,2,5,0,0.3544065,0.380492,0.380492
2025-05-14 08:00:00,0.35930650000000003,8,2,5,0,0.380492,0.35930650000000003,0.35930650000000003
2025-05-14 09:00:00,0.348306,9,2,5,0,0.35930650000000003,0.348306,0.348306
2025-05-14 10:00:00,0.348313,10,2,5,0,0.348306,0.348313,0.348313
2025-05-14 11:00:00,0.379379,11,2,5,0,0.348313,0.379379,0.379379
2025-05-14 12:00:00,0.3982125,12,2,5,0,0.379379,0.3982125,0.3982125
2025-05-14 13:00:00,0.3905685,13,2,5,0,0.3982125,0.3905685,0.3905685
2025-05-14 14:00:00,0.376096,14,2,5,0,0.3905685,0.376096,0.376096
2025-05-14 15:00:00,0.3808735,15,2,5,0,0.376096,0.3808735,0.3808735
2025-05-14 16:00:00,0.409346,16,2,5,0,0.3808735,0.409346,0.409346
2025-05-14 17:00:00,0.47584950000000004,17,2,5,0,0.409346,0.47584950000000004,0.47584950000000004
2025-05-14 18:00:00,0.5483205,18,2,5,0,0.47584950000000004,0.5483205,0.5483205
2025-05-14 19:00:00,0.5759985,19,2,5,0,0.5483205,0.5759985,0.5759985
2025-05-14 20:00:00,0.5656385,20,2,5,0,0.5759985,0.5656385,0.5656385
2025-05-14 21:00:00,0.5413169999999999,21,2,5,0,0.5656385,0.5413169999999999,0.5413169999999999
2025-05-14 22:00:00,0.477211,22,2,5,0,0.5413169999999999,0.477211,0.477211
2025-05-14 23:00:00,0.3729215,23,2,5,0,0.477211,0.3729215,0.3729215
2025-05-15 00:00:00,0.28866250000000004,0,3,5,0,0.3729215,0.28866250000000004,0.28866250000000004
2025-05-15 01:00:00,0.24826900000000002,1,3,5,0,0.28866250000000004,0.24826900000000002,0.24826900000000002
2025-05-15 02:00:00,0.233863,2,3,5,0,0.24826900000000002,0.233863,0.233863
2025-05-15 03:00:00,0.232708,3,3,5,0,0.233863,0.232708,0.232708
2025-05-15 04:00:00,0.24470250000000002,4,3,5,0,0.232708,0.24470250000000002,0.24470250000000002
2025-05-15 05:00:00,0.2813195,5,3,5,0,0.24470250000000002,0.2813195,0.2813195
2025-05-15 06:00:00,0.3544065,6,3,5,0,0.2813195,0.3544065,0.3544065
2025-05-15 07:00:00,0.380492,7,3,5,0,0.3544065,0.380492,0.380492
2025-05-15 08:00:00,0.35930650000000003,8,3,5,0,0.380492,0.35930650000000003,0.35930650000000003
2025-05-15 09:00:00,0.348306,9,3,5,0,0.35930650000000003,0.348306,0.348306
2025-05-15 10:00:00,0.348313,10,3,5,0,0.348306,0.348313,0.348313
2025-05-15 11:00:00,0.379379,11,3,5,0,0.348313,0.379379,0.379379
2025-05-15 12:00:00,0.3982125,12,3,5,0,0.379379,0.3982125,0.3982125
2025-05-15 13:00:00,0.3905685,13,3,5,0,0.3982125,0.3905685,0.3905685
2025-05-15 14:00:00,0.376096,14,3,5,0,0.3905685,0.376096,0.376096
2025-05-15 15:00:00,0.3808735,15,3,5,0,0.376096,0.3808735,0.3808735
2025-05-15 16:00:00,0.409346,16,3,5,0,0.3808735,0.409346,0.409346
2025-05-15 17:00:00,0.47584950000000004,17,3,5,0,0.409346,0.47584950000000004,0.47584950000000004
2025-05-15 18:00:00,0.5483205,18,3,5,0,0.47584950000000004,0.5483205,0.5483205
2025-05-15 19:00:00,0.5759985,19,3,5,0,0.5483205,0.5759985,0.5759985
2025-05-15 20:00:00,0.5656385,20,3,5,0,0.5759985,0.5656385,0.5656385
2025-05-15 21:00:00,0.5413169999999999,21,3,5,0,0.5656385,0.5413169999999999,0.5413169999999999
2025-05-15 22:00:00,0.477211,22,3,5,0,0.5413169999999999,0.477211,0.477211
2025-05-15 23:00:00,0.3729215,23,3,5,0,0.477211,0.3729215,0.3729215
2025-05-16 00:00:00,0.28866250000000004,0,4,5,0,0.3729215,0.28866250000000004,0.28866250000000004
2025-05-16 01:00:00,0.24826900000000002,1,4,5,0,0.28866250000000004,0.24826900000000002,0.24826900000000002
2025-05-16 02:00:00,0.233863,2,4,5,0,0.24826900000000002,0.233863,0.233863
2025-05-16 03:00:00,0.232708,3,4,5,0,0.233863,0.232708,0.232708
2025-05-16 04:00:00,0.24470250000000002,4,4,5,0,0.232708,0.24470250000000002,0.24470250000000002
2025-05-16 05:00:00,0.2813195,5,4,5,0,0.24470250000000002,0.2813195,0.2813195
2025-05-16 06:00:00,0.3544065,6,4,5,0,0.2813195,0.3544065,0.3544065
2025-05-16 07:00:00,0.380492,7,4,5,0,0.3544065,0.380492,0.380492
2025-05-16 08:00:00,0.35930650000000003,8,4,5,0,0.380492,0.35930650000000003,0.35930650000000003
2025-05-16 09:00:00,0.348306,9,4,5,0,0.35930650000000003,0.348306,0.348306
2025-05-16 10:00:00,0.348313,10,4,5,0,0.348306,0.348313,0.348313
2025-05-16 11:00:00,0.379379,11,4,5,0,0.348313,0.379379,0.379379
2025-05-16 12:00:00,0.3982125,12,4,5,0,0.379379,0.3982125,0.3982125
2025-05-16 13:00:00,0.3905685,13,4,5,0,0.3982125,0.3905685,0.3905685
2025-05-16 14:00:00,0.376096,14,4,5,0,0.3905685,0.376096,0.376096
2025-05-16 15:00:00,0.3808735,15,4,5,0,0.376096,0.3808735,0.3808735
2025-05-16 16:00:00,0.409346,16,4,5,0,0.3808735,0.409346,0.409346
2025-05-16 17:00:00,0.47584950000000004,17,4,5,0,0.409346,0.47584950000000004,0.47584950000000004
2025-05-16 18:00:00,0.5483205,18,4,5,0,0.47584950000000004,0.5483205,0.5483205
2025-05-16 19:00:00,0.5759985,19,4,5,0,0.5483205,0.5759985,0.5759985
2025-05-16 20:00:00,0.5656385,20,4,5,0,0.5759985,0.5656385,0.5656385
2025-05-16 21:00:00,0.5413169999999999,21,4,5,0,0.5656385,0.5413169999999999,0.5413169999999999
2025-05-16 22:00:00,0.477211,22,4,5,0,0.5413169999999999,0.477211,0.477211
2025-05-16 23:00:00,0.3729215,23,4,5,0,0.477211,0.3729215,0.3729215
2025-05-17 00:00:00,0.317548,0,5,5,1,0.3729215,0.28866250000000004,0.317548
2025-05-17 01:00:00,0.2670885,1,5,5,1,0.317548,0.24826900000000002,0.2670885
2025-05-17 02:00:00,0.2456405,2,5,5,1,0.2670885,0.233863,0.2456405
2025-05-17 03:00:00,0.2390465,3,5,5,1,0.2456405,0.232708,0.2390465
2025-05-17 04:00:00,0.24115,4,5,5,1,0.2390465,0.24470250000000002,0.24115
2025-05-17 05:00:00,0.24894800000000003,5,5,5,1,0.24115,0.2813195,0.24894800000000003
2025-05-17 06:00:00,0.295603,6,5,5,1,0.24894800000000003,0.3544065,0.295603
2025-05-17 07:00:00,0.38458000000000003,7,5,5,1,0.295603,0.380492,0.38458000000000003
2025-05-17 08:00:00,0.46352950000000004,8,5,5,1,0.38458000000000003,0.35930650000000003,0.46352950000000004
2025-05-17 09:00:00,0.5054735,9,5,5,1,0.46352950000000004,0.348306,0.5054735
2025-05-17 10:00:00,0.527779,10,5,5,1,0.5054735,0.348313,0.527779
2025-05-17 11:00:00,0.566482,11,5,5,1,0.527779,0.379379,0.566482
2025-05-17 12:00:00,0.5612705,12,5,5,1,0.566482,0.3982125,0.5612705
2025-05-17 13:00:00,0.528388,13,5,5,1,0.5612705,0.3905685,0.528388
2025-05-17 14:00:00,0.5102755000000001,14,5,5,1,0.528388,0.376096,0.5102755000000001
2025-05-17 15:00:00,0.49988750000000004,15,5,5,1,0.5102755000000001,0.3808735,0.49988750000000004
2025-05-17 16:00:00,0.5025545,16,5,5,1,0.49988750000000004,0.409346,0.5025545
2025-05-17 17:00:00,0.5348595,17,5,5,1,0.5025545,0.47584950000000004,0.5348595
2025-05-17 18:00:00,0.5709934999999999,18,5,5,1,0.5348595,0.5483205,0.5709934999999999
2025-05-17 19:00:00,0.5719525,19,5,5,1,0.5709934999999999,0.5759985,0.5719525
2025-05-17 20:00:00,0.5568675000000001,20,5,5,1,0.5719525,0.5656385,0.5568675000000001
2025-05-17 21:00:00,0.5381075000000001,21,5,5,1,0.5568675000000001,0.5413169999999999,0.5381075000000001
2025-05-17 22:00:00,0.495257,22,5,5,1,0.5381075000000001,0.477211,0.495257
2025-05-17 23:00:00,0.4122475,23,5,5,1,0.495257,0.3729215,0.4122475
2025-05-18 00:00:00,0.330393,0,6,5,1,0.4122475,0.317548,0.330393
2025-05-18 01:00:00,0.2810605,1,6,5,1,0.330393,0.2670885,0.2810605
2025-05-18 02:00:00,0.25842950000000003,2,6,5,1,0.2810605,0.2456405,0.25842950000000003
2025-05-18 03:00:00,0.24848950000000003,3,6,5,1,0.25842950000000003,0.2390465,0.24848950000000003
2025-05-18 04:00:00,0.2453605,4,6,5,1,0.24848950000000003,0.24115,0.2453605
2025-05-18 05:00:00,0.2510935,5,6,5,1,0.2453605,0.24894800000000003,0.2510935
2025-05-18 06:00:00,0.2851065,6,6,5,1,0.2510935,0.295603,0.2851065
2025-05-18 07:00:00,0.36688750000000003,7,6,5,1,0.2851065,0.38458000000000003,0.36688750000000003
2025-05-18 08:00:00,0.4686745,8,6,5,1,0.36688750000000003,0.46352950000000004,0.4686745
2025-05-18 09:00:00,0.5405785000000001,9,6,5,1,0.4686745,0.5054735,0.5405785000000001
2025-05-18 10:00:00,0.5875135,10,6,5,1,0.5405785000000001,0.527779,0.5875135
2025-05-18 11:00:00,0.645015,11,6,5,1,0.5875135,0.566482,0.645015
2025-05-18 12:00:00,0.617442,12,6,5,1,0.645015,0.5612705,0.617442
2025-05-18 13:00:00,0.554176,13,6,5,1,0.617442,0.528388,0.554176
2025-05-18 14:00:00,0.511154,14,6,5,1,0.554176,0.5102755000000001,0.511154
2025-05-18 15:00:00,0.48595050000000006,15,6,5,1,0.511154,0.49988750000000004,0.48595050000000006
2025-05-18 16:00:00,0.48538,16,6,5,1,0.48595050000000006,0.5025545,0.48538
2025-05-18 17:00:00,0.532182,17,6,5,1,0.48538,0.5348595,0.532182
2025-05-18 18:00:00,0.581693,18,6,5,1,0.532182,0.5709934999999999,0.581693
2025-05-18 19:00:00,0.5867785,19,6,5,1,0.581693,0.5719525,0.5867785
2025-05-18 20:00:00,0.5668740000000001,20,6,5,1,0.5867785,0.5568675000000001,0.5668740000000001
2025-05-18 21:00:00,0.5374494999999999,21,6,5,1,0.5668740000000001,0.5381075000000001,0.5374494999999999
2025-05-18 22:00:00,0.47061349999999996,22,6,5,1,0.5374494999999999,0.495257,0.47061349999999996
2025-05-18 23:00:00,0.367794,23,6,5,1,0.47061349999999996,0.4122475,0.367794
2025-05-19 00:00:00,0.28866250000000004,0,0,5,0,0.367794,0.330393,0.28866250000000004
2025-05-19 01:00:00,0.24826900000000002,1,0,5,0,0.28866250000000004,0.2810605,0.24826900000000002
2025-05-19 02:00:00,0.233863,2,0,5,0,0.24826900000000002,0.25842950000000003,0.233863
2025-05-19 03:00:00,0.232708,3,0,5,0,0.233863,0.24848950000000003,0.232708
2025-05-19 04:00:00,0.24470250000000002,4,0,5,0,0.232708,0.2453605,0.24470250000000002
2025-05-19 05:00:00,0.2813195,5,0,5,0,0.24470250000000002,0.2510935,0.2813195
2025-05-19 06:00:00,0.3544065,6,0,5,0,0.2813195,0.2851065,0.3544065
2025-05-19 07:00:00,0.380492,7,0,5,0,0.3544065,0.36688750000000003,0.380492
2025-05-19 08:00:00,0.35930650000000003,8,0,5,0,0.380492,0.4686745,0.35930650000000003
2025-05-19 09:00:00,0.348306,9,0,5,0,0.35930650000000003,0.5405785000000001,0.348306
2025-05-19 10:00:00,0.348313,10,0,5,0,0.348306,0.5875135,0.348313
2025-05-19 11:00:00,0.379379,11,0,5,0,0.348313,0.645015,0.379379
2025-05-19 12:00:00,0.3982125,12,0,5,0,0.379379,0.617442,0.3982125
2025-05-19 13:00:00,0.3905685,13,0,5,0,0.3982125,0.554176,0.3905685
2025-05-19 14:00:00,0.376096,14,0,5,0,0.3905685,0.511154,0.376096
2025-05-19 15:00:00,0.3808735,15,0,5,0,0.376096,0.48595050000000006,0.3808735
2025-05-19 16:00:00,0.409346,16,0,5,0,0.3808735,0.48538,0.409346
2025-05-19 17:00:00,0.47584950000000004,17,0,5,0,0.409346,0.532182,0.47584950000000004
2025-05-19 18:00:00,0.5483205,18,0,5,0,0.47584950000000004,0.581693,0.5483205
2025-05-19 19:00:00,0.5759985,19,0,5,0,0.5483205,0.5867785,0.5759985
2025-05-19 20:00:00,0.5656385,20,0,5,0,0.5759985,0.5668740000000001,0.5656385
2025-05-19 21:00:00,0.5413169999999999,21,0,5,0,0.5656385,0.5374494999999999,0.5413169999999999
2025-05-19 22:00:00,0.477211,22,0,5,0,0.5413169999999999,0.47061349999999996,0.477211
2025-05-19 23:00:00,0.3729215,23,0,5,0,0.477211,0.367794,0.3729215
2025-05-20 00:00:00,0.28866250000000004,0,1,5,0,0.3729215,0.28866250000000004,0.28866250000000004
2025-05-20 01:00:00,0.24826900000000002,1,1,5,0,0.28866250000000004,0.24826900000000002,0.24826900000000002
2025-05-20 02:00:00,0.233863,2,1,5,0,0.24826900000000002,0.233863,0.233863
2025-05-20 03:00:00,0.232708,3,1,5,0,0.233863,0.232708,0.232708
2025-05-20 04:00:00,0.24470250000000002,4,1,5,0,0.232708,0.24470250000000002,0.24470250000000002
2025-05-20 05:00:00,0.2813195,5,1,5,0,0.24470250000000002,0.2813195,0.2813195
2025-05-20 06:00:00,0.3544065,6,1,5,0,0.2813195,0.3544065,0.3544065
2025-05-20 07:00:00,0.380492,7,1,5,0,0.3544065,0.380492,0.380492
2025-05-20 08:00:00,0.35930650000000003,8,1,5,0,0.380492,0.35930650000000003,0.35930650000000003
2025-05-20 09:00:00,0.348306,9,1,5,0,0.35930650000000003,0.348306,0.348306
2025-05-20 10:00:00,0.348313,10,1,5,0,0.348306,0.348313,0.348313
2025-05-20 11:00:00,0.379379,11,1,5,0,0.348313,0.379379,0.379379
2025-05-20 12:00:00,0.3982125,12,1,5,0,0.379379,0.3982125,0.3982125
2025-05-20 13:00:00,0.3905685,13,1,5,0,0.3982125,0.3905685,0.3905685
2025-05-20 14:00:00,0.376096,14,1,5,0,0.3905685,0.376096,0.376096
2025-05-20 15:00:00,0.3808735,15,1,5,0,0.376096,0.3808735,0.3808735
2025-05-20 16:00:00,0.409346,16,1,5,0,0.3808735,0.409346,0.409346
2025-05-20 17:00:00,0.47584950000000004,17,1,5,0,0.409346,0.47584950000000004,0.47584950000000004
2025-05-20 18:00:00,0.5483205,18,1,5,0,0.47584950000000004,0.5483205,0.5483205
2025-05-20 19:00:00,0.5759985,19,1,5,0,0.5483205,0.5759985,0.5759985
2025-05-20 20:00:00,0.5656385,20,1,5,0,0.5759985,0.5656385,0.5656385
2025-05-20 21:00:00,0.5413169999999999,21,1,5,0,0.5656385,0.5413169999999999,0.5413169999999999
2025-05-20 22:00:00,0.477211,22,1,5,0,0.5413169999999999,0.477211,0.477211
2025-05-20 23:00:00,0.3729215,23,1,5,0,0.477211,0.3729215,0.3729215
2025-05-21 00:00:00,0.28866250000000004,0,2,5,0,0.3729215,0.28866250000000004,0.28866250000000004
2025-05-21 01:00:00,0.24826900000000002,1,2,5,0,0.28866250000000004,0.24826900000000002,0.24826900000000002
2025-05-21 02:00:00,0.233863,2,2,5,0,0.24826900000000002,0.233863,0.233863
2025-05-21 03:00:00,0.232708,3,2,5,0,0.233863,0.232708,0.232708
2025-05-21 04:00:00,0.24470250000000002,4,2,5,0,0.232708,0.24470250000000002,0.24470250000000002
2025-05-21 05:00:00,0.2813195,5,2,5,0,0.24470250000000002,0.2813195,0.2813195
2025-05-21 06:00:00,0.3544065,6,2,5,0,0.2813195,0.3544065,0.3544065
2025-05-21 07:00:00,0.380492,7,2,5,0,0.3544065,0.380492,0.380492
2025-05-21 08:00:00,0.35930650000000003,8,2,5,0,0.380492,0.35930650000000003,0.35930650000000003
2025-05-21 09:00:00,0.348306,9,2,5,0,0.35930650000000003,0.348306,0.348306
2025-05-21 10:00:00,0.348313,10,2,5,0,0.348306,0.348313,0.348313
2025-05-21 11:00:00,0.379379,11,2,5,0,0.348313,0.379379,0.379379
2025-05-21 12:00:00,0.3982125,12,2,5,0,0.379379,0.3982125,0.3982125
2025-05-21 13:00:00,0.3905685,13,2,5,0,0.3982125,0.3905685,0.3905685
2025-05-21 14:00:00,0.376096,14,2,5,0,0.3905685,0.376096,0.376096
2025-05-21 15:00:00,0.3808735,15,2,5,0,0.376096,0.3808735,0.3808735
2025-05-21 16:00:00,0.409346,16,2,5,0,0.3808735,0.409346,0.409346
2025-05-21 17:00:00,0.47584950000000004,17,2,5,0,0.409346,0.47584950000000004,0.47584950000000004
2025-05-21 18:00:00,0.5483205,18,2,5,0,0.47584950000000004,0.5483205,0.5483205
2025-05-21 19:00:00,0.5759985,19,2,5,0,0.5483205,0.5759985,0.5759985
2025-05-21 20:00:00,0.5656385,20,2,5,0,0.5759985,0.5656385,0.5656385
2025-05-21 21:00:00,0.5413169999999999,21,2,5,0,0.5656385,0.5413169999999999,0.5413169999999999
2025-05-21 22:00:00,0.477211,22,2,5,0,0.5413169999999999,0.477211,0.477211
2025-05-21 23:00:00,0.3729215,23,2,5,0,0.477211,0.3729215,0.3729215
2025-05-22 00:00:00,0.28866250000000004,0,3,5,0,0.3729215,0.28866250000000004,0.28866250000000004
2025-05-22 01:00:00,0.24826900000000002,1,3,5,0,0.28866250000000004,0.24826900000000002,0.24826900000000002
2025-05-22 02:00:00,0.233863,2,3,5,0,0.24826900000000002,0.233863,0.233863
2025-05-22 03:00:00,0.232708,3,3,5,0,0.233863,0.232708,0.232708
2025-05-22 04:00:00,0.24470250000000002,4,3,5,0,0.232708,0.24470250000000002,0.24470250000000002
2025-05-22 05:00:00,0.2813195,5,3,5,0,0.24470250000000002,0.2813195,0.2813195
2025-05-22 06:00:00,0.3544065,6,3,5,0,0.2813195,0.3544065,0.3544065
2025-05-22 07:00:00,0.380492,7,3,5,0,0.3544065,0.380492,0.380492
2025-05-22 08:00:00,0.35930650000000003,8,3,5,0,0.380492,0.35930650000000003,0.35930650000000003
2025-05-22 09:00:00,0.348306,9,3,5,0,0.35930650000000003,0.348306,0.348306
2025-05-22 10:00:00,0.348313,10,3,5,0,0.348306,0.348313,0.348313
2025-05-22 11:00:00,0.379379,11,3,5,0,0.348313,0.379379,0.379379
2025-05-22 12:00:00,0.3982125,12,3,5,0,0.379379,0.3982125,0.3982125
2025-05-22 13:00:00,0.3905685,13,3,5,0,0.3982125,0.3905685,0.3905685
2025-05-22 14:00:00,0.376096,14,3,5,0,0.3905685,0.376096,0.376096
2025-05-22 15:00:00,0.3808735,15,3,5,0,0.376096,0.3808735,0.3808735
2025-05-22 16:00:00,0.409346,16,3,5,0,0.3808735,0.409346,0.409346
2025-05-22 17:00:00,0.47584950000000004,17,3,5,0,0.409346,0.47584950000000004,0.47584950000000004
2025-05-22 18:00:00,0.5483205,18,3,5,0,0.47584950000000004,0.5483205,0.5483205
2025-05-22 19:00:00,0.5759985,19,3,5,0,0.5483205,0.5759985,0.5759985
2025-05-22 20:00:00,0.5656385,20,3,5,0,0.5759985,0.5656385,0.5656385
2025-05-22 21:00:00,0.5413169999999999,21,3,5,0,0.5656385,0.5413169999999999,0.5413169999999999
2025-05-22 22:00:00,0.477211,22,3,5,0,0.5413169999999999,0.477211,0.477211
2025-05-22 23:00:00,0.3729215,23,3,5,0,0.477211,0.3729215,0.3729215
2025-05-23 00:00:00,0.28866250000000004,0,4,5,0,0.3729215,0.28866250000000004,0.28866250000000004
2025-05-23 01:00:00,0.24826900000000002,1,4,5,0,0.28866250000000004,0.24826900000000002,0.24826900000000002
2025-05-23 02:00:00,0.233863,2,4,5,0,0.24826900000000002,0.233863,0.233863
2025-05-23 03:00:00,0.232708,3,4,5,0,0.233863,0.232708,0.232708
2025-05-23 04:00:00,0.24470250000000002,4,4,5,0,0.232708,0.24470250000000002,0.24470250000000002
2025-05-23 05:00:00,0.2813195,5,4,5,0,0.24470250000000002,0.2813195,0.2813195
2025-05-23 06:00:00,0.3544065,6,4,5,0,0.2813195,0.3544065,0.3544065
2025-05-23 07:00:00,0.380492,7,4,5,0,0.3544065,0.380492,0.380492
2025-05-23 08:00:00,0.35930650000000003,8,4,5,0,0.380492,0.35930650000000003,0.35930650000000003
2025-05-23 09:00:00,0.348306,9,4,5,0,0.35930650000000003,0.348306,0.348306
2025-05-23 10:00:00,0.348313,10,4,5,0,0.348306,0.348313,0.348313
2025-05-23 11:00:00,0.379379,11,4,5,0,0.348313,0.379379,0.379379
2025-05-23 12:00:00,0.3982125,12,4,5,0,0.379379,0.3982125,0.3982125
2025-05-23 13:00:00,0.3905685,13,4,5,0,0.3982125,0.3905685,0.3905685
2025-05-23 14:00:00,0.376096,14,4,5,0,0.3905685,0.376096,0.376096
2025-05-23 15:00:00,0.3808735,15,4,5,0,0.376096,0.3808735,0.3808735
2025-05-23 16:00:00,0.409346,16,4,5,0,0.3808735,0.409346,0.409346
2025-05-23 17:00:00,0.47584950000000004,17,4,5,0,0.409346,0.47584950000000004,0.47584950000000004
2025-05-23 18:00:00,0.5483205,18,4,5,0,0.47584950000000004,0.5483205,0.5483205
2025-05-23 19:00:00,0.5759985,19,4,5,0,0.5483205,0.5759985,0.5759985
2025-05-23 20:00:00,0.5656385,20,4,5,0,0.5759985,0.5656385,0.5656385
2025-05-23 21:00:00,0.5413169999999999,21,4,5,0,0.5656385,0.5413169999999999,0.5413169999999999
2025-05-23 22:00:00,0.477211,22,4,5,0,0.5413169999999999,0.477211,0.477211
2025-05-23 23:00:00,0.3729215,23,4,5,0,0.477211,0.3729215,0.3729215
2025-05-24 00:00:00,0.317548,0,5,5,1,0.3729215,0.28866250000000004,0.317548
2025-05-24 01:00:00,0.2670885,1,5,5,1,0.317548,0.24826900000000002,0.2670885
2025-05-24 02:00:00,0.2456405,2,5,5,1,0.2670885,0.233863,0.2456405
2025-05-24 03:00:00,0.2390465,3,5,5,1,0.2456405,0.232708,0.2390465
2025-05-24 04:00:00,0.24115,4,5,5,1,0.2390465,0.24470250000000002,0.24115
2025-05-24 05:00:00,0.24894800000000003,5,5,5,1,0.24115,0.2813195,0.24894800000000003
2025-05-24 06:00:00,0.295603,6,5,5,1,0.24894800000000003,0.3544065,0.295603
2025-05-24 07:00:00,0.38458000000000003,7,5,5,1,0.295603,0.380492,0.38458000000000003
2025-05-24 08:00:00,0.46352950000000004,8,5,5,1,0.38458000000000003,0.35930650000000003,0.46352950000000004
2025-05-24 09:00:00,0.5054735,9,5,5,1,0.46352950000000004,0.348306,0.5054735
2025-05-24 10:00:00,0.527779,10,5,5,1,0.5054735,0.348313,0.527779
2025-05-24 11:00:00,0.566482,11,5,5,1,0.527779,0.379379,0.566482
2025-05-24 12:00:00,0.5612705,12,5,5,1,0.566482,0.3982125,0.5612705
2025-05-24 13:00:00,0.528388,13,5,5,1,0.5612705,0.3905685,0.528388
2025-05-24 14:00:00,0.5102755000000001,14,5,5,1,0.528388,0.376096,0.5102755000000001
2025-05-24 15:00:00,0.49988750000000004,15,5,5,1,0.5102755000000001,0.3808735,0.49988750000000004
2025-05-24 16:00:00,0.5025545,16,5,5,1,0.49988750000000004,0.409346,0.5025545
2025-05-24 17:00:00,0.5348595,17,5,5,1,0.5025545,0.47584950000000004,0.5348595
2025-05-24 18:00:00,0.5709934999999999,18,5,5,1,0.5348595,0.5483205,0.5709934999999999
2025-05-24 19:00:00,0.5719525,19,5,5,1,0.5709934999999999,0.5759985,0.5719525
2025-05-24 20:00:00,0.5568675000000001,20,5,5,1,0.5719525,0.5656385,0.5568675000000001
2025-05-24 21:00:00,0.5381075000000001,21,5,5,1,0.5568675000000001,0.5413169999999999,0.5381075000000001
2025-05-24 22:00:00,0.495257,22,5,5,1,0.5381075000000001,0.477211,0.495257
2025-05-24 23:00:00,0.4122475,23,5,5,1,0.495257,0.3729215,0.4122475
2025-05-25 00:00:00,0.330393,0,6,5,1,0.4122475,0.317548,0.330393
2025-05-25 01:00:00,0.2810605,1,6,5,1,0.330393,0.2670885,0.2810605
2025-05-25 02:00:00,0.25842950000000003,2,6,5,1,0.2810605,0.2456405,0.25842950000000003
2025-05-25 03:00:00,0.24848950000000003,3,6,5,1,0.25842950000000003,0.2390465,0.24848950000000003
2025-05-25 04:00:00,0.2453605,4,6,5,1,0.24848950000000003,0.24115,0.2453605
2025-05-25 05:00:00,0.2510935,5,6,5,1,0.2453605,0.24894800000000003,0.2510935
2025-05-25 06:00:00,0.2851065,6,6,5,1,0.2510935,0.295603,0.2851065
2025-05-25 07:00:00,0.36688750000000003,7,6,5,1,0.2851065,0.38458000000000003,0.36688750000000003
2025-05-25 08:00:00,0.4686745,8,6,5,1,0.36688750000000003,0.46352950000000004,0.4686745
2025-05-25 09:00:00,0.5405785000000001,9,6,5,1,0.4686745,0.5054735,0.5405785000000001
2025-05-25 10:00:00,0.5875135,10,6,5,1,0.5405785000000001,0.527779,0.5875135
2025-05-25 11:00:00,0.645015,11,6,5,1,0.5875135,0.566482,0.645015
2025-05-25 12:00:00,0.617442,12,6,5,1,0.645015,0.5612705,0.617442
2025-05-25 13:00:00,0.554176,13,6,5,1,0.617442,0.528388,0.554176
2025-05-25 14:00:00,0.511154,14,6,5,1,0.554176,0.5102755000000001,0.511154
2025-05-25 15:00:00,0.48595050000000006,15,6,5,1,0.511154,0.49988750000000004,0.48595050000000006
2025-05-25 16:00:00,0.48538,16,6,5,1,0.48595050000000006,0.5025545,0.48538
2025-05-25 17:00:00,0.532182,17,6,5,1,0.48538,0.5348595,0.532182
2025-05-25 18:00:00,0.581693,18,6,5,1,0.532182,0.5709934999999999,0.581693
2025-05-25 19:00:00,0.5867785,19,6,5,1,0.581693,0.5719525,0.5867785
2025-05-25 20:00:00,0.5668740000000001,20,6,5,1,0.5867785,0.5568675000000001,0.5668740000000001
2025-05-25 21:00:00,0.5374494999999999,21,6,5,1,0.5668740000000001,0.5381075000000001,0.5374494999999999
2025-05-25 22:00:00,0.47061349999999996,22,6,5,1,0.5374494999999999,0.495257,0.47061349999999996
2025-05-25 23:00:00,0.367794,23,6,5,1,0.47061349999999996,0.4122475,0.367794
2025-05-26 00:00:00,0.28866250000000004,0,0,5,0,0.367794,0.330393,0.28866250000000004
2025-05-26 01:00:00,0.24826900000000002,1,0,5,0,0.28866250000000004,0.2810605,0.24826900000000002
2025-05-26 02:00:00,0.233863,2,0,5,0,0.24826900000000002,0.25842950000000003,0.233863
2025-05-26 03:00:00,0.232708,3,0,5,0,0.233863,0.24848950000000003,0.232708
2025-05-26 04:00:00,0.24470250000000002,4,0,5,0,0.232708,0.2453605,0.24470250000000002
2025-05-26 05:00:00,0.2813195,5,0,5,0,0.24470250000000002,0.2510935,0.2813195
2025-05-26 06:00:00,0.3544065,6,0,5,0,0.2813195,0.2851065,0.3544065
2025-05-26 07:00:00,0.380492,7,0,5,0,0.3544065,0.36688750000000003,0.380492
2025-05-26 08:00:00,0.35930650000000003,8,0,5,0,0.380492,0.4686745,0.35930650000000003
2025-05-26 09:00:00,0.348306,9,0,5,0,0.35930650000000003,0.5405785000000001,0.348306
2025-05-26 10:00:00,0.348313,10,0,5,0,0.348306,0.5875135,0.348313
2025-05-26 11:00:00,0.379379,11,0,5,0,0.348313,0.645015,0.379379
2025-05-26 12:00:00,0.3982125,12,0,5,0,0.379379,0.617442,0.3982125
2025-05-26 13:00:00,0.3905685,13,0,5,0,0.3982125,0.554176,0.3905685
2025-05-26 14:00:00,0.376096,14,0,5,0,0.3905685,0.511154,0.376096
2025-05-26 15:00:00,0.3808735,15,0,5,0,0.376096,0.48595050000000006,0.3808735
2025-05-26 16:00:00,0.409346,16,0,5,0,0.3808735,0.48538,0.409346
2025-05-26 17:00:00,0.47584950000000004,17,0,5,0,0.409346,0.532182,0.47584950000000004
2025-05-26 18:00:00,0.5483205,18,0,5,0,0.47584950000000004,0.581693,0.5483205
2025-05-26 19:00:00,0.5759985,19,0,5,0,0.5483205,0.5867785,0.5759985
2025-05-26 20:00:00,0.5656385,20,0,5,0,0.5759985,0.5668740000000001,0.5656385
2025-05-26 21:00:00,0.5413169999999999,21,0,5,0,0.5656385,0.5374494999999999,0.5413169999999999
2025-05-26 22:00:00,0.477211,22,0,5,0,0.5413169999999999,0.47061349999999996,0.477211
2025-05-26 23:00:00,0.3729215,23,0,5,0,0.477211,0.367794,0.3729215
2025-05-27 00:00:00,0.28866250000000004,0,1,5,0,0.3729215,0.28866250000000004,0.28866250000000004
2025-05-27 01:00:00,0.24826900000000002,1,1,5,0,0.28866250000000004,0.24826900000000002,0.24826900000000002
2025-05-27 02:00:00,0.233863,2,1,5,0,0.24826900000000002,0.233863,0.233863
2025-05-27 03:00:00,0.232708,3,1,5,0,0.233863,0.232708,0.232708
2025-05-27 04:00:00,0.24470250000000002,4,1,5,0,0.232708,0.24470250000000002,0.24470250000000002
2025-05-27 05:00:00,0.2813195,5,1,5,0,0.24470250000000002,0.2813195,0.2813195
2025-05-27 06:00:00,0.3544065,6,1,5,0,0.2813195,0.3544065,0.3544065
2025-05-27 07:00:00,0.380492,7,1,5,0,0.3544065,0.380492,0.380492
2025-05-27 08:00:00,0.35930650000000003,8,1,5,0,0.380492,0.35930650000000003,0.35930650000000003
2025-05-27 09:00:00,0.348306,9,1,5,0,0.35930650000000003,0.348306,0.348306
2025-05-27 10:00:00,0.348313,10,1,5,0,0.348306,0.348313,0.348313
2025-05-27 11:00:00,0.379379,11,1,5,0,0.348313,0.379379,0.379379
2025-05-27 12:00:00,0.3982125,12,1,5,0,0.379379,0.3982125,0.3982125
2025-05-27 13:00:00,0.3905685,13,1,5,0,0.3982125,0.3905685,0.3905685
2025-05-27 14:00:00,0.376096,14,1,5,0,0.3905685,0.376096,0.376096
2025-05-27 15:00:00,0.3808735,15,1,5,0,0.376096,0.3808735,0.3808735
2025-05-27 16:00:00,0.409346,16,1,5,0,0.3808735,0.409346,0.409346
2025-05-27 17:00:00,0.47584950000000004,17,1,5,0,0.409346,0.47584950000000004,0.47584950000000004
2025-05-27 18:00:00,0.5483205,18,1,5,0,0.47584950000000004,0.5483205,0.5483205
2025-05-27 19:00:00,0.5759985,19,1,5,0,0.5483205,0.5759985,0.5759985
2025-05-27 20:00:00,0.5656385,20,1,5,0,0.5759985,0.5656385,0.5656385
2025-05-27 21:00:00,0.5413169999999999,21,1,5,0,0.5656385,0.5413169999999999,0.5413169999999999
2025-05-27 22:00:00,0.477211,22,1,5,0,0.5413169999999999,0.477211,0.477211
2025-05-27 23:00:00,0.3729215,23,1,5,0,0.477211,0.3729215,0.3729215
2025-05-28 00:00:00,0.28866250000000004,0,2,5,0,0.3729215,0.28866250000000004,0.28866250000000004
2025-05-28 01:00:00,0.24826900000000002,1,2,5,0,0.28866250000000004,0.24826900000000002,0.24826900000000002
2025-05-28 02:00:00,0.233863,2,2,5,0,0.24826900000000002,0.233863,0.233863
2025-05-28 03:00:00,0.232708,3,2,5,0,0.233863,0.232708,0.232708
2025-05-28 04:00:00,0.24470250000000002,4,2,5,0,0.232708,0.24470250000000002,0.24470250000000002
2025-05-28 05:00:00,0.2813195,5,2,5,0,0.24470250000000002,0.2813195,0.2813195
2025-05-28 06:00:00,0.3544065,6,2,5,0,0.2813195,0.3544065,0.3544065
2025-05-28 07:00:00,0.380492,7,2,5,0,0.3544065,0.380492,0.380492
2025-05-28 08:00:00,0.35930650000000003,8,2,5,0,0.380492,0.35930650000000003,0.35930650000000003
2025-05-28 09:00:00,0.348306,9,2,5,0,0.35930650000000003,0.348306,0.348306
2025-05-28 10:00:00,0.348313,10,2,5,0,0.348306,0.348313,0.348313
2025-05-28 11:00:00,0.379379,11,2,5,0,0.348313,0.379379,0.379379
2025-05-28 12:00:00,0.3982125,12,2,5,0,0.379379,0.3982125,0.3982125
2025-05-28 13:00:00,0.3905685,13,2,5,0,0.3982125,0.3905685,0.3905685
2025-05-28 14:00:00,0.376096,14,2,5,0,0.3905685,0.376096,0.376096
2025-05-28 15:00:00,0.3808735,15,2,5,0,0.376096,0.3808735,0.3808735
2025-05-28 16:00:00,0.409346,16,2,5,0,0.3808735,0.409346,0.409346
2025-05-28 17:00:00,0.47584950000000004,17,2,5,0,0.409346,0.47584950000000004,0.47584950000000004
2025-05-28 18:00:00,0.5483205,18,2,5,0,0.47584950000000004,0.5483205,0.5483205
2025-05-28 19:00:00,0.5759985,19,2,5,0,0.5483205,0.5759985,0.5759985
2025-05-28 20:00:00,0.5656385,20,2,5,0,0.5759985,0.5656385,0.5656385
2025-05-28 21:00:00,0.5413169999999999,21,2,5,0,0.5656385,0.5413169999999999,0.5413169999999999
2025-05-28 22:00:00,0.477211,22,2,5,0,0.5413169999999999,0.477211,0.477211
2025-05-28 23:00:00,0.3729215,23,2,5,0,0.477211,0.3729215,0.3729215
2025-05-29 00:00:00,0.28866250000000004,0,3,5,0,0.3729215,0.28866250000000004,0.28866250000000004
2025-05-29 01:00:00,0.24826900000000002,1,3,5,0,0.28866250000000004,0.24826900000000002,0.24826900000000002
2025-05-29 02:00:00,0.233863,2,3,5,0,0.24826900000000002,0.233863,0.233863
2025-05-29 03:00:00,0.232708,3,3,5,0,0.233863,0.232708,0.232708
2025-05-29 04:00:00,0.24470250000000002,4,3,5,0,0.232708,0.24470250000000002,0.24470250000000002
2025-05-29 05:00:00,0.2813195,5,3,5,0,0.24470250000000002,0.2813195,0.2813195
2025-05-29 06:00:00,0.3544065,6,3,5,0,0.2813195,0.3544065,0.3544065
2025-05-29 07:00:00,0.380492,7,3,5,0,0.3544065,0.380492,0.380492
2025-05-29 08:00:00,0.35930650000000003,8,3,5,0,0.380492,0.35930650000000003,0.35930650000000003
2025-05-29 09:00:00,0.348306,9,3,5,0,0.35930650000000003,0.348306,0.348306
2025-05-29 10:00:00,0.348313,10,3,5,0,0.348306,0.348313,0.348313
2025-05-29 11:00:00,0.379379,11,3,5,0,0.348313,0.379379,0.379379
2025-05-29 12:00:00,0.3982125,12,3,5,0,0.379379,0.3982125,0.3982125
2025-05-29 13:00:00,0.3905685,13,3,5,0,0.3982125,0.3905685,0.3905685
2025-05-29 14:00:00,0.376096,14,3,5,0,0.3905685,0.376096,0.376096
2025-05-29 15:00:00,0.3808735,15,3,5,0,0.376096,0.3808735,0.3808735
2025-05-29 16:00:00,0.409346,16,3,5,0,0.3808735,0.409346,0.409346
2025-05-29 17:00:00,0.47584950000000004,17,3,5,0,0.409346,0.47584950000000004,0.47584950000000004
2025-05-29 18:00:00,0.5483205,18,3,5,0,0.47584950000000004,0.5483205,0.5483205
2025-05-29 19:00:00,0.5759985,19,3,5,0,0.5483205,0.5759985,0.5759985
2025-05-29 20:00:00,0.5656385,20,3,5,0,0.5759985,0.5656385,0.5656385
2025-05-29 21:00:00,0.5413169999999999,21,3,5,0,0.5656385,0.5413169999999999,0.5413169999999999
2025-05-29 22:00:00,0.477211,22,3,5,0,0.5413169999999999,0.477211,0.477211
2025-05-29 23:00:00,0.3729215,23,3,5,0,0.477211,0.3729215,0.3729215
2025-05-30 00:00:00,0.28866250000000004,0,4,5,0,0.3729215,0.28866250000000004,0.28866250000000004
2025-05-30 01:00:00,0.24826900000000002,1,4,5,0,0.28866250000000004,0.24826900000000002,0.24826900000000002
2025-05-30 02:00:00,0.233863,2,4,5,0,0.24826900000000002,0.233863,0.233863
2025-05-30 03:00:00,0.232708,3,4,5,0,0.233863,0.232708,0.232708
2025-05-30 04:00:00,0.24470250000000002,4,4,5,0,0.232708,0.24470250000000002,0.24470250000000002
2025-05-30 05:00:00,0.2813195,5,4,5,0,0.24470250000000002,0.2813195,0.2813195
2025-05-30 06:00:00,0.3544065,6,4,5,0,0.2813195,0.3544065,0.3544065
2025-05-30 07:00:00,0.380492,7,4,5,0,0.3544065,0.380492,0.380492
2025-05-30 08:00:00,0.35930650000000003,8,4,5,0,0.380492,0.35930650000000003,0.35930650000000003
2025-05-30 09:00:00,0.348306,9,4,5,0,0.35930650000000003,0.348306,0.348306
2025-05-30 10:00:00,0.348313,10,4,5,0,0.348306,0.348313,0.348313
2025-05-30 11:00:00,0.379379,11,4,5,0,0.348313,0.379379,0.379379
2025-05-30 12:00:00,0.3982125,12,4,5,0,0.379379,0.3982125,0.3982125
2025-05-30 13:00:00,0.3905685,13,4,5,0,0.3982125,0.3905685,0.3905685
2025-05-30 14:00:00,0.376096,14,4,5,0,0.3905685,0.376096,0.376096
2025-05-30 15:00:00,0.3808735,15,4,5,0,0.376096,0.3808735,0.3808735
2025-05-30 16:00:00,0.409346,16,4,5,0,0.3808735,0.409346,0.409346
2025-05-30 17:00:00,0.47584950000000004,17,4,5,0,0.409346,0.47584950000000004,0.47584950000000004
2025-05-30 18:00:00,0.5483205,18,4,5,0,0.47584950000000004,0.5483205,0.5483205
2025-05-30 19:00:00,0.5759985,19,4,5,0,0.5483205,0.5759985,0.5759985
2025-05-30 20:00:00,0.5656385,20,4,5,0,0.5759985,0.5656385,0.5656385
2025-05-30 21:00:00,0.5413169999999999,21,4,5,0,0.5656385,0.5413169999999999,0.5413169999999999
2025-05-30 22:00:00,0.477211,22,4,5,0,0.5413169999999999,0.477211,0.477211
2025-05-30 23:00:00,0.3729215,23,4,5,0,0.477211,0.3729215,0.3729215
2025-05-31 00:00:00,0.317548,0,5,5,1,0.3729215,0.28866250000000004,0.317548
2025-05-31 01:00:00,0.2670885,1,5,5,1,0.317548,0.24826900000000002,0.2670885
2025-05-31 02:00:00,0.2456405,2,5,5,1,0.2670885,0.233863,0.2456405
2025-05-31 03:00:00,0.2390465,3,5,5,1,0.2456405,0.232708,0.2390465
2025-05-31 04:00:00,0.24115,4,5,5,1,0.2390465,0.24470250000000002,0.24115
2025-05-31 05:00:00,0.24894800000000003,5,5,5,1,0.24115,0.2813195,0.24894800000000003
2025-05-31 06:00:00,0.295603,6,5,5,1,0.24894800000000003,0.3544065,0.295603
2025-05-31 07:00:00,0.38458000000000003,7,5,5,1,0.295603,0.380492,0.38458000000000003
2025-05-31 08:00:00,0.46352950000000004,8,5,5,1,0.38458000000000003,0.35930650000000003,0.46352950000000004
2025-05-31 09:00:00,0.5054735,9,5,5,1,0.46352950000000004,0.348306,0.5054735
2025-05-31 10:00:00,0.527779,10,5,5,1,0.5054735,0.348313,0.527779
2025-05-31 11:00:00,0.566482,11,5,5,1,0.527779,0.379379,0.566482
2025-05-31 12:00:00,0.5612705,12,5,5,1,0.566482,0.3982125,0.5612705
2025-05-31 13:00:00,0.528388,13,5,5,1,0.5612705,0.3905685,0.528388
2025-05-31 14:00:00,0.5102755000000001,14,5,5,1,0.528388,0.376096,0.5102755000000001
2025-05-31 15:00:00,0.49988750000000004,15,5,5,1,0.5102755000000001,0.3808735,0.49988750000000004
2025-05-31 16:00:00,0.5025545,16,5,5,1,0.49988750000000004,0.409346,0.5025545
2025-05-31 17:00:00,0.5348595,17,5,5,1,0.5025545,0.47584950000000004,0.5348595
2025-05-31 18:00:00,0.5709934999999999,18,5,5,1,0.5348595,0.5483205,0.5709934999999999
2025-05-31 19:00:00,0.5719525,19,5,5,1,0.5709934999999999,0.5759985,0.5719525
2025-05-31 20:00:00,0.5568675000000001,20,5,5,1,0.5719525,0.5656385,0.5568675000000001
2025-05-31 21:00:00,0.5381075000000001,21,5,5,1,0.5568675000000001,0.5413169999999999,0.5381075000000001
2025-05-31 22:00:00,0.495257,22,5,5,1,0.5381075000000001,0.477211,0.495257
2025-05-31 23:00:00,0.4122475,23,5,5,1,0.495257,0.3729215,0.4122475
2025-06-01 00:00:00,0.3604755,0,6,6,1,0.4122475,0.317548,0.330393
2025-06-01 01:00:00,0.309134,1,6,6,1,0.3604755,0.2670885,0.2810605
2025-06-01 02:00:00,0.280238,2,6,6,1,0.309134,0.2456405,0.25842950000000003
2025-06-01 03:00:00,0.26646200000000003,3,6,6,1,0.280238,0.2390465,0.24848950000000003
2025-06-01 04:00:00,0.2587375,4,6,6,1,0.26646200000000003,0.24115,0.2453605
2025-06-01 05:00:00,0.259749,5,6,6,1,0.2587375,0.24894800000000003,0.2510935
2025-06-01 06:00:00,0.291466,6,6,6,1,0.259749,0.295603,0.2851065
2025-06-01 07:00:00,0.3606225,7,6,6,1,0.291466,0.38458000000000003,0.36688750000000003
2025-06-01 08:00:00,0.456442,8,6,6,1,0.3606225,0.46352950000000004,0.4686745
2025-06-01 09:00:00,0.535171,9,6,6,1,0.456442,0.5054735,0.5405785000000001
2025-06-01 10:00:00,0.5907335,10,6,6,1,0.535171,0.527779,0.5875135
2025-06-01 11:00:00,0.657608,11,6,6,1,0.5907335,0.566482,0.645015
2025-06-01 12:00:00,0.63868,12,6,6,1,0.657608,0.5612705,0.617442
2025-06-01 13:00:00,0.5791204999999999,13,6,6,1,0.63868,0.528388,0.554176
2025-06-01 14:00:00,0.538629,14,6,6,1,0.5791204999999999,0.5102755000000001,0.511154
2025-06-01 15:00:00,0.5181749999999999,15,6,6,1,0.538629,0.49988750000000004,0.48595050000000006
2025-06-01 16:00:00,0.5206075,16,6,6,1,0.5181749999999999,0.5025545,0.48538
2025-06-01 17:00:00,0.5626145,17,6,6,1,0.5206075,0.5348595,0.532182
2025-06-01 18:00:00,0.607243,18,6,6,1,0.5626145,0.5709934999999999,0.581693
2025-06-01 19:00:00,0.6137495,19,6,6,1,0.607243,0.5719525,0.5867785
2025-06-01 20:00:00,0.5919655,20,6,6,1,0.6137495,0.5568675000000001,0.5668740000000001
2025-06-01 21:00:00,0.553014,21,6,6,1,0.5919655,0.5381075000000001,0.5374494999999999
2025-06-01 22:00:00,0.5046090000000001,22,6,6,1,0.553014,0.495257,0.47061349999999996
2025-06-01 23:00:00,0.401534,23,6,6,1,0.5046090000000001,0.4122475,0.367794
2025-06-02 00:00:00,0.320187,0,0,6,0,0.401534,0.3604755,0.28866250000000004
2025-06-02 01:00:00,0.2762865,1,0,6,0,0.320187,0.309134,0.24826900000000002
2025-06-02 02:00:00,0.25780650000000005,2,0,6,0,0.2762865,0.280238,0.233863
2025-06-02 03:00:00,0.25429250000000003,3,0,6,0,0.25780650000000005,0.26646200000000003,0.232708
2025-06-02 04:00:00,0.262703,4,0,6,0,0.25429250000000003,0.2587375,0.24470250000000002
2025-06-02 05:00:00,0.2947805,5,0,6,0,0.262703,0.259749,0.2813195
2025-06-02 06:00:00,0.364917,6,0,6,0,0.2947805,0.291466,0.3544065
2025-06-02 07:00:00,0.390292,7,0,6,0,0.364917,0.3606225,0.380492
2025-06-02 08:00:00,0.374374,8,0,6,0,0.390292,0.456442,0.35930650000000003
2025-06-02 09:00:00,0.3662575,9,0,6,0,0.374374,0.535171,0.348306
2025-06-02 10:00:00,0.365869,10,0,6,0,0.3662575,0.5907335,0.348313
2025-06-02 11:00:00,0.39882850000000003,11,0,6,0,0.365869,0.657608,0.379379
2025-06-02 12:00:00,0.42129500000000003,12,0,6,0,0.39882850000000003,0.63868,0.3982125
2025-06-02 13:00:00,0.41374200000000005,13,0,6,0,0.42129500000000003,0.5791204999999999,0.3905685
2025-06-02 14:00:00,0.4019995,14,0,6,0,0.41374200000000005,0.538629,0.376096
2025-06-02 15:00:00,0.407715,15,0,6,0,0.4019995,0.5181749999999999,0.3808735
2025-06-02 16:00:00,0.4366075,16,0,6,0,0.407715,0.5206075,0.409346
2025-06-02 17:00:00,0.499583,17,0,6,0,0.4366075,0.5626145,0.47584950000000004
2025-06-02 18:00:00,0.5682425,18,0,6,0,0.499583,0.607243,0.5483205
2025-06-02 19:00:00,0.5914125,19,0,6,0,0.5682425,0.6137495,0.5759985
2025-06-02 20:00:00,0.5782035,20,0,6,0,0.5914125,0.5919655,0.5656385
2025-06-02 21:00:00,0.546308,21,0,6,0,0.5782035,0.553014,0.5413169999999999
2025-06-02 22:00:00,0.5081335,22,0,6,0,0.546308,0.5046090000000001,0.477211
2025-06-02 23:00:00,0.407169,23,0,6,0,0.5081335,0.401534,0.3729215
2025-06-03 00:00:00,0.320187,0,1,6,0,0.407169,0.320187,0.28866250000000004
2025-06-03 01:00:00,0.2762865,1,1,6,0,0.320187,0.2762865,0.24826900000000002
2025-06-03 02:00:00,0.25780650000000005,2,1,6,0,0.2762865,0.25780650000000005,0.233863
2025-06-03 03:00:00,0.25429250000000003,3,1,6,0,0.25780650000000005,0.25429250000000003,0.232708
2025-06-03 04:00:00,0.262703,4,1,6,0,0.25429250000000003,0.262703,0.24470250000000002
2025-06-03 05:00:00,0.2947805,5,1,6,0,0.262703,0.2947805,0.2813195
2025-06-03 06:00:00,0.364917,6,1,6,0,0.2947805,0.364917,0.3544065
2025-06-03 07:00:00,0.390292,7,1,6,0,0.364917,0.390292,0.380492
2025-06-03 08:00:00,0.374374,8,1,6,0,0.390292,0.374374,0.35930650000000003
2025-06-03 09:00:00,0.3662575,9,1,6,0,0.374374,0.3662575,0.348306
2025-06-03 10:00:00,0.365869,10,1,6,0,0.3662575,0.365869,0.348313
2025-06-03 11:00:00,0.39882850000000003,11,1,6,0,0.365869,0.39882850000000003,0.379379
2025-06-03 12:00:00,0.42129500000000003,12,1,6,0,0.39882850000000003,0.42129500000000003,0.3982125
2025-06-03 13:00:00,0.41374200000000005,13,1,6,0,0.42129500000000003,0.41374200000000005,0.3905685
2025-06-03 14:00:00,0.4019995,14,1,6,0,0.41374200000000005,0.4019995,0.376096
2025-06-03 15:00:00,0.407715,15,1,6,0,0.4019995,0.407715,0.3808735
2025-06-03 16:00:00,0.4366075,16,1,6,0,0.407715,0.4366075,0.409346
2025-06-03 17:00:00,0.499583,17,1,6,0,0.4366075,0.499583,0.47584950000000004
2025-06-03 18:00:00,0.5682425,18,1,6,0,0.499583,0.5682425,0.5483205
2025-06-03 19:00:00,0.5914125,19,1,6,0,0.5682425,0.5914125,0.5759985
2025-06-03 20:00:00,0.5782035,20,1,6,0,0.5914125,0.5782035,0.5656385
2025-06-03 21:00:00,0.546308,21,1,6,0,0.5782035,0.546308,0.5413169999999999
2025-06-03 22:00:00,0.5081335,22,1,6,0,0.546308,0.5081335,0.477211
2025-06-03 23:00:00,0.407169,23,1,6,0,0.5081335,0.407169,0.3729215
2025-06-04 00:00:00,0.320187,0,2,6,0,0.407169,0.320187,0.28866250000000004
2025-06-04 01:00:00,0.2762865,1,2,6,0,0.320187,0.2762865,0.24826900000000002
2025-06-04 02:00:00,0.25780650000000005,2,2,6,0,0.2762865,0.25780650000000005,0.233863
2025-06-04 03:00:00,0.25429250000000003,3,2,6,0,0.25780650000000005,0.25429250000000003,0.232708
2025-06-04 04:00:00,0.262703,4,2,6,0,0.25429250000000003,0.262703,0.24470250000000002
2025-06-04 05:00:00,0.2947805,5,2,6,0,0.262703,0.2947805,0.2813195
2025-06-04 06:00:00,0.364917,6,2,6,0,0.2947805,0.364917,0.3544065
2025-06-04 07:00:00,0.390292,7,2,6,0,0.364917,0.390292,0.380492
2025-06-04 08:00:00,0.374374,8,2,6,0,0.390292,0.374374,0.35930650000000003
2025-06-04 09:00:00,0.3662575,9,2,6,0,0.374374,0.3662575,0.348306
2025-06-04 10:00:00,0.365869,10,2,6,0,0.3662575,0.365869,0.348313
2025-06-04 11:00:00,0.39882850000000003,11,2,6,0,0.365869,0.39882850000000003,0.379379
2025-06-04 12:00:00,0.42129500000000003,12,2,6,0,0.39882850000000003,0.42129500000000003,0.3982125
2025-06-04 13:00:00,0.41374200000000005,13,2,6,0,0.42129500000000003,0.41374200000000005,0.3905685
2025-06-04 14:00:00,0.4019995,14,2,6,0,0.41374200000000005,0.4019995,0.376096
2025-06-04 15:00:00,0.407715,15,2,6,0,0.4019995,0.407715,0.3808735
2025-06-04 16:00:00,0.4366075,16,2,6,0,0.407715,0.4366075,0.409346
2025-06-04 17:00:00,0.499583,17,2,6,0,0.4366075,0.499583,0.47584950000000004
2025-06-04 18:00:00,0.5682425,18,2,6,0,0.499583,0.5682425,0.5483205
2025-06-04 19:00:00,0.5914125,19,2,6,0,0.5682425,0.5914125,0.5759985
2025-06-04 20:00:00,0.5782035,20,2,6,0,0.5914125,0.5782035,0.5656385
2025-06-04 21:00:00,0.546308,21,2,6,0,0.5782035,0.546308,0.5413169999999999
2025-06-04 22:00:00,0.5081335,22,2,6,0,0.546308,0.5081335,0.477211
2025-06-04 23:00:00,0.407169,23,2,6,0,0.5081335,0.407169,0.3729215
2025-06-05 00:00:00,0.320187,0,3,6,0,0.407169,0.320187,0.28866250000000004
2025-06-05 01:00:00,0.2762865,1,3,6,0,0.320187,0.2762865,0.24826900000000002
2025-06-05 02:00:00,0.25780650000000005,2,3,6,0,0.2762865,0.25780650000000005,0.233863
2025-06-05 03:00:00,0.25429250000000003,3,3,6,0,0.25780650000000005,0.25429250000000003,0.232708
2025-06-05 04:00:00,0.262703,4,3,6,0,0.25429250000000003,0.262703,0.24470250000000002
2025-06-05 05:00:00,0.2947805,5,3,6,0,0.262703,0.2947805,0.2813195
2025-06-05 06:00:00,0.364917,6,3,6,0,0.2947805,0.364917,0.3544065
2025-06-05 07:00:00,0.390292,7,3,6,0,0.364917,0.390292,0.380492
2025-06-05 08:00:00,0.374374,8,3,6,0,0.390292,0.374374,0.35930650000000003
2025-06-05 09:00:00,0.3662575,9,3,6,0,0.374374,0.3662575,0.348306
2025-06-05 10:00:00,0.365869,10,3,6,0,0.3662575,0.365869,0.348313
2025-06-05 11:00:00,0.39882850000000003,11,3,6,0,0.365869,0.39882850000000003,0.379379
2025-06-05 12:00:00,0.42129500000000003,12,3,6,0,0.39882850000000003,0.42129500000000003,0.3982125
2025-06-05 13:00:00,0.41374200000000005,13,3,6,0,0.42129500000000003,0.41374200000000005,0.3905685
2025-06-05 14:00:00,0.4019995,14,3,6,0,0.41374200000000005,0.4019995,0.376096
2025-06-05 15:00:00,0.407715,15,3,6,0,0.4019995,0.407715,0.3808735
2025-06-05 16:00:00,0.4366075,16,3,6,0,0.407715,0.4366075,0.409346
2025-06-05 17:00:00,0.499583,17,3,6,0,0.4366075,0.499583,0.47584950000000004
2025-06-05 18:00:00,0.5682425,18,3,6,0,0.499583,0.5682425,0.5483205
2025-06-05 19:00:00,0.5914125,19,3,6,0,0.5682425,0.5914125,0.5759985
2025-06-05 20:00:00,0.5782035,20,3,6,0,0.5914125,0.5782035,0.5656385
2025-06-05 21:00:00,0.546308,21,3,6,0,0.5782035,0.546308,0.5413169999999999
2025-06-05 22:00:00,0.5081335,22,3,6,0,0.546308,0.5081335,0.477211
2025-06-05 23:00:00,0.407169,23,3,6,0,0.5081335,0.407169,0.3729215
2025-06-06 00:00:00,0.320187,0,4,6,0,0.407169,0.320187,0.28866250000000004
2025-06-06 01:00:00,0.2762865,1,4,6,0,0.320187,0.2762865,0.24826900000000002
2025-06-06 02:00:00,0.25780650000000005,2,4,6,0,0.2762865,0.25780650000000005,0.233863
2025-06-06 03:00:00,0.25429250000000003,3,4,6,0,0.25780650000000005,0.25429250000000003,0.232708
2025-06-06 04:00:00,0.262703,4,4,6,0,0.25429250000000003,0.262703,0.24470250000000002
2025-06-06 05:00:00,0.2947805,5,4,6,0,0.262703,0.2947805,0.2813195
2025-06-06 06:00:00,0.364917,6,4,6,0,0.2947805,0.364917,0.3544065
2025-06-06 07:00:00,0.390292,7,4,6,0,0.364917,0.390292,0.380492
2025-06-06 08:00:00,0.374374,8,4,6,0,0.390292,0.374374,0.35930650000000003
2025-06-06 09:00:00,0.3662575,9,4,6,0,0.374374,0.3662575,0.348306
2025-06-06 10:00:00,0.365869,10,4,6,0,0.3662575,0.365869,0.348313
2025-06-06 11:00:00,0.39882850000000003,11,4,6,0,0.365869,0.39882850000000003,0.379379
2025-06-06 12:00:00,0.42129500000000003,12,4,6,0,0.39882850000000003,0.42129500000000003,0.3982125
2025-06-06 13:00:00,0.41374200000000005,13,4,6,0,0.42129500000000003,0.41374200000000005,0.3905685
2025-06-06 14:00:00,0.4019995,14,4,6,0,0.41374200000000005,0.4019995,0.376096
2025-06-06 15:00:00,0.407715,15,4,6,0,0.4019995,0.407715,0.3808735
2025-06-06 16:00:00,0.4366075,16,4,6,0,0.407715,0.4366075,0.409346
2025-06-06 17:00:00,0.499583,17,4,6,0,0.4366075,0.499583,0.47584950000000004
2025-06-06 18:00:00,0.5682425,18,4,6,0,0.499583,0.5682425,0.5483205
2025-06-06 19:00:00,0.5914125,19,4,6,0,0.5682425,0.5914125,0.5759985
2025-06-06 20:00:00,0.5782035,20,4,6,0,0.5914125,0.5782035,0.5656385
2025-06-06 21:00:00,0.546308,21,4,6,0,0.5782035,0.546308,0.5413169999999999
2025-06-06 22:00:00,0.5081335,22,4,6,0,0.546308,0.5081335,0.477211
2025-06-06 23:00:00,0.407169,23,4,6,0,0.5081335,0.407169,0.3729215
2025-06-07 00:00:00,0.351148,0,5,6,1,0.407169,0.320187,0.317548
2025-06-07 01:00:00,0.29750350000000003,1,5,6,1,0.351148,0.2762865,0.2670885
2025-06-07 02:00:00,0.272237,2,5,6,1,0.29750350000000003,0.25780650000000005,0.2456405
2025-06-07 03:00:00,0.2628325,3,5,6,1,0.272237,0.25429250000000003,0.2390465
2025-06-07 04:00:00,0.260176,4,5,6,1,0.2628325,0.262703,0.24115
2025-06-07 05:00:00,0.266189,5,5,6,1,0.260176,0.2947805,0.24894800000000003
2025-06-07 06:00:00,0.31163650000000004,6,5,6,1,0.266189,0.364917,0.295603
2025-06-07 07:00:00,0.394331,7,5,6,1,0.31163650000000004,0.390292,0.38458000000000003
2025-06-07 08:00:00,0.47385450000000007,8,5,6,1,0.394331,0.374374,0.46352950000000004
2025-06-07 09:00:00,0.517979,9,5,6,1,0.47385450000000007,0.3662575,0.5054735
2025-06-07 10:00:00,0.544061,10,5,6,1,0.517979,0.365869,0.527779
2025-06-07 11:00:00,0.582631,11,5,6,1,0.544061,0.39882850000000003,0.566482
2025-06-07 12:00:00,0.5778220000000001,12,5,6,1,0.582631,0.42129500000000003,0.5612705
2025-06-07 13:00:00,0.546693,13,5,6,1,0.5778220000000001,0.41374200000000005,0.528388
2025-06-07 14:00:00,0.5320455,14,5,6,1,0.546693,0.4019995,0.5102755000000001
2025-06-07 15:00:00,0.521101,15,5,6,1,0.5320455,0.407715,0.49988750000000004
2025-06-07 16:00:00,0.5235615,16,5,6,1,0.521101,0.4366075,0.5025545
2025-06-07 17:00:00,0.5523805,17,5,6,1,0.5235615,0.499583,0.5348595
2025-06-07 18:00:00,0.5835480000000001,18,5,6,1,0.5523805,0.5682425,0.5709934999999999
2025-06-07 19:00:00,0.57862,19,5,6,1,0.5835480000000001,0.5914125,0.5719525
2025-06-07 20:00:00,0.554967,20,5,6,1,0.57862,0.5782035,0.5568675000000001
2025-06-07 21:00:00,0.529375,21,5,6,1,0.554967,0.546308,0.5381075000000001
2025-06-07 22:00:00,0.5139925,22,5,6,1,0.529375,0.5081335,0.495257
2025-06-07 23:00:00,0.4399885,23,5,6,1,0.5139925,0.407169,0.4122475
2025-06-08 00:00:00,0.3604755,0,6,6,1,0.4399885,0.351148,0.3604755
2025-06-08 01:00:00,0.309134,1,6,6,1,0.3604755,0.29750350000000003,0.309134
2025-06-08 02:00:00,0.280238,2,6,6,1,0.309134,0.272237,0.280238
2025-06-08 03:00:00,0.26646200000000003,3,6,6,1,0.280238,0.2628325,0.26646200000000003
2025-06-08 04:00:00,0.2587375,4,6,6,1,0.26646200000000003,0.260176,0.2587375
2025-06-08 05:00:00,0.259749,5,6,6,1,0.2587375,0.266189,0.259749
2025-06-08 06:00:00,0.291466,6,6,6,1,0.259749,0.31163650000000004,0.291466
2025-06-08 07:00:00,0.3606225,7,6,6,1,0.291466,0.394331,0.3606225
2025-06-08 08:00:00,0.456442,8,6,6,1,0.3606225,0.47385450000000007,0.456442
2025-06-08 09:00:00,0.535171,9,6,6,1,0.456442,0.517979,0.535171
2025-06-08 10:00:00,0.5907335,10,6,6,1,0.535171,0.544061,0.5907335
2025-06-08 11:00:00,0.657608,11,6,6,1,0.5907335,0.582631,0.657608
2025-06-08 12:00:00,0.63868,12,6,6,1,0.657608,0.5778220000000001,0.63868
2025-06-08 13:00:00,0.5791204999999999,13,6,6,1,0.63868,0.546693,0.5791204999999999
2025-06-08 14:00:00,0.538629,14,6,6,1,0.5791204999999999,0.5320455,0.538629
2025-06-08 15:00:00,0.5181749999999999,15,6,6,1,0.538629,0.521101,0.5181749999999999
2025-06-08 16:00:00,0.5206075,16,6,6,1,0.5181749999999999,0.5235615,0.5206075
2025-06-08 17:00:00,0.5626145,17,6,6,1,0.5206075,0.5523805,0.5626145
2025-06-08 18:00:00,0.607243,18,6,6,1,0.5626145,0.5835480000000001,0.607243
2025-06-08 19:00:00,0.6137495,19,6,6,1,0.607243,0.57862,0.6137495
2025-06-08 20:00:00,0.5919655,20,6,6,1,0.6137495,0.554967,0.5919655
2025-06-08 21:00:00,0.553014,21,6,6,1,0.5919655,0.529375,0.553014
2025-06-08 22:00:00,0.5046090000000001,22,6,6,1,0.553014,0.5139925,0.5046090000000001
2025-06-08 23:00:00,0.401534,23,6,6,1,0.5046090000000001,0.4399885,0.401534
2025-06-09 00:00:00,0.320187,0,0,6,0,0.401534,0.3604755,0.320187
2025-06-09 01:00:00,0.2762865,1,0,6,0,0.320187,0.309134,0.2762865
2025-06-09 02:00:00,0.25780650000000005,2,0,6,0,0.2762865,0.280238,0.25780650000000005
2025-06-09 03:00:00,0.25429250000000003,3,0,6,0,0.25780650000000005,0.26646200000000003,0.25429250000000003
2025-06-09 04:00:00,0.262703,4,0,6,0,0.25429250000000003,0.2587375,0.262703
2025-06-09 05:00:00,0.2947805,5,0,6,0,0.262703,0.259749,0.2947805
2025-06-09 06:00:00,0.364917,6,0,6,0,0.2947805,0.291466,0.364917
2025-06-09 07:00:00,0.390292,7,0,6,0,0.364917,0.3606225,0.390292
2025-06-09 08:00:00,0.374374,8,0,6,0,0.390292,0.456442,0.374374
2025-06-09 09:00:00,0.3662575,9,0,6,0,0.374374,0.535171,0.3662575
2025-06-09 10:00:00,0.365869,10,0,6,0,0.3662575,0.5907335,0.365869
2025-06-09 11:00:00,0.39882850000000003,11,0,6,0,0.365869,0.657608,0.39882850000000003
2025-06-09 12:00:00,0.42129500000000003,12,0,6,0,0.39882850000000003,0.63868,0.42129500000000003
2025-06-09 13:00:00,0.41374200000000005,13,0,6,0,0.42129500000000003,0.5791204999999999,0.41374200000000005
2025-06-09 14:00:00,0.4019995,14,0,6,0,0.41374200000000005,0.538629,0.4019995
2025-06-09 15:00:00,0.407715,15,0,6,0,0.4019995,0.5181749999999999,0.407715
2025-06-09 16:00:00,0.4366075,16,0,6,0,0.407715,0.5206075,0.4366075
2025-06-09 17:00:00,0.499583,17,0,6,0,0.4366075,0.5626145,0.499583
2025-06-09 18:00:00,0.5682425,18,0,6,0,0.499583,0.607243,0.5682425
2025-06-09 19:00:00,0.5914125,19,0,6,0,0.5682425,0.6137495,0.5914125
2025-06-09 20:00:00,0.5782035,20,0,6,0,0.5914125,0.5919655,0.5782035
2025-06-09 21:00:00,0.546308,21,0,6,0,0.5782035,0.553014,0.546308
2025-06-09 22:00:00,0.5081335,22,0,6,0,0.546308,0.5046090000000001,0.5081335
2025-06-09 23:00:00,0.407169,23,0,6,0,0.5081335,0.401534,0.407169
2025-06-10 00:00:00,0.320187,0,1,6,0,0.407169,0.320187,0.320187
2025-06-10 01:00:00,0.2762865,1,1,6,0,0.320187,0.2762865,0.2762865
2025-06-10 02:00:00,0.25780650000000005,2,1,6,0,0.2762865,0.25780650000000005,0.25780650000000005
2025-06-10 03:00:00,0.25429250000000003,3,1,6,0,0.25780650000000005,0.25429250000000003,0.25429250000000003
2025-06-10 04:00:00,0.262703,4,1,6,0,0.25429250000000003,0.262703,0.262703
2025-06-10 05:00:00,0.2947805,5,1,6,0,0.262703,0.2947805,0.2947805
2025-06-10 06:00:00,0.364917,6,1,6,0,0.2947805,0.364917,0.364917
2025-06-10 07:00:00,0.390292,7,1,6,0,0.364917,0.390292,0.390292
2025-06-10 08:00:00,0.374374,8,1,6,0,0.390292,0.374374,0.374374
2025-06-10 09:00:00,0.3662575,9,1,6,0,0.374374,0.3662575,0.3662575
2025-06-10 10:00:00,0.365869,10,1,6,0,0.3662575,0.365869,0.365869
2025-06-10 11:00:00,0.39882850000000003,11,1,6,0,0.365869,0.39882850000000003,0.39882850000000003
2025-06-10 12:00:00,0.42129500000000003,12,1,6,0,0.39882850000000003,0.42129500000000003,0.42129500000000003
2025-06-10 13:00:00,0.41374200000000005,13,1,6,0,0.42129500000000003,0.41374200000000005,0.41374200000000005
2025-06-10 14:00:00,0.4019995,14,1,6,0,0.41374200000000005,0.4019995,0.4019995
2025-06-10 15:00:00,0.407715,15,1,6,0,0.4019995,0.407715,0.407715
2025-06-10 16:00:00,0.4366075,16,1,6,0,0.407715,0.4366075,0.4366075
2025-06-10 17:00:00,0.499583,17,1,6,0,0.4366075,0.499583,0.499583
2025-06-10 18:00:00,0.5682425,18,1,6,0,0.499583,0.5682425,0.5682425
2025-06-10 19:00:00,0.5914125,19,1,6,0,0.5682425,0.5914125,0.5914125
2025-06-10 20:00:00,0.5782035,20,1,6,0,0.5914125,0.5782035,0.5782035
2025-06-10 21:00:00,0.546308,21,1,6,0,0.5782035,0.546308,0.546308
2025-06-10 22:00:00,0.5081335,22,1,6,0,0.546308,0.5081335,0.5081335
2025-06-10 23:00:00,0.407169,23,1,6,0,0.5081335,0.407169,0.407169
2025-06-11 00:00:00,0.320187,0,2,6,0,0.407169,0.320187,0.320187
2025-06-11 01:00:00,0.2762865,1,2,6,0,0.320187,0.2762865,0.2762865
2025-06-11 02:00:00,0.25780650000000005,2,2,6,0,0.2762865,0.25780650000000005,0.25780650000000005
2025-06-11 03:00:00,0.25429250000000003,3,2,6,0,0.25780650000000005,0.25429250000000003,0.25429250000000003
2025-06-11 04:00:00,0.262703,4,2,6,0,0.25429250000000003,0.262703,0.262703
2025-06-11 05:00:00,0.2947805,5,2,6,0,0.262703,0.2947805,0.2947805
2025-06-11 06:00:00,0.364917,6,2,6,0,0.2947805,0.364917,0.364917
2025-06-11 07:00:00,0.390292,7,2,6,0,0.364917,0.390292,0.390292
2025-06-11 08:00:00,0.374374,8,2,6,0,0.390292,0.374374,0.374374
2025-06-11 09:00:00,0.3662575,9,2,6,0,0.374374,0.3662575,0.3662575
2025-06-11 10:00:00,0.365869,10,2,6,0,0.3662575,0.365869,0.365869
2025-06-11 11:00:00,0.39882850000000003,11,2,6,0,0.365869,0.39882850000000003,0.39882850000000003
2025-06-11 12:00:00,0.42129500000000003,12,2,6,0,0.39882850000000003,0.42129500000000003,0.42129500000000003
2025-06-11 13:00:00,0.41374200000000005,13,2,6,0,0.42129500000000003,0.41374200000000005,0.41374200000000005
2025-06-11 14:00:00,0.4019995,14,2,6,0,0.41374200000000005,0.4019995,0.4019995
2025-06-11 15:00:00,0.407715,15,2,6,0,0.4019995,0.407715,0.407715
2025-06-11 16:00:00,0.4366075,16,2,6,0,0.407715,0.4366075,0.4366075
2025-06-11 17:00:00,0.499583,17,2,6,0,0.4366075,0.499583,0.499583
2025-06-11 18:00:00,0.5682425,18,2,6,0,0.499583,0.5682425,0.5682425
2025-06-11 19:00:00,0.5914125,19,2,6,0,0.5682425,0.5914125,0.5914125
2025-06-11 20:00:00,0.5782035,20,2,6,0,0.5914125,0.5782035,0.5782035
2025-06-11 21:00:00,0.546308,21,2,6,0,0.5782035,0.546308,0.546308
2025-06-11 22:00:00,0.5081335,22,2,6,0,0.546308,0.5081335,0.5081335
2025-06-11 23:00:00,0.407169,23,2,6,0,0.5081335,0.407169,0.407169
2025-06-12 00:00:00,0.320187,0,3,6,0,0.407169,0.320187,0.320187
2025-06-12 01:00:00,0.2762865,1,3,6,0,0.320187,0.2762865,0.2762865
2025-06-12 02:00:00,0.25780650000000005,2,3,6,0,0.2762865,0.25780650000000005,0.25780650000000005
2025-06-12 03:00:00,0.25429250000000003,3,3,6,0,0.25780650000000005,0.25429250000000003,0.25429250000000003
2025-06-12 04:00:00,0.262703,4,3,6,0,0.25429250000000003,0.262703,0.262703
2025-06-12 05:00:00,0.2947805,5,3,6,0,0.262703,0.2947805,0.2947805
2025-06-12 06:00:00,0.364917,6,3,6,0,0.2947805,0.364917,0.364917
2025-06-12 07:00:00,0.390292,7,3,6,0,0.364917,0.390292,0.390292
2025-06-12 08:00:00,0.374374,8,3,6,0,0.390292,0.374374,0.374374
2025-06-12 09:00:00,0.3662575,9,3,6,0,0.374374,0.3662575,0.3662575
2025-06-12 10:00:00,0.365869,10,3,6,0,0.3662575,0.365869,0.365869
2025-06-12 11:00:00,0.39882850000000003,11,3,6,0,0.365869,0.39882850000000003,0.39882850000000003
2025-06-12 12:00:00,0.42129500000000003,12,3,6,0,0.39882850000000003,0.42129500000000003,0.42129500000000003
2025-06-12 13:00:00,0.41374200000000005,13,3,6,0,0.42129500000000003,0.41374200000000005,0.41374200000000005
2025-06-12 14:00:00,0.4019995,14,3,6,0,0.41374200000000005,0.4019995,0.4019995
2025-06-12 15:00:00,0.407715,15,3,6,0,0.4019995,0.407715,0.407715
2025-06-12 16:00:00,0.4366075,16,3,6,0,0.407715,0.4366075,0.4366075
2025-06-12 17:00:00,0.499583,17,3,6,0,0.4366075,0.499583,0.499583
2025-06-12 18:00:00,0.5682425,18,3,6,0,0.499583,0.5682425,0.5682425
2025-06-12 19:00:00,0.5914125,19,3,6,0,0.5682425,0.5914125,0.5914125
2025-06-12 20:00:00,0.5782035,20,3,6,0,0.5914125,0.5782035,0.5782035
2025-06-12 21:00:00,0.546308,21,3,6,0,0.5782035,0.546308,0.546308
2025-06-12 22:00:00,0.5081335,22,3,6,0,0.546308,0.5081335,0.5081335
2025-06-12 23:00:00,0.407169,23,3,6,0,0.5081335,0.407169,0.407169
2025-06-13 00:00:00,0.320187,0,4,6,0,0.407169,0.320187,0.320187
2025-06-13 01:00:00,0.2762865,1,4,6,0,0.320187,0.2762865,0.2762865
2025-06-13 02:00:00,0.25780650000000005,2,4,6,0,0.2762865,0.25780650000000005,0.25780650000000005
2025-06-13 03:00:00,0.25429250000000003,3,4,6,0,0.25780650000000005,0.25429250000000003,0.25429250000000003
2025-06-13 04:00:00,0.262703,4,4,6,0,0.25429250000000003,0.262703,0.262703
2025-06-13 05:00:00,0.2947805,5,4,6,0,0.262703,0.2947805,0.2947805
2025-06-13 06:00:00,0.364917,6,4,6,0,0.2947805,0.364917,0.364917
2025-06-13 07:00:00,0.390292,7,4,6,0,0.364917,0.390292,0.390292
2025-06-13 08:00:00,0.374374,8,4,6,0,0.390292,0.374374,0.374374
2025-06-13 09:00:00,0.3662575,9,4,6,0,0.374374,0.3662575,0.3662575
2025-06-13 10:00:00,0.365869,10,4,6,0,0.3662575,0.365869,0.365869
2025-06-13 11:00:00,0.39882850000000003,11,4,6,0,0.365869,0.39882850000000003,0.39882850000000003
2025-06-13 12:00:00,0.42129500000000003,12,4,6,0,0.39882850000000003,0.42129500000000003,0.42129500000000003
2025-06-13 13:00:00,0.41374200000000005,13,4,6,0,0.42129500000000003,0.41374200000000005,0.41374200000000005
2025-06-13 14:00:00,0.4019995,14,4,6,0,0.41374200000000005,0.4019995,0.4019995
2025-06-13 15:00:00,0.407715,15,4,6,0,0.4019995,0.407715,0.407715
2025-06-13 16:00:00,0.4366075,16,4,6,0,0.407715,0.4366075,0.4366075
2025-06-13 17:00:00,0.499583,17,4,6,0,0.4366075,0.499583,0.499583
2025-06-13 18:00:00,0.5682425,18,4,6,0,0.499583,0.5682425,0.5682425
2025-06-13 19:00:00,0.5914125,19,4,6,0,0.5682425,0.5914125,0.5914125
2025-06-13 20:00:00,0.5782035,20,4,6,0,0.5914125,0.5782035,0.5782035
2025-06-13 21:00:00,0.546308,21,4,6,0,0.5782035,0.546308,0.546308
2025-06-13 22:00:00,0.5081335,22,4,6,0,0.546308,0.5081335,0.5081335
2025-06-13 23:00:00,0.407169,23,4,6,0,0.5081335,0.407169,0.407169
2025-06-14 00:00:00,0.351148,0,5,6,1,0.407169,0.320187,0.351148
2025-06-14 01:00:00,0.29750350000000003,1,5,6,1,0.351148,0.2762865,0.29750350000000003
2025-06-14 02:00:00,0.272237,2,5,6,1,0.29750350000000003,0.25780650000000005,0.272237
2025-06-14 03:00:00,0.2628325,3,5,6,1,0.272237,0.25429250000000003,0.2628325
2025-06-14 04:00:00,0.260176,4,5,6,1,0.2628325,0.262703,0.260176
2025-06-14 05:00:00,0.266189,5,5,6,1,0.260176,0.2947805,0.266189
2025-06-14 06:00:00,0.31163650000000004,6,5,6,1,0.266189,0.364917,0.31163650000000004
2025-06-14 07:00:00,0.394331,7,5,6,1,0.31163650000000004,0.390292,0.394331
2025-06-14 08:00:00,0.47385450000000007,8,5,6,1,0.394331,0.374374,0.47385450000000007
2025-06-14 09:00:00,0.517979,9,5,6,1,0.47385450000000007,0.3662575,0.517979
2025-06-14 10:00:00,0.544061,10,5,6,1,0.517979,0.365869,0.544061
2025-06-14 11:00:00,0.582631,11,5,6,1,0.544061,0.39882850000000003,0.582631
2025-06-14 12:00:00,0.5778220000000001,12,5,6,1,0.582631,0.42129500000000003,0.5778220000000001
2025-06-14 13:00:00,0.546693,13,5,6,1,0.5778220000000001,0.41374200000000005,0.546693
2025-06-14 14:00:00,0.5320455,14,5,6,1,0.546693,0.4019995,0.5320455
2025-06-14 15:00:00,0.521101,15,5,6,1,0.5320455,0.407715,0.521101
2025-06-14 16:00:00,0.5235615,16,5,6,1,0.521101,0.4366075,0.5235615
2025-06-14 17:00:00,0.5523805,17,5,6,1,0.5235615,0.499583,0.5523805
2025-06-14 18:00:00,0.5835480000000001,18,5,6,1,0.5523805,0.5682425,0.5835480000000001
2025-06-14 19:00:00,0.57862,19,5,6,1,0.5835480000000001,0.5914125,0.57862
2025-06-14 20:00:00,0.554967,20,5,6,1,0.57862,0.5782035,0.554967
2025-06-14 21:00:00,0.529375,21,5,6,1,0.554967,0.546308,0.529375
2025-06-14 22:00:00,0.5139925,22,5,6,1,0.529375,0.5081335,0.5139925
2025-06-14 23:00:00,0.4399885,23,5,6,1,0.5139925,0.407169,0.4399885
2025-06-15 00:00:00,0.3604755,0,6,6,1,0.4399885,0.351148,0.3604755
2025-06-15 01:00:00,0.309134,1,6,6,1,0.3604755,0.29750350000000003,0.309134
2025-06-15 02:00:00,0.280238,2,6,6,1,0.309134,0.272237,0.280238
2025-06-15 03:00:00,0.26646200000000003,3,6,6,1,0.280238,0.2628325,0.26646200000000003
2025-06-15 04:00:00,0.2587375,4,6,6,1,0.26646200000000003,0.260176,0.2587375
2025-06-15 05:00:00,0.259749,5,6,6,1,0.2587375,0.266189,0.259749
2025-06-15 06:00:00,0.291466,6,6,6,1,0.259749,0.31163650000000004,0.291466
2025-06-15 07:00:00,0.3606225,7,6,6,1,0.291466,0.394331,0.3606225
2025-06-15 08:00:00,0.456442,8,6,6,1,0.3606225,0.47385450000000007,0.456442
2025-06-15 09:00:00,0.535171,9,6,6,1,0.456442,0.517979,0.535171
2025-06-15 10:00:00,0.5907335,10,6,6,1,0.535171,0.544061,0.5907335
2025-06-15 11:00:00,0.657608,11,6,6,1,0.5907335,0.582631,0.657608
2025-06-15 12:00:00,0.63868,12,6,6,1,0.657608,0.5778220000000001,0.63868
2025-06-15 13:00:00,0.5791204999999999,13,6,6,1,0.63868,0.546693,0.5791204999999999
2025-06-15 14:00:00,0.538629,14,6,6,1,0.5791204999999999,0.5320455,0.538629
2025-06-15 15:00:00,0.5181749999999999,15,6,6,1,0.538629,0.521101,0.5181749999999999
2025-06-15 16:00:00,0.5206075,16,6,6,1,0.5181749999999999,0.5235615,0.5206075
2025-06-15 17:00:00,0.5626145,17,6,6,1,0.5206075,0.5523805,0.5626145
2025-06-15 18:00:00,0.607243,18,6,6,1,0.5626145,0.5835480000000001,0.607243
2025-06-15 19:00:00,0.6137495,19,6,6,1,0.607243,0.57862,0.6137495
2025-06-15 20:00:00,0.5919655,20,6,6,1,0.6137495,0.554967,0.5919655
2025-06-15 21:00:00,0.553014,21,6,6,1,0.5919655,0.529375,0.553014
2025-06-15 22:00:00,0.5046090000000001,22,6,6,1,0.553014,0.5139925,0.5046090000000001
2025-06-15 23:00:00,0.401534,23,6,6,1,0.5046090000000001,0.4399885,0.401534
2025-06-16 00:00:00,0.320187,0,0,6,0,0.401534,0.3604755,0.320187
2025-06-16 01:00:00,0.2762865,1,0,6,0,0.320187,0.309134,0.2762865
2025-06-16 02:00:00,0.25780650000000005,2,0,6,0,0.2762865,0.280238,0.25780650000000005
2025-06-16 03:00:00,0.25429250000000003,3,0,6,0,0.25780650000000005,0.26646200000000003,0.25429250000000003
2025-06-16 04:00:00,0.262703,4,0,6,0,0.25429250000000003,0.2587375,0.262703
2025-06-16 05:00:00,0.2947805,5,0,6,0,0.262703,0.259749,0.2947805
2025-06-16 06:00:00,0.364917,6,0,6,0,0.2947805,0.291466,0.364917
2025-06-16 07:00:00,0.390292,7,0,6,0,0.364917,0.3606225,0.390292
2025-06-16 08:00:00,0.374374,8,0,6,0,0.390292,0.456442,0.374374
2025-06-16 09:00:00,0.3662575,9,0,6,0,0.374374,0.535171,0.3662575
2025-06-16 10:00:00,0.365869,10,0,6,0,0.3662575,0.5907335,0.365869
2025-06-16 11:00:00,0.39882850000000003,11,0,6,0,0.365869,0.657608,0.39882850000000003
2025-06-16 12:00:00,0.42129500000000003,12,0,6,0,0.39882850000000003,0.63868,0.42129500000000003
2025-06-16 13:00:00,0.41374200000000005,13,0,6,0,0.42129500000000003,0.5791204999999999,0.41374200000000005
2025-06-16 14:00:00,0.4019995,14,0,6,0,0.41374200000000005,0.538629,0.4019995
2025-06-16 15:00:00,0.407715,15,0,6,0,0.4019995,0.5181749999999999,0.407715
2025-06-16 16:00:00,0.4366075,16,0,6,0,0.407715,0.5206075,0.4366075
2025-06-16 17:00:00,0.499583,17,0,6,0,0.4366075,0.5626145,0.499583
2025-06-16 18:00:00,0.5682425,18,0,6,0,0.499583,0.607243,0.5682425
2025-06-16 19:00:00,0.5914125,19,0,6,0,0.5682425,0.6137495,0.5914125
2025-06-16 20:00:00,0.5782035,20,0,6,0,0.5914125,0.5919655,0.5782035
2025-06-16 21:00:00,0.546308,21,0,6,0,0.5782035,0.553014,0.546308
2025-06-16 22:00:00,0.5081335,22,0,6,0,0.546308,0.5046090000000001,0.5081335
2025-06-16 23:00:00,0.407169,23,0,6,0,0.5081335,0.401534,0.407169
2025-06-17 00:00:00,0.320187,0,1,6,0,0.407169,0.320187,0.320187
2025-06-17 01:00:00,0.2762865,1,1,6,0,0.320187,0.2762865,0.2762865
2025-06-17 02:00:00,0.25780650000000005,2,1,6,0,0.2762865,0.25780650000000005,0.25780650000000005
2025-06-17 03:00:00,0.25429250000000003,3,1,6,0,0.25780650000000005,0.25429250000000003,0.25429250000000003
2025-06-17 04:00:00,0.262703,4,1,6,0,0.25429250000000003,0.262703,0.262703
2025-06-17 05:00:00,0.2947805,5,1,6,0,0.262703,0.2947805,0.2947805
2025-06-17 06:00:00,0.364917,6,1,6,0,0.2947805,0.364917,0.364917
2025-06-17 07:00:00,0.390292,7,1,6,0,0.364917,0.390292,0.390292
2025-06-17 08:00:00,0.374374,8,1,6,0,0.390292,0.374374,0.374374
2025-06-17 09:00:00,0.3662575,9,1,6,0,0.374374,0.3662575,0.3662575
2025-06-17 10:00:00,0.365869,10,1,6,0,0.3662575,0.365869,0.365869
2025-06-17 11:00:00,0.39882850000000003,11,1,6,0,0.365869,0.39882850000000003,0.39882850000000003
2025-06-17 12:00:00,0.42129500000000003,12,1,6,0,0.39882850000000003,0.42129500000000003,0.42129500000000003
2025-06-17 13:00:00,0.41374200000000005,13,1,6,0,0.42129500000000003,0.41374200000000005,0.41374200000000005
2025-06-17 14:00:00,0.4019995,14,1,6,0,0.41374200000000005,0.4019995,0.4019995
2025-06-17 15:00:00,0.407715,15,1,6,0,0.4019995,0.407715,0.407715
2025-06-17 16:00:00,0.4366075,16,1,6,0,0.407715,0.4366075,0.4366075
2025-06-17 17:00:00,0.499583,17,1,6,0,0.4366075,0.499583,0.499583
2025-06-17 18:00:00,0.5682425,18,1,6,0,0.499583,0.5682425,0.5682425
2025-06-17 19:00:00,0.5914125,19,1,6,0,0.5682425,0.5914125,0.5914125
2025-06-17 20:00:00,0.5782035,20,1,6,0,0.5914125,0.5782035,0.5782035
2025-06-17 21:00:00,0.546308,21,1,6,0,0.5782035,0.546308,0.546308
2025-06-17 22:00:00,0.5081335,22,1,6,0,0.546308,0.5081335,0.5081335
2025-06-17 23:00:00,0.407169,23,1,6,0,0.5081335,0.407169,0.407169
2025-06-18 00:00:00,0.320187,0,2,6,0,0.407169,0.320187,0.320187
2025-06-18 01:00:00,0.2762865,1,2,6,0,0.320187,0.2762865,0.2762865
2025-06-18 02:00:00,0.25780650000000005,2,2,6,0,0.2762865,0.25780650000000005,0.25780650000000005
2025-06-18 03:00:00,0.25429250000000003,3,2,6,0,0.25780650000000005,0.25429250000000003,0.25429250000000003
2025-06-18 04:00:00,0.262703,4,2,6,0,0.25429250000000003,0.262703,0.262703
2025-06-18 05:00:00,0.2947805,5,2,6,0,0.262703,0.2947805,0.2947805
2025-06-18 06:00:00,0.364917,6,2,6,0,0.2947805,0.364917,0.364917
2025-06-18 07:00:00,0.390292,7,2,6,0,0.364917,0.390292,0.390292
2025-06-18 08:00:00,0.374374,8,2,6,0,0.390292,0.374374,0.374374
2025-06-18 09:00:00,0.3662575,9,2,6,0,0.374374,0.3662575,0.3662575
2025-06-18 10:00:00,0.365869,10,2,6,0,0.3662575,0.365869,0.365869
2025-06-18 11:00:00,0.39882850000000003,11,2,6,0,0.365869,0.39882850000000003,0.39882850000000003
2025-06-18 12:00:00,0.42129500000000003,12,2,6,0,0.39882850000000003,0.42129500000000003,0.42129500000000003
2025-06-18 13:00:00,0.41374200000000005,13,2,6,0,0.42129500000000003,0.41374200000000005,0.41374200000000005
2025-06-18 14:00:00,0.4019995,14,2,6,0,0.41374200000000005,0.4019995,0.4019995
2025-06-18 15:00:00,0.407715,15,2,6,0,0.4019995,0.407715,0.407715
2025-06-18 16:00:00,0.4366075,16,2,6,0,0.407715,0.4366075,0.4366075
2025-06-18 17:00:00,0.499583,17,2,6,0,0.4366075,0.499583,0.499583
2025-06-18 18:00:00,0.5682425,18,2,6,0,0.499583,0.5682425,0.5682425
2025-06-18 19:00:00,0.5914125,19,2,6,0,0.5682425,0.5914125,0.5914125
2025-06-18 20:00:00,0.5782035,20,2,6,0,0.5914125,0.5782035,0.5782035
2025-06-18 21:00:00,0.546308,21,2,6,0,0.5782035,0.546308,0.546308
2025-06-18 22:00:00,0.5081335,22,2,6,0,0.546308,0.5081335,0.5081335
2025-06-18 23:00:00,0.407169,23,2,6,0,0.5081335,0.407169,0.407169
2025-06-19 00:00:00,0.320187,0,3,6,0,0.407169,0.320187,0.320187
2025-06-19 01:00:00,0.2762865,1,3,6,0,0.320187,0.2762865,0.2762865
2025-06-19 02:00:00,0.25780650000000005,2,3,6,0,0.2762865,0.25780650000000005,0.25780650000000005
2025-06-19 03:00:00,0.25429250000000003,3,3,6,0,0.25780650000000005,0.25429250000000003,0.25429250000000003
2025-06-19 04:00:00,0.262703,4,3,6,0,0.25429250000000003,0.262703,0.262703
2025-06-19 05:00:00,0.2947805,5,3,6,0,0.262703,0.2947805,0.2947805
2025-06-19 06:00:00,0.364917,6,3,6,0,0.2947805,0.364917,0.364917
2025-06-19 07:00:00,0.390292,7,3,6,0,0.364917,0.390292,0.390292
2025-06-19 08:00:00,0.374374,8,3,6,0,0.390292,0.374374,0.374374
2025-06-19 09:00:00,0.3662575,9,3,6,0,0.374374,0.3662575,0.3662575
2025-06-19 10:00:00,0.365869,10,3,6,0,0.3662575,0.365869,0.365869
2025-06-19 11:00:00,0.39882850000000003,11,3,6,0,0.365869,0.39882850000000003,0.39882850000000003
2025-06-19 12:00:00,0.42129500000000003,12,3,6,0,0.39882850000000003,0.42129500000000003,0.42129500000000003
2025-06-19 13:00:00,0.41374200000000005,13,3,6,0,0.42129500000000003,0.41374200000000005,0.41374200000000005
2025-06-19 14:00:00,0.4019995,14,3,6,0,0.41374200000000005,0.4019995,0.4019995
2025-06-19 15:00:00,0.407715,15,3,6,0,0.4019995,0.407715,0.407715
2025-06-19 16:00:00,0.4366075,16,3,6,0,0.407715,0.4366075,0.4366075
2025-06-19 17:00:00,0.499583,17,3,6,0,0.4366075,0.499583,0.499583
2025-06-19 18:00:00,0.5682425,18,3,6,0,0.499583,0.5682425,0.5682425
2025-06-19 19:00:00,0.5914125,19,3,6,0,0.5682425,0.5914125,0.5914125
2025-06-19 20:00:00,0.5782035,20,3,6,0,0.5914125,0.5782035,0.5782035
2025-06-19 21:00:00,0.546308,21,3,6,0,0.5782035,0.546308,0.546308
2025-06-19 22:00:00,0.5081335,22,3,6,0,0.546308,0.5081335,0.5081335
2025-06-19 23:00:00,0.407169,23,3,6,0,0.5081335,0.407169,0.407169
2025-06-20 00:00:00,0.320187,0,4,6,0,0.407169,0.320187,0.320187
2025-06-20 01:00:00,0.2762865,1,4,6,0,0.320187,0.2762865,0.2762865
2025-06-20 02:00:00,0.25780650000000005,2,4,6,0,0.2762865,0.25780650000000005,0.25780650000000005
2025-06-20 03:00:00,0.25429250000000003,3,4,6,0,0.25780650000000005,0.25429250000000003,0.25429250000000003
2025-06-20 04:00:00,0.262703,4,4,6,0,0.25429250000000003,0.262703,0.262703
2025-06-20 05:00:00,0.2947805,5,4,6,0,0.262703,0.2947805,0.2947805
2025-06-20 06:00:00,0.364917,6,4,6,0,0.2947805,0.364917,0.364917
2025-06-20 07:00:00,0.390292,7,4,6,0,0.364917,0.390292,0.390292
2025-06-20 08:00:00,0.374374,8,4,6,0,0.390292,0.374374,0.374374
2025-06-20 09:00:00,0.3662575,9,4,6,0,0.374374,0.3662575,0.3662575
2025-06-20 10:00:00,0.365869,10,4,6,0,0.3662575,0.365869,0.365869
2025-06-20 11:00:00,0.39882850000000003,11,4,6,0,0.365869,0.39882850000000003,0.39882850000000003
2025-06-20 12:00:00,0.42129500000000003,12,4,6,0,0.39882850000000003,0.42129500000000003,0.42129500000000003
2025-06-20 13:00:00,0.41374200000000005,13,4,6,0,0.42129500000000003,0.41374200000000005,0.41374200000000005
2025-06-20 14:00:00,0.4019995,14,4,6,0,0.41374200000000005,0.4019995,0.4019995
2025-06-20 15:00:00,0.407715,15,4,6,0,0.4019995,0.407715,0.407715
2025-06-20 16:00:00,0.4366075,16,4,6,0,0.407715,0.4366075,0.4366075
2025-06-20 17:00:00,0.499583,17,4,6,0,0.4366075,0.499583,0.499583
2025-06-20 18:00:00,0.5682425,18,4,6,0,0.499583,0.5682425,0.5682425
2025-06-20 19:00:00,0.5914125,19,4,6,0,0.5682425,0.5914125,0.5914125
2025-06-20 20:00:00,0.5782035,20,4,6,0,0.5914125,0.5782035,0.5782035
2025-06-20 21:00:00,0.546308,21,4,6,0,0.5782035,0.546308,0.546308
2025-06-20 22:00:00,0.5081335,22,4,6,0,0.546308,0.5081335,0.5081335
2025-06-20 23:00:00,0.407169,23,4,6,0,0.5081335,0.407169,0.407169
2025-06-21 00:00:00,0.351148,0,5,6,1,0.407169,0.320187,0.351148
2025-06-21 01:00:00,0.29750350000000003,1,5,6,1,0.351148,0.2762865,0.29750350000000003
2025-06-21 02:00:00,0.272237,2,5,6,1,0.29750350000000003,0.25780650000000005,0.272237
2025-06-21 03:00:00,0.2628325,3,5,6,1,0.272237,0.25429250000000003,0.2628325
2025-06-21 04:00:00,0.260176,4,5,6,1,0.2628325,0.262703,0.260176
2025-06-21 05:00:00,0.266189,5,5,6,1,0.260176,0.2947805,0.266189
2025-06-21 06:00:00,0.31163650000000004,6,5,6,1,0.266189,0.364917,0.31163650000000004
2025-06-21 07:00:00,0.394331,7,5,6,1,0.31163650000000004,0.390292,0.394331
2025-06-21 08:00:00,0.47385450000000007,8,5,6,1,0.394331,0.374374,0.47385450000000007
2025-06-21 09:00:00,0.517979,9,5,6,1,0.47385450000000007,0.3662575,0.517979
2025-06-21 10:00:00,0.544061,10,5,6,1,0.517979,0.365869,0.544061
2025-06-21 11:00:00,0.582631,11,5,6,1,0.544061,0.39882850000000003,0.582631
2025-06-21 12:00:00,0.5778220000000001,12,5,6,1,0.582631,0.42129500000000003,0.5778220000000001
2025-06-21 13:00:00,0.546693,13,5,6,1,0.5778220000000001,0.41374200000000005,0.546693
2025-06-21 14:00:00,0.5320455,14,5,6,1,0.546693,0.4019995,0.5320455
2025-06-21 15:00:00,0.521101,15,5,6,1,0.5320455,0.407715,0.521101
2025-06-21 16:00:00,0.5235615,16,5,6,1,0.521101,0.4366075,0.5235615
2025-06-21 17:00:00,0.5523805,17,5,6,1,0.5235615,0.499583,0.5523805
2025-06-21 18:00:00,0.5835480000000001,18,5,6,1,0.5523805,0.5682425,0.5835480000000001
2025-06-21 19:00:00,0.57862,19,5,6,1,0.5835480000000001,0.5914125,0.57862
2025-06-21 20:00:00,0.554967,20,5,6,1,0.57862,0.5782035,0.554967
2025-06-21 21:00:00,0.529375,21,5,6,1,0.554967,0.546308,0.529375
2025-06-21 22:00:00,0.5139925,22,5,6,1,0.529375,0.5081335,0.5139925
2025-06-21 23:00:00,0.4399885,23,5,6,1,0.5139925,0.407169,0.4399885
2025-06-22 00:00:00,0.3604755,0,6,6,1,0.4399885,0.351148,0.3604755
2025-06-22 01:00:00,0.309134,1,6,6,1,0.3604755,0.29750350000000003,0.309134
2025-06-22 02:00:00,0.280238,2,6,6,1,0.309134,0.272237,0.280238
2025-06-22 03:00:00,0.26646200000000003,3,6,6,1,0.280238,0.2628325,0.26646200000000003
2025-06-22 04:00:00,0.2587375,4,6,6,1,0.26646200000000003,0.260176,0.2587375
2025-06-22 05:00:00,0.259749,5,6,6,1,0.2587375,0.266189,0.259749
2025-06-22 06:00:00,0.291466,6,6,6,1,0.259749,0.31163650000000004,0.291466
2025-06-22 07:00:00,0.3606225,7,6,6,1,0.291466,0.394331,0.3606225
2025-06-22 08:00:00,0.456442,8,6,6,1,0.3606225,0.47385450000000007,0.456442
2025-06-22 09:00:00,0.535171,9,6,6,1,0.456442,0.517979,0.535171
2025-06-22 10:00:00,0.5907335,10,6,6,1,0.535171,0.544061,0.5907335
2025-06-22 11:00:00,0.657608,11,6,6,1,0.5907335,0.582631,0.657608
2025-06-22 12:00:00,0.63868,12,6,6,1,0.657608,0.5778220000000001,0.63868
2025-06-22 13:00:00,0.5791204999999999,13,6,6,1,0.63868,0.546693,0.5791204999999999
2025-06-22 14:00:00,0.538629,14,6,6,1,0.5791204999999999,0.5320455,0.538629
2025-06-22 15:00:00,0.5181749999999999,15,6,6,1,0.538629,0.521101,0.5181749999999999
2025-06-22 16:00:00,0.5206075,16,6,6,1,0.5181749999999999,0.5235615,0.5206075
2025-06-22 17:00:00,0.5626145,17,6,6,1,0.5206075,0.5523805,0.5626145
2025-06-22 18:00:00,0.607243,18,6,6,1,0.5626145,0.5835480000000001,0.607243
2025-06-22 19:00:00,0.6137495,19,6,6,1,0.607243,0.57862,0.6137495
2025-06-22 20:00:00,0.5919655,20,6,6,1,0.6137495,0.554967,0.5919655
2025-06-22 21:00:00,0.553014,21,6,6,1,0.5919655,0.529375,0.553014
2025-06-22 22:00:00,0.5046090000000001,22,6,6,1,0.553014,0.5139925,0.5046090000000001
2025-06-22 23:00:00,0.401534,23,6,6,1,0.5046090000000001,0.4399885,0.401534
2025-06-23 00:00:00,0.320187,0,0,6,0,0.401534,0.3604755,0.320187
2025-06-23 01:00:00,0.2762865,1,0,6,0,0.320187,0.309134,0.2762865
2025-06-23 02:00:00,0.25780650000000005,2,0,6,0,0.2762865,0.280238,0.25780650000000005
2025-06-23 03:00:00,0.25429250000000003,3,0,6,0,0.25780650000000005,0.26646200000000003,0.25429250000000003
2025-06-23 04:00:00,0.262703,4,0,6,0,0.25429250000000003,0.2587375,0.262703
2025-06-23 05:00:00,0.2947805,5,0,6,0,0.262703,0.259749,0.2947805
2025-06-23 06:00:00,0.364917,6,0,6,0,0.2947805,0.291466,0.364917
2025-06-23 07:00:00,0.390292,7,0,6,0,0.364917,0.3606225,0.390292
2025-06-23 08:00:00,0.374374,8,0,6,0,0.390292,0.456442,0.374374
2025-06-23 09:00:00,0.3662575,9,0,6,0,0.374374,0.535171,0.3662575
2025-06-23 10:00:00,0.365869,10,0,6,0,0.3662575,0.5907335,0.365869
2025-06-23 11:00:00,0.39882850000000003,11,0,6,0,0.365869,0.657608,0.39882850000000003
2025-06-23 12:00:00,0.42129500000000003,12,0,6,0,0.39882850000000003,0.63868,0.42129500000000003
2025-06-23 13:00:00,0.41374200000000005,13,0,6,0,0.42129500000000003,0.5791204999999999,0.41374200000000005
2025-06-23 14:00:00,0.4019995,14,0,6,0,0.41374200000000005,0.538629,0.4019995
2025-06-23 15:00:00,0.407715,15,0,6,0,0.4019995,0.5181749999999999,0.407715
2025-06-23 16:00:00,0.4366075,16,0,6,0,0.407715,0.5206075,0.4366075
2025-06-23 17:00:00,0.499583,17,0,6,0,0.4366075,0.5626145,0.499583
2025-06-23 18:00:00,0.5682425,18,0,6,0,0.499583,0.607243,0.5682425
2025-06-23 19:00:00,0.5914125,19,0,6,0,0.5682425,0.6137495,0.5914125
2025-06-23 20:00:00,0.5782035,20,0,6,0,0.5914125,0.5919655,0.5782035
2025-06-23 21:00:00,0.546308,21,0,6,0,0.5782035,0.553014,0.546308
2025-06-23 22:00:00,0.5081335,22,0,6,0,0.546308,0.5046090000000001,0.5081335
2025-06-23 23:00:00,0.407169,23,0,6,0,0.5081335,0.401534,0.407169
2025-06-24 00:00:00,0.320187,0,1,6,0,0.407169,0.320187,0.320187
2025-06-24 01:00:00,0.2762865,1,1,6,0,0.320187,0.2762865,0.2762865
2025-06-24 02:00:00,0.25780650000000005,2,1,6,0,0.2762865,0.25780650000000005,0.25780650000000005
2025-06-24 03:00:00,0.25429250000000003,3,1,6,0,0.25780650000000005,0.25429250000000003,0.25429250000000003
2025-06-24 04:00:00,0.262703,4,1,6,0,0.25429250000000003,0.262703,0.262703
2025-06-24 05:00:00,0.2947805,5,1,6,0,0.262703,0.2947805,0.2947805
2025-06-24 06:00:00,0.364917,6,1,6,0,0.2947805,0.364917,0.364917
2025-06-24 07:00:00,0.390292,7,1,6,0,0.364917,0.390292,0.390292
2025-06-24 08:00:00,0.374374,8,1,6,0,0.390292,0.374374,0.374374
2025-06-24 09:00:00,0.3662575,9,1,6,0,0.374374,0.3662575,0.3662575
2025-06-24 10:00:00,0.365869,10,1,6,0,0.3662575,0.365869,0.365869
2025-06-24 11:00:00,0.39882850000000003,11,1,6,0,0.365869,0.39882850000000003,0.39882850000000003
2025-06-24 12:00:00,0.42129500000000003,12,1,6,0,0.39882850000000003,0.42129500000000003,0.42129500000000003
2025-06-24 13:00:00,0.41374200000000005,13,1,6,0,0.42129500000000003,0.41374200000000005,0.41374200000000005
2025-06-24 14:00:00,0.4019995,14,1,6,0,0.41374200000000005,0.4019995,0.4019995
2025-06-24 15:00:00,0.407715,15,1,6,0,0.4019995,0.407715,0.407715
2025-06-24 16:00:00,0.4366075,16,1,6,0,0.407715,0.4366075,0.4366075
2025-06-24 17:00:00,0.499583,17,1,6,0,0.4366075,0.499583,0.499583
2025-06-24 18:00:00,0.5682425,18,1,6,0,0.499583,0.5682425,0.5682425
2025-06-24 19:00:00,0.5914125,19,1,6,0,0.5682425,0.5914125,0.5914125
2025-06-24 20:00:00,0.5782035,20,1,6,0,0.5914125,0.5782035,0.5782035
2025-06-24 21:00:00,0.546308,21,1,6,0,0.5782035,0.546308,0.546308
2025-06-24 22:00:00,0.5081335,22,1,6,0,0.546308,0.5081335,0.5081335
2025-06-24 23:00:00,0.407169,23,1,6,0,0.5081335,0.407169,0.407169
2025-06-25 00:00:00,0.320187,0,2,6,0,0.407169,0.320187,0.320187
2025-06-25 01:00:00,0.2762865,1,2,6,0,0.320187,0.2762865,0.2762865
2025-06-25 02:00:00,0.25780650000000005,2,2,6,0,0.2762865,0.25780650000000005,0.25780650000000005
2025-06-25 03:00:00,0.25429250000000003,3,2,6,0,0.25780650000000005,0.25429250000000003,0.25429250000000003
2025-06-25 04:00:00,0.262703,4,2,6,0,0.25429250000000003,0.262703,0.262703
2025-06-25 05:00:00,0.2947805,5,2,6,0,0.262703,0.2947805,0.2947805
2025-06-25 06:00:00,0.364917,6,2,6,0,0.2947805,0.364917,0.364917
2025-06-25 07:00:00,0.390292,7,2,6,0,0.364917,0.390292,0.390292
2025-06-25 08:00:00,0.374374,8,2,6,0,0.390292,0.374374,0.374374
2025-06-25 09:00:00,0.3662575,9,2,6,0,0.374374,0.3662575,0.3662575
2025-06-25 10:00:00,0.365869,10,2,6,0,0.3662575,0.365869,0.365869
2025-06-25 11:00:00,0.39882850000000003,11,2,6,0,0.365869,0.39882850000000003,0.39882850000000003
2025-06-25 12:00:00,0.42129500000000003,12,2,6,0,0.39882850000000003,0.42129500000000003,0.42129500000000003
2025-06-25 13:00:00,0.41374200000000005,13,2,6,0,0.42129500000000003,0.41374200000000005,0.41374200000000005
2025-06-25 14:00:00,0.4019995,14,2,6,0,0.41374200000000005,0.4019995,0.4019995
2025-06-25 15:00:00,0.407715,15,2,6,0,0.4019995,0.407715,0.407715
2025-06-25 16:00:00,0.4366075,16,2,6,0,0.407715,0.4366075,0.4366075
2025-06-25 17:00:00,0.499583,17,2,6,0,0.4366075,0.499583,0.499583
2025-06-25 18:00:00,0.5682425,18,2,6,0,0.499583,0.5682425,0.5682425
2025-06-25 19:00:00,0.5914125,19,2,6,0,0.5682425,0.5914125,0.5914125
2025-06-25 20:00:00,0.5782035,20,2,6,0,0.5914125,0.5782035,0.5782035
2025-06-25 21:00:00,0.546308,21,2,6,0,0.5782035,0.546308,0.546308
2025-06-25 22:00:00,0.5081335,22,2,6,0,0.546308,0.5081335,0.5081335
2025-06-25 23:00:00,0.407169,23,2,6,0,0.5081335,0.407169,0.407169
2025-06-26 00:00:00,0.320187,0,3,6,0,0.407169,0.320187,0.320187
2025-06-26 01:00:00,0.2762865,1,3,6,0,0.320187,0.2762865,0.2762865
2025-06-26 02:00:00,0.25780650000000005,2,3,6,0,0.2762865,0.25780650000000005,0.25780650000000005
2025-06-26 03:00:00,0.25429250000000003,3,3,6,0,0.25780650000000005,0.25429250000000003,0.25429250000000003
2025-06-26 04:00:00,0.262703,4,3,6,0,0.25429250000000003,0.262703,0.262703
2025-06-26 05:00:00,0.2947805,5,3,6,0,0.262703,0.2947805,0.2947805
2025-06-26 06:00:00,0.364917,6,3,6,0,0.2947805,0.364917,0.364917
2025-06-26 07:00:00,0.390292,7,3,6,0,0.364917,0.390292,0.390292
2025-06-26 08:00:00,0.374374,8,3,6,0,0.390292,0.374374,0.374374
2025-06-26 09:00:00,0.3662575,9,3,6,0,0.374374,0.3662575,0.3662575
2025-06-26 10:00:00,0.365869,10,3,6,0,0.3662575,0.365869,0.365869
2025-06-26 11:00:00,0.39882850000000003,11,3,6,0,0.365869,0.39882850000000003,0.39882850000000003
2025-06-26 12:00:00,0.42129500000000003,12,3,6,0,0.39882850000000003,0.42129500000000003,0.42129500000000003
2025-06-26 13:00:00,0.41374200000000005,13,3,6,0,0.42129500000000003,0.41374200000000005,0.41374200000000005
2025-06-26 14:00:00,0.4019995,14,3,6,0,0.41374200000000005,0.4019995,0.4019995
2025-06-26 15:00:00,0.407715,15,3,6,0,0.4019995,0.407715,0.407715
2025-06-26 16:00:00,0.4366075,16,3,6,0,0.407715,0.4366075,0.4366075
2025-06-26 17:00:00,0.499583,17,3,6,0,0.4366075,0.499583,0.499583
2025-06-26 18:00:00,0.5682425,18,3,6,0,0.499583,0.5682425,0.5682425
2025-06-26 19:00:00,0.5914125,19,3,6,0,0.5682425,0.5914125,0.5914125
2025-06-26 20:00:00,0.5782035,20,3,6,0,0.5914125,0.5782035,0.5782035
2025-06-26 21:00:00,0.546308,21,3,6,0,0.5782035,0.546308,0.546308
2025-06-26 22:00:00,0.5081335,22,3,6,0,0.546308,0.5081335,0.5081335
2025-06-26 23:00:00,0.407169,23,3,6,0,0.5081335,0.407169,0.407169
2025-06-27 00:00:00,0.320187,0,4,6,0,0.407169,0.320187,0.320187
2025-06-27 01:00:00,0.2762865,1,4,6,0,0.320187,0.2762865,0.2762865
2025-06-27 02:00:00,0.25780650000000005,2,4,6,0,0.2762865,0.25780650000000005,0.25780650000000005
2025-06-27 03:00:00,0.25429250000000003,3,4,6,0,0.25780650000000005,0.25429250000000003,0.25429250000000003
2025-06-27 04:00:00,0.262703,4,4,6,0,0.25429250000000003,0.262703,0.262703
2025-06-27 05:00:00,0.2947805,5,4,6,0,0.262703,0.2947805,0.2947805
2025-06-27 06:00:00,0.364917,6,4,6,0,0.2947805,0.364917,0.364917
2025-06-27 07:00:00,0.390292,7,4,6,0,0.364917,0.390292,0.390292
2025-06-27 08:00:00,0.374374,8,4,6,0,0.390292,0.374374,0.374374
2025-06-27 09:00:00,0.3662575,9,4,6,0,0.374374,0.3662575,0.3662575
2025-06-27 10:00:00,0.365869,10,4,6,0,0.3662575,0.365869,0.365869
2025-06-27 11:00:00,0.39882850000000003,11,4,6,0,0.365869,0.39882850000000003,0.39882850000000003
2025-06-27 12:00:00,0.42129500000000003,12,4,6,0,0.39882850000000003,0.42129500000000003,0.42129500000000003
2025-06-27 13:00:00,0.41374200000000005,13,4,6,0,0.42129500000000003,0.41374200000000005,0.41374200000000005
2025-06-27 14:00:00,0.4019995,14,4,6,0,0.41374200000000005,0.4019995,0.4019995
2025-06-27 15:00:00,0.407715,15,4,6,0,0.4019995,0.407715,0.407715
2025-06-27 16:00:00,0.4366075,16,4,6,0,0.407715,0.4366075,0.4366075
2025-06-27 17:00:00,0.499583,17,4,6,0,0.4366075,0.499583,0.499583
2025-06-27 18:00:00,0.5682425,18,4,6,0,0.499583,0.5682425,0.5682425
2025-06-27 19:00:00,0.5914125,19,4,6,0,0.5682425,0.5914125,0.5914125
2025-06-27 20:00:00,0.5782035,20,4,6,0,0.5914125,0.5782035,0.5782035
2025-06-27 21:00:00,0.546308,21,4,6,0,0.5782035,0.546308,0.546308
2025-06-27 22:00:00,0.5081335,22,4,6,0,0.546308,0.5081335,0.5081335
2025-06-27 23:00:00,0.407169,23,4,6,0,0.5081335,0.407169,0.407169
2025-06-28 00:00:00,0.351148,0,5,6,1,0.407169,0.320187,0.351148
2025-06-28 01:00:00,0.29750350000000003,1,5,6,1,0.351148,0.2762865,0.29750350000000003
2025-06-28 02:00:00,0.272237,2,5,6,1,0.29750350000000003,0.25780650000000005,0.272237
2025-06-28 03:00:00,0.2628325,3,5,6,1,0.272237,0.25429250000000003,0.2628325
2025-06-28 04:00:00,0.260176,4,5,6,1,0.2628325,0.262703,0.260176
2025-06-28 05:00:00,0.266189,5,5,6,1,0.260176,0.2947805,0.266189
2025-06-28 06:00:00,0.31163650000000004,6,5,6,1,0.266189,0.364917,0.31163650000000004
2025-06-28 07:00:00,0.394331,7,5,6,1,0.31163650000000004,0.390292,0.394331
2025-06-28 08:00:00,0.47385450000000007,8,5,6,1,0.394331,0.374374,0.47385450000000007
2025-06-28 09:00:00,0.517979,9,5,6,1,0.47385450000000007,0.3662575,0.517979
2025-06-28 10:00:00,0.544061,10,5,6,1,0.517979,0.365869,0.544061
2025-06-28 11:00:00,0.582631,11,5,6,1,0.544061,0.39882850000000003,0.582631
2025-06-28 12:00:00,0.5778220000000001,12,5,6,1,0.582631,0.42129500000000003,0.5778220000000001
2025-06-28 13:00:00,0.546693,13,5,6,1,0.5778220000000001,0.41374200000000005,0.546693
2025-06-28 14:00:00,0.5320455,14,5,6,1,0.546693,0.4019995,0.5320455
2025-06-28 15:00:00,0.521101,15,5,6,1,0.5320455,0.407715,0.521101
2025-06-28 16:00:00,0.5235615,16,5,6,1,0.521101,0.4366075,0.5235615
2025-06-28 17:00:00,0.5523805,17,5,6,1,0.5235615,0.499583,0.5523805
2025-06-28 18:00:00,0.5835480000000001,18,5,6,1,0.5523805,0.5682425,0.5835480000000001
2025-06-28 19:00:00,0.57862,19,5,6,1,0.5835480000000001,0.5914125,0.57862
2025-06-28 20:00:00,0.554967,20,5,6,1,0.57862,0.5782035,0.554967
2025-06-28 21:00:00,0.529375,21,5,6,1,0.554967,0.546308,0.529375
2025-06-28 22:00:00,0.5139925,22,5,6,1,0.529375,0.5081335,0.5139925
2025-06-28 23:00:00,0.4399885,23,5,6,1,0.5139925,0.407169,0.4399885
2025-06-29 00:00:00,0.3604755,0,6,6,1,0.4399885,0.351148,0.3604755
2025-06-29 01:00:00,0.309134,1,6,6,1,0.3604755,0.29750350000000003,0.309134
2025-06-29 02:00:00,0.280238,2,6,6,1,0.309134,0.272237,0.280238
2025-06-29 03:00:00,0.26646200000000003,3,6,6,1,0.280238,0.2628325,0.26646200000000003
2025-06-29 04:00:00,0.2587375,4,6,6,1,0.26646200000000003,0.260176,0.2587375
2025-06-29 05:00:00,0.259749,5,6,6,1,0.2587375,0.266189,0.259749
2025-06-29 06:00:00,0.291466,6,6,6,1,0.259749,0.31163650000000004,0.291466
2025-06-29 07:00:00,0.3606225,7,6,6,1,0.291466,0.394331,0.3606225
2025-06-29 08:00:00,0.456442,8,6,6,1,0.3606225,0.47385450000000007,0.456442
2025-06-29 09:00:00,0.535171,9,6,6,1,0.456442,0.517979,0.535171
2025-06-29 10:00:00,0.5907335,10,6,6,1,0.535171,0.544061,0.5907335
2025-06-29 11:00:00,0.657608,11,6,6,1,0.5907335,0.582631,0.657608
2025-06-29 12:00:00,0.63868,12,6,6,1,0.657608,0.5778220000000001,0.63868
2025-06-29 13:00:00,0.5791204999999999,13,6,6,1,0.63868,0.546693,0.5791204999999999
2025-06-29 14:00:00,0.538629,14,6,6,1,0.5791204999999999,0.5320455,0.538629
2025-06-29 15:00:00,0.5181749999999999,15,6,6,1,0.538629,0.521101,0.5181749999999999
2025-06-29 16:00:00,0.5206075,16,6,6,1,0.5181749999999999,0.5235615,0.5206075
2025-06-29 17:00:00,0.5626145,17,6,6,1,0.5206075,0.5523805,0.5626145
2025-06-29 18:00:00,0.607243,18,6,6,1,0.5626145,0.5835480000000001,0.607243
2025-06-29 19:00:00,0.6137495,19,6,6,1,0.607243,0.57862,0.6137495
2025-06-29 20:00:00,0.5919655,20,6,6,1,0.6137495,0.554967,0.5919655
2025-06-29 21:00:00,0.553014,21,6,6,1,0.5919655,0.529375,0.553014
2025-06-29 22:00:00,0.5046090000000001,22,6,6,1,0.553014,0.5139925,0.5046090000000001
2025-06-29 23:00:00,0.401534,23,6,6,1,0.5046090000000001,0.4399885,0.401534
2025-06-30 00:00:00,0.320187,0,0,6,0,0.401534,0.3604755,0.320187
2025-06-30 01:00:00,0.2762865,1,0,6,0,0.320187,0.309134,0.2762865
2025-06-30 02:00:00,0.25780650000000005,2,0,6,0,0.2762865,0.280238,0.25780650000000005
2025-06-30 03:00:00,0.25429250000000003,3,0,6,0,0.25780650000000005,0.26646200000000003,0.25429250000000003
2025-06-30 04:00:00,0.262703,4,0,6,0,0.25429250000000003,0.2587375,0.262703
2025-06-30 05:00:00,0.2947805,5,0,6,0,0.262703,0.259749,0.2947805
2025-06-30 06:00:00,0.364917,6,0,6,0,0.2947805,0.291466,0.364917
2025-06-30 07:00:00,0.390292,7,0,6,0,0.364917,0.3606225,0.390292
2025-06-30 08:00:00,0.374374,8,0,6,0,0.390292,0.456442,0.374374
2025-06-30 09:00:00,0.3662575,9,0,6,0,0.374374,0.535171,0.3662575
2025-06-30 10:00:00,0.365869,10,0,6,0,0.3662575,0.5907335,0.365869
2025-06-30 11:00:00,0.39882850000000003,11,0,6,0,0.365869,0.657608,0.39882850000000003
2025-06-30 12:00:00,0.42129500000000003,12,0,6,0,0.39882850000000003,0.63868,0.42129500000000003
2025-06-30 13:00:00,0.41374200000000005,13,0,6,0,0.42129500000000003,0.5791204999999999,0.41374200000000005
2025-06-30 14:00:00,0.4019995,14,0,6,0,0.41374200000000005,0.538629,0.4019995
2025-06-30 15:00:00,0.407715,15,0,6,0,0.4019995,0.5181749999999999,0.407715
2025-06-30 16:00:00,0.4366075,16,0,6,0,0.407715,0.5206075,0.4366075
2025-06-30 17:00:00,0.499583,17,0,6,0,0.4366075,0.5626145,0.499583
2025-06-30 18:00:00,0.5682425,18,0,6,0,0.499583,0.607243,0.5682425
2025-06-30 19:00:00,0.5914125,19,0,6,0,0.5682425,0.6137495,0.5914125
2025-06-30 20:00:00,0.5782035,20,0,6,0,0.5914125,0.5919655,0.5782035
2025-06-30 21:00:00,0.546308,21,0,6,0,0.5782035,0.553014,0.546308
2025-06-30 22:00:00,0.5081335,22,0,6,0,0.546308,0.5046090000000001,0.5081335
2025-06-30 23:00:00,0.407169,23,0,6,0,0.5081335,0.401534,0.407169
2025-07-01 00:00:00,0.33946849999999995,0,1,7,0,0.407169,0.320187,0.320187
2025-07-01 01:00:00,0.2944095,1,1,7,0,0.33946849999999995,0.2762865,0.2762865
2025-07-01 02:00:00,0.27443850000000003,2,1,7,0,0.2944095,0.25780650000000005,0.25780650000000005
2025-07-01 03:00:00,0.269437,3,1,7,0,0.27443850000000003,0.25429250000000003,0.25429250000000003
2025-07-01 04:00:00,0.2786945,4,1,7,0,0.269437,0.262703,0.262703
2025-07-01 05:00:00,0.305102,5,1,7,0,0.2786945,0.2947805,0.2947805
2025-07-01 06:00:00,0.3602865,6,1,7,0,0.305102,0.364917,0.364917
2025-07-01 07:00:00,0.39356800000000003,7,1,7,0,0.3602865,0.390292,0.390292
2025-07-01 08:00:00,0.39309550000000004,8,1,7,0,0.39356800000000003,0.374374,0.374374
2025-07-01 09:00:00,0.397341,9,1,7,0,0.39309550000000004,0.3662575,0.3662575
2025-07-01 10:00:00,0.404376,10,1,7,0,0.397341,0.365869,0.365869
2025-07-01 11:00:00,0.44216200000000005,11,1,7,0,0.404376,0.39882850000000003,0.39882850000000003
2025-07-01 12:00:00,0.4595465,12,1,7,0,0.44216200000000005,0.42129500000000003,0.42129500000000003
2025-07-01 13:00:00,0.4438455,13,1,7,0,0.4595465,0.41374200000000005,0.41374200000000005
2025-07-01 14:00:00,0.42938699999999996,14,1,7,0,0.4438455,0.4019995,0.4019995
2025-07-01 15:00:00,0.431662,15,1,7,0,0.42938699999999996,0.407715,0.407715
2025-07-01 16:00:00,0.4614855,16,1,7,0,0.431662,0.4366075,0.4366075
2025-07-01 17:00:00,0.5238625,17,1,7,0,0.4614855,0.499583,0.499583
2025-07-01 18:00:00,0.5871040000000001,18,1,7,0,0.5238625,0.5682425,0.5682425
2025-07-01 19:00:00,0.607635,19,1,7,0,0.5871040000000001,0.5914125,0.5914125
2025-07-01 20:00:00,0.591136,20,1,7,0,0.607635,0.5782035,0.5782035
2025-07-01 21:00:00,0.5648055000000001,21,1,7,0,0.591136,0.546308,0.546308
2025-07-01 22:00:00,0.527058,22,1,7,0,0.5648055000000001,0.5081335,0.5081335
2025-07-01 23:00:00,0.42425250000000003,23,1,7,0,0.527058,0.407169,0.407169
2025-07-02 00:00:00,0.33946849999999995,0,2,7,0,0.42425250000000003,0.33946849999999995,0.320187
2025-07-02 01:00:00,0.2944095,1,2,7,0,0.33946849999999995,0.2944095,0.2762865
2025-07-02 02:00:00,0.27443850000000003,2,2,7,0,0.2944095,0.27443850000000003,0.25780650000000005
2025-07-02 03:00:00,0.269437,3,2,7,0,0.27443850000000003,0.269437,0.25429250000000003
2025-07-02 04:00:00,0.2786945,4,2,7,0,0.269437,0.2786945,0.262703
2025-07-02 05:00:00,0.305102,5,2,7,0,0.2786945,0.305102,0.2947805
2025-07-02 06:00:00,0.3602865,6,2,7,0,0.305102,0.3602865,0.364917
2025-07-02 07:00:00,0.39356800000000003,7,2,7,0,0.3602865,0.39356800000000003,0.390292
2025-07-02 08:00:00,0.39309550000000004,8,2,7,0,0.39356800000000003,0.39309550000000004,0.374374
2025-07-02 09:00:00,0.397341,9,2,7,0,0.39309550000000004,0.397341,0.3662575
2025-07-02 10:00:00,0.404376,10,2,7,0,0.397341,0.404376,0.365869
2025-07-02 11:00:00,0.44216200000000005,11,2,7,0,0.404376,0.44216200000000005,0.39882850000000003
2025-07-02 12:00:00,0.4595465,12,2,7,0,0.44216200000000005,0.4595465,0.42129500000000003
2025-07-02 13:00:00,0.4438455,13,2,7,0,0.4595465,0.4438455,0.41374200000000005
2025-07-02 14:00:00,0.42938699999999996,14,2,7,0,0.4438455,0.42938699999999996,0.4019995
2025-07-02 15:00:00,0.431662,15,2,7,0,0.42938699999999996,0.431662,0.407715
2025-07-02 16:00:00,0.4614855,16,2,7,0,0.431662,0.4614855,0.4366075
2025-07-02 17:00:00,0.5238625,17,2,7,0,0.4614855,0.5238625,0.499583
2025-07-02 18:00:00,0.5871040000000001,18,2,7,0,0.5238625,0.5871040000000001,0.5682425
2025-07-02 19:00:00,0.607635,19,2,7,0,0.5871040000000001,0.607635,0.5914125
2025-07-02 20:00:00,0.591136,20,2,7,0,0.607635,0.591136,0.5782035
2025-07-02 21:00:00,0.5648055000000001,21,2,7,0,0.591136,0.5648055000000001,0.546308
2025-07-02 22:00:00,0.527058,22,2,7,0,0.5648055000000001,0.527058,0.5081335
2025-07-02 23:00:00,0.42425250000000003,23,2,7,0,0.527058,0.42425250000000003,0.407169
2025-07-03 00:00:00,0.33946849999999995,0,3,7,0,0.42425250000000003,0.33946849999999995,0.320187
2025-07-03 01:00:00,0.2944095,1,3,7,0,0.33946849999999995,0.2944095,0.2762865
2025-07-03 02:00:00,0.27443850000000003,2,3,7,0,0.2944095,0.27443850000000003,0.25780650000000005
2025-07-03 03:00:00,0.269437,3,3,7,0,0.27443850000000003,0.269437,0.25429250000000003
2025-07-03 04:00:00,0.2786945,4,3,7,0,0.269437,0.2786945,0.262703
2025-07-03 05:00:00,0.305102,5,3,7,0,0.2786945,0.305102,0.2947805
2025-07-03 06:00:00,0.3602865,6,3,7,0,0.305102,0.3602865,0.364917
2025-07-03 07:00:00,0.39356800000000003,7,3,7,0,0.3602865,0.39356800000000003,0.390292
2025-07-03 08:00:00,0.39309550000000004,8,3,7,0,0.39356800000000003,0.39309550000000004,0.374374
2025-07-03 09:00:00,0.397341,9,3,7,0,0.39309550000000004,0.397341,0.3662575
2025-07-03 10:00:00,0.404376,10,3,7,0,0.397341,0.404376,0.365869
2025-07-03 11:00:00,0.44216200000000005,11,3,7,0,0.404376,0.44216200000000005,0.39882850000000003
2025-07-03 12:00:00,0.4595465,12,3,7,0,0.44216200000000005,0.4595465,0.42129500000000003
2025-07-03 13:00:00,0.4438455,13,3,7,0,0.4595465,0.4438455,0.41374200000000005
2025-07-03 14:00:00,0.42938699999999996,14,3,7,0,0.4438455,0.42938699999999996,0.4019995
2025-07-03 15:00:00,0.431662,15,3,7,0,0.42938699999999996,0.431662,0.407715
2025-07-03 16:00:00,0.4614855,16,3,7,0,0.431662,0.4614855,0.4366075
2025-07-03 17:00:00,0.5238625,17,3,7,0,0.4614855,0.5238625,0.499583
2025-07-03 18:00:00,0.5871040000000001,18,3,7,0,0.5238625,0.5871040000000001,0.5682425
2025-07-03 19:00:00,0.607635,19,3,7,0,0.5871040000000001,0.607635,0.5914125
2025-07-03 20:00:00,0.591136,20,3,7,0,0.607635,0.591136,0.5782035
2025-07-03 21:00:00,0.5648055000000001,21,3,7,0,0.591136,0.5648055000000001,0.546308
2025-07-03 22:00:00,0.527058,22,3,7,0,0.5648055000000001,0.527058,0.5081335
2025-07-03 23:00:00,0.42425250000000003,23,3,7,0,0.527058,0.42425250000000003,0.407169
2025-07-04 00:00:00,0.33946849999999995,0,4,7,0,0.42425250000000003,0.33946849999999995,0.320187
2025-07-04 01:00:00,0.2944095,1,4,7,0,0.33946849999999995,0.2944095,0.2762865
2025-07-04 02:00:00,0.27443850000000003,2,4,7,0,0.2944095,0.27443850000000003,0.25780650000000005
2025-07-04 03:00:00,0.269437,3,4,7,0,0.27443850000000003,0.269437,0.25429250000000003
2025-07-04 04:00:00,0.2786945,4,4,7,0,0.269437,0.2786945,0.262703
2025-07-04 05:00:00,0.305102,5,4,7,0,0.2786945,0.305102,0.2947805
2025-07-04 06:00:00,0.3602865,6,4,7,0,0.305102,0.3602865,0.364917
2025-07-04 07:00:00,0.39356800000000003,7,4,7,0,0.3602865,0.39356800000000003,0.390292
2025-07-04 08:00:00,0.39309550000000004,8,4,7,0,0.39356800000000003,0.39309550000000004,0.374374
2025-07-04 09:00:00,0.397341,9,4,7,0,0.39309550000000004,0.397341,0.3662575
2025-07-04 10:00:00,0.404376,10,4,7,0,0.397341,0.404376,0.365869
2025-07-04 11:00:00,0.44216200000000005,11,4,7,0,0.404376,0.44216200000000005,0.39882850000000003
2025-07-04 12:00:00,0.4595465,12,4,7,0,0.44216200000000005,0.4595465,0.42129500000000003
2025-07-04 13:00:00,0.4438455,13,4,7,0,0.4595465,0.4438455,0.41374200000000005
2025-07-04 14:00:00,0.42938699999999996,14,4,7,0,0.4438455,0.42938699999999996,0.4019995
2025-07-04 15:00:00,0.431662,15,4,7,0,0.42938699999999996,0.431662,0.407715
2025-07-04 16:00:00,0.4614855,16,4,7,0,0.431662,0.4614855,0.4366075
2025-07-04 17:00:00,0.5238625,17,4,7,0,0.4614855,0.5238625,0.499583
2025-07-04 18:00:00,0.5871040000000001,18,4,7,0,0.5238625,0.5871040000000001,0.5682425
2025-07-04 19:00:00,0.607635,19,4,7,0,0.5871040000000001,0.607635,0.5914125
2025-07-04 20:00:00,0.591136,20,4,7,0,0.607635,0.591136,0.5782035
2025-07-04 21:00:00,0.5648055000000001,21,4,7,0,0.591136,0.5648055000000001,0.546308
2025-07-04 22:00:00,0.527058,22,4,7,0,0.5648055000000001,0.527058,0.5081335
2025-07-04 23:00:00,0.42425250000000003,23,4,7,0,0.527058,0.42425250000000003,0.407169
2025-07-05 00:00:00,0.3699955,0,5,7,1,0.42425250000000003,0.33946849999999995,0.351148
2025-07-05 01:00:00,0.3181255,1,5,7,1,0.3699955,0.2944095,0.29750350000000003
2025-07-05 02:00:00,0.291508,2,5,7,1,0.3181255,0.27443850000000003,0.272237
2025-07-05 03:00:00,0.28154,3,5,7,1,0.291508,0.269437,0.2628325
2025-07-05 04:00:00,0.2804165,4,5,7,1,0.28154,0.2786945,0.260176
2025-07-05 05:00:00,0.2856105,5,5,7,1,0.2804165,0.305102,0.266189
2025-07-05 06:00:00,0.326452,6,5,7,1,0.2856105,0.3602865,0.31163650000000004
2025-07-05 07:00:00,0.404628,7,5,7,1,0.326452,0.39356800000000003,0.394331
2025-07-05 08:00:00,0.48381900000000005,8,5,7,1,0.404628,0.39309550000000004,0.47385450000000007
2025-07-05 09:00:00,0.5335610000000001,9,5,7,1,0.48381900000000005,0.397341,0.517979
2025-07-05 10:00:00,0.5632235,10,5,7,1,0.5335610000000001,0.404376,0.544061
2025-07-05 11:00:00,0.606949,11,5,7,1,0.5632235,0.44216200000000005,0.582631
2025-07-05 12:00:00,0.605878,12,5,7,1,0.606949,0.4595465,0.5778220000000001
2025-07-05 13:00:00,0.5751935,13,5,7,1,0.605878,0.4438455,0.546693
2025-07-05 14:00:00,0.5592195,14,5,7,1,0.5751935,0.42938699999999996,0.5320455
2025-07-05 15:00:00,0.5524365,15,5,7,1,0.5592195,0.431662,0.521101
2025-07-05 16:00:00,0.552405,16,5,7,1,0.5524365,0.4614855,0.5235615
2025-07-05 17:00:00,0.5784415,17,5,7,1,0.552405,0.5238625,0.5523805
2025-07-05 18:00:00,0.6059515,18,5,7,1,0.5784415,0.5871040000000001,0.5835480000000001
2025-07-05 19:00:00,0.5966205,19,5,7,1,0.6059515,0.607635,0.57862
2025-07-05 20:00:00,0.572082,20,5,7,1,0.5966205,0.591136,0.554967
2025-07-05 21:00:00,0.549927,21,5,7,1,0.572082,0.5648055000000001,0.529375
2025-07-05 22:00:00,0.525952,22,5,7,1,0.549927,0.527058,0.5139925
2025-07-05 23:00:00,0.45283,23,5,7,1,0.525952,0.42425250000000003,0.4399885
2025-07-06 00:00:00,0.3770025,0,6,7,1,0.45283,0.3699955,0.3604755
2025-07-06 01:00:00,0.32610550000000005,1,6,7,1,0.3770025,0.3181255,0.309134
2025-07-06 02:00:00,0.2966075,2,6,7,1,0.32610550000000005,0.291508,0.280238
2025-07-06 03:00:00,0.2818025,3,6,7,1,0.2966075,0.28154,0.26646200000000003
2025-07-06 04:00:00,0.27629000000000004,4,6,7,1,0.2818025,0.2804165,0.2587375
2025-07-06 05:00:00,0.2786385,5,6,7,1,0.27629000000000004,0.2856105,0.259749
2025-07-06 06:00:00,0.3080035,6,6,7,1,0.2786385,0.326452,0.291466
2025-07-06 07:00:00,0.379064,7,6,7,1,0.3080035,0.404628,0.3606225
2025-07-06 08:00:00,0.48026650000000004,8,6,7,1,0.379064,0.48381900000000005,0.456442
2025-07-06 09:00:00,0.564718,9,6,7,1,0.48026650000000004,0.5335610000000001,0.535171
2025-07-06 10:00:00,0.625296,10,6,7,1,0.564718,0.5632235,0.5907335
2025-07-06 11:00:00,0.6937770000000001,11,6,7,1,0.625296,0.606949,0.657608
2025-07-06 12:00:00,0.673827,12,6,7,1,0.6937770000000001,0.605878,0.63868
2025-07-06 13:00:00,0.609014,13,6,7,1,0.673827,0.5751935,0.5791204999999999
2025-07-06 14:00:00,0.5675915,14,6,7,1,0.609014,0.5592195,0.538629
2025-07-06 15:00:00,0.54705,15,6,7,1,0.5675915,0.5524365,0.5181749999999999
2025-07-06 16:00:00,0.5422025,16,6,7,1,0.54705,0.552405,0.5206075
2025-07-06 17:00:00,0.5842444999999999,17,6,7,1,0.5422025,0.5784415,0.5626145
2025-07-06 18:00:00,0.6231645,18,6,7,1,0.5842444999999999,0.6059515,0.607243
2025-07-06 19:00:00,0.623714,19,6,7,1,0.6231645,0.5966205,0.6137495
2025-07-06 20:00:00,0.600691,20,6,7,1,0.623714,0.572082,0.5919655
2025-07-06 21:00:00,0.5680535,21,6,7,1,0.600691,0.549927,0.553014
2025-07-06 22:00:00,0.5203205,22,6,7,1,0.5680535,0.525952,0.5046090000000001
2025-07-06 23:00:00,0.4168675,23,6,7,1,0.5203205,0.45283,0.401534
2025-07-07 00:00:00,0.33946849999999995,0,0,7,0,0.4168675,0.3770025,0.320187
2025-07-07 01:00:00,0.2944095,1,0,7,0,0.33946849999999995,0.32610550000000005,0.2762865
2025-07-07 02:00:00,0.27443850000000003,2,0,7,0,0.2944095,0.2966075,0.25780650000000005
2025-07-07 03:00:00,0.269437,3,0,7,0,0.27443850000000003,0.2818025,0.25429250000000003
2025-07-07 04:00:00,0.2786945,4,0,7,0,0.269437,0.27629000000000004,0.262703
2025-07-07 05:00:00,0.305102,5,0,7,0,0.2786945,0.2786385,0.2947805
2025-07-07 06:00:00,0.3602865,6,0,7,0,0.305102,0.3080035,0.364917
2025-07-07 07:00:00,0.39356800000000003,7,0,7,0,0.3602865,0.379064,0.390292
2025-07-07 08:00:00,0.39309550000000004,8,0,7,0,0.39356800000000003,0.48026650000000004,0.374374
2025-07-07 09:00:00,0.397341,9,0,7,0,0.39309550000000004,0.564718,0.3662575
2025-07-07 10:00:00,0.404376,10,0,7,0,0.397341,0.625296,0.365869
2025-07-07 11:00:00,0.44216200000000005,11,0,7,0,0.404376,0.6937770000000001,0.39882850000000003
2025-07-07 12:00:00,0.4595465,12,0,7,0,0.44216200000000005,0.673827,0.42129500000000003
2025-07-07 13:00:00,0.4438455,13,0,7,0,0.4595465,0.609014,0.41374200000000005
2025-07-07 14:00:00,0.42938699999999996,14,0,7,0,0.4438455,0.5675915,0.4019995
2025-07-07 15:00:00,0.431662,15,0,7,0,0.42938699999999996,0.54705,0.407715
2025-07-07 16:00:00,0.4614855,16,0,7,0,0.431662,0.5422025,0.4366075
2025-07-07 17:00:00,0.5238625,17,0,7,0,0.4614855,0.5842444999999999,0.499583
2025-07-07 18:00:00,0.5871040000000001,18,0,7,0,0.5238625,0.6231645,0.5682425
2025-07-07 19:00:00,0.607635,19,0,7,0,0.5871040000000001,0.623714,0.5914125
2025-07-07 20:00:00,0.591136,20,0,7,0,0.607635,0.600691,0.5782035
2025-07-07 21:00:00,0.5648055000000001,21,0,7,0,0.591136,0.5680535,0.546308
2025-07-07 22:00:00,0.527058,22,0,7,0,0.5648055000000001,0.5203205,0.5081335
2025-07-07 23:00:00,0.42425250000000003,23,0,7,0,0.527058,0.4168675,0.407169
2025-07-08 00:00:00,0.33946849999999995,0,1,7,0,0.42425250000000003,0.33946849999999995,0.33946849999999995
2025-07-08 01:00:00,0.2944095,1,1,7,0,0.33946849999999995,0.2944095,0.2944095
2025-07-08 02:00:00,0.27443850000000003,2,1,7,0,0.2944095,0.27443850000000003,0.27443850000000003
2025-07-08 03:00:00,0.269437,3,1,7,0,0.27443850000000003,0.269437,0.269437
2025-07-08 04:00:00,0.2786945,4,1,7,0,0.269437,0.2786945,0.2786945
2025-07-08 05:00:00,0.305102,5,1,7,0,0.2786945,0.305102,0.305102
2025-07-08 06:00:00,0.3602865,6,1,7,0,0.305102,0.3602865,0.3602865
2025-07-08 07:00:00,0.39356800000000003,7,1,7,0,0.3602865,0.39356800000000003,0.39356800000000003
2025-07-08 08:00:00,0.39309550000000004,8,1,7,0,0.39356800000000003,0.39309550000000004,0.39309550000000004
2025-07-08 09:00:00,0.397341,9,1,7,0,0.39309550000000004,0.397341,0.397341
2025-07-08 10:00:00,0.404376,10,1,7,0,0.397341,0.404376,0.404376
2025-07-08 11:00:00,0.44216200000000005,11,1,7,0,0.404376,0.44216200000000005,0.44216200000000005
2025-07-08 12:00:00,0.4595465,12,1,7,0,0.44216200000000005,0.4595465,0.4595465
2025-07-08 13:00:00,0.4438455,13,1,7,0,0.4595465,0.4438455,0.4438455
2025-07-08 14:00:00,0.42938699999999996,14,1,7,0,0.4438455,0.42938699999999996,0.42938699999999996
2025-07-08 15:00:00,0.431662,15,1,7,0,0.42938699999999996,0.431662,0.431662
2025-07-08 16:00:00,0.4614855,16,1,7,0,0.431662,0.4614855,0.4614855
2025-07-08 17:00:00,0.5238625,17,1,7,0,0.4614855,0.5238625,0.5238625
2025-07-08 18:00:00,0.5871040000000001,18,1,7,0,0.5238625,0.5871040000000001,0.5871040000000001
2025-07-08 19:00:00,0.607635,19,1,7,0,0.5871040000000001,0.607635,0.607635
2025-07-08 20:00:00,0.591136,20,1,7,0,0.607635,0.591136,0.591136
2025-07-08 21:00:00,0.5648055000000001,21,1,7,0,0.591136,0.5648055000000001,0.5648055000000001
2025-07-08 22:00:00,0.527058,22,1,7,0,0.5648055000000001,0.527058,0.527058
2025-07-08 23:00:00,0.42425250000000003,23,1,7,0,0.527058,0.42425250000000003,0.42425250000000003
2025-07-09 00:00:00,0.33946849999999995,0,2,7,0,0.42425250000000003,0.33946849999999995,0.33946849999999995
2025-07-09 01:00:00,0.2944095,1,2,7,0,0.33946849999999995,0.2944095,0.2944095
2025-07-09 02:00:00,0.27443850000000003,2,2,7,0,0.2944095,0.27443850000000003,0.27443850000000003
2025-07-09 03:00:00,0.269437,3,2,7,0,0.27443850000000003,0.269437,0.269437
2025-07-09 04:00:00,0.2786945,4,2,7,0,0.269437,0.2786945,0.2786945
2025-07-09 05:00:00,0.305102,5,2,7,0,0.2786945,0.305102,0.305102
2025-07-09 06:00:00,0.3602865,6,2,7,0,0.305102,0.3602865,0.3602865
2025-07-09 07:00:00,0.39356800000000003,7,2,7,0,0.3602865,0.39356800000000003,0.39356800000000003
2025-07-09 08:00:00,0.39309550000000004,8,2,7,0,0.39356800000000003,0.39309550000000004,0.39309550000000004
2025-07-09 09:00:00,0.397341,9,2,7,0,0.39309550000000004,0.397341,0.397341
2025-07-09 10:00:00,0.404376,10,2,7,0,0.397341,0.404376,0.404376
2025-07-09 11:00:00,0.44216200000000005,11,2,7,0,0.404376,0.44216200000000005,0.44216200000000005
2025-07-09 12:00:00,0.4595465,12,2,7,0,0.44216200000000005,0.4595465,0.4595465
2025-07-09 13:00:00,0.4438455,13,2,7,0,0.4595465,0.4438455,0.4438455
2025-07-09 14:00:00,0.42938699999999996,14,2,7,0,0.4438455,0.42938699999999996,0.42938699999999996
2025-07-09 15:00:00,0.431662,15,2,7,0,0.42938699999999996,0.431662,0.431662
2025-07-09 16:00:00,0.4614855,16,2,7,0,0.431662,0.4614855,0.4614855
2025-07-09 17:00:00,0.5238625,17,2,7,0,0.4614855,0.5238625,0.5238625
2025-07-09 18:00:00,0.5871040000000001,18,2,7,0,0.5238625,0.5871040000000001,0.5871040000000001
2025-07-09 19:00:00,0.607635,19,2,7,0,0.5871040000000001,0.607635,0.607635
2025-07-09 20:00:00,0.591136,20,2,7,0,0.607635,0.591136,0.591136
2025-07-09 21:00:00,0.5648055000000001,21,2,7,0,0.591136,0.5648055000000001,0.5648055000000001
2025-07-09 22:00:00,0.527058,22,2,7,0,0.5648055000000001,0.527058,0.527058
2025-07-09 23:00:00,0.42425250000000003,23,2,7,0,0.527058,0.42425250000000003,0.42425250000000003
2025-07-10 00:00:00,0.33946849999999995,0,3,7,0,0.42425250000000003,0.33946849999999995,0.33946849999999995
2025-07-10 01:00:00,0.2944095,1,3,7,0,0.33946849999999995,0.2944095,0.2944095
2025-07-10 02:00:00,0.27443850000000003,2,3,7,0,0.2944095,0.27443850000000003,0.27443850000000003
2025-07-10 03:00:00,0.269437,3,3,7,0,0.27443850000000003,0.269437,0.269437
2025-07-10 04:00:00,0.2786945,4,3,7,0,0.269437,0.2786945,0.2786945
2025-07-10 05:00:00,0.305102,5,3,7,0,0.2786945,0.305102,0.305102
2025-07-10 06:00:00,0.3602865,6,3,7,0,0.305102,0.3602865,0.3602865
2025-07-10 07:00:00,0.39356800000000003,7,3,7,0,0.3602865,0.39356800000000003,0.39356800000000003
2025-07-10 08:00:00,0.39309550000000004,8,3,7,0,0.39356800000000003,0.39309550000000004,0.39309550000000004
2025-07-10 09:00:00,0.397341,9,3,7,0,0.39309550000000004,0.397341,0.397341
2025-07-10 10:00:00,0.404376,10,3,7,0,0.397341,0.404376,0.404376
2025-07-10 11:00:00,0.44216200000000005,11,3,7,0,0.404376,0.44216200000000005,0.44216200000000005
2025-07-10 12:00:00,0.4595465,12,3,7,0,0.44216200000000005,0.4595465,0.4595465
2025-07-10 13:00:00,0.4438455,13,3,7,0,0.4595465,0.4438455,0.4438455
2025-07-10 14:00:00,0.42938699999999996,14,3,7,0,0.4438455,0.42938699999999996,0.42938699999999996
2025-07-10 15:00:00,0.431662,15,3,7,0,0.42938699999999996,0.431662,0.431662
2025-07-10 16:00:00,0.4614855,16,3,7,0,0.431662,0.4614855,0.4614855
2025-07-10 17:00:00,0.5238625,17,3,7,0,0.4614855,0.5238625,0.5238625
2025-07-10 18:00:00,0.5871040000000001,18,3,7,0,0.5238625,0.5871040000000001,0.5871040000000001
2025-07-10 19:00:00,0.607635,19,3,7,0,0.5871040000000001,0.607635,0.607635
2025-07-10 20:00:00,0.591136,20,3,7,0,0.607635,0.591136,0.591136
2025-07-10 21:00:00,0.5648055000000001,21,3,7,0,0.591136,0.5648055000000001,0.5648055000000001
2025-07-10 22:00:00,0.527058,22,3,7,0,0.5648055000000001,0.527058,0.527058
2025-07-10 23:00:00,0.42425250000000003,23,3,7,0,0.527058,0.42425250000000003,0.42425250000000003
2025-07-11 00:00:00,0.33946849999999995,0,4,7,0,0.42425250000000003,0.33946849999999995,0.33946849999999995
2025-07-11 01:00:00,0.2944095,1,4,7,0,0.33946849999999995,0.2944095,0.2944095
2025-07-11 02:00:00,0.27443850000000003,2,4,7,0,0.2944095,0.27443850000000003,0.27443850000000003
2025-07-11 03:00:00,0.269437,3,4,7,0,0.27443850000000003,0.269437,0.269437
2025-07-11 04:00:00,0.2786945,4,4,7,0,0.269437,0.2786945,0.2786945
2025-07-11 05:00:00,0.305102,5,4,7,0,0.2786945,0.305102,0.305102
2025-07-11 06:00:00,0.3602865,6,4,7,0,0.305102,0.3602865,0.3602865
2025-07-11 07:00:00,0.39356800000000003,7,4,7,0,0.3602865,0.39356800000000003,0.39356800000000003
2025-07-11 08:00:00,0.39309550000000004,8,4,7,0,0.39356800000000003,0.39309550000000004,0.39309550000000004
2025-07-11 09:00:00,0.397341,9,4,7,0,0.39309550000000004,0.397341,0.397341
2025-07-11 10:00:00,0.404376,10,4,7,0,0.397341,0.404376,0.404376
2025-07-11 11:00:00,0.44216200000000005,11,4,7,0,0.404376,0.44216200000000005,0.44216200000000005
2025-07-11 12:00:00,0.4595465,12,4,7,0,0.44216200000000005,0.4595465,0.4595465
2025-07-11 13:00:00,0.4438455,13,4,7,0,0.4595465,0.4438455,0.4438455
2025-07-11 14:00:00,0.42938699999999996,14,4,7,0,0.4438455,0.42938699999999996,0.42938699999999996
2025-07-11 15:00:00,0.431662,15,4,7,0,0.42938699999999996,0.431662,0.431662
2025-07-11 16:00:00,0.4614855,16,4,7,0,0.431662,0.4614855,0.4614855
2025-07-11 17:00:00,0.5238625,17,4,7,0,0.4614855,0.5238625,0.5238625
2025-07-11 18:00:00,0.5871040000000001,18,4,7,0,0.5238625,0.5871040000000001,0.5871040000000001
2025-07-11 19:00:00,0.607635,19,4,7,0,0.5871040000000001,0.607635,0.607635
2025-07-11 20:00:00,0.591136,20,4,7,0,0.607635,0.591136,0.591136
2025-07-11 21:00:00,0.5648055000000001,21,4,7,0,0.591136,0.5648055000000001,0.5648055000000001
2025-07-11 22:00:00,0.527058,22,4,7,0,0.5648055000000001,0.527058,0.527058
2025-07-11 23:00:00,0.42425250000000003,23,4,7,0,0.527058,0.42425250000000003,0.42425250000000003
2025-07-12 00:00:00,0.3699955,0,5,7,1,0.42425250000000003,0.33946849999999995,0.3699955
2025-07-12 01:00:00,0.3181255,1,5,7,1,0.3699955,0.2944095,0.3181255
2025-07-12 02:00:00,0.291508,2,5,7,1,0.3181255,0.27443850000000003,0.291508
2025-07-12 03:00:00,0.28154,3,5,7,1,0.291508,0.269437,0.28154
2025-07-12 04:00:00,0.2804165,4,5,7,1,0.28154,0.2786945,0.2804165
2025-07-12 05:00:00,0.2856105,5,5,7,1,0.2804165,0.305102,0.2856105
2025-07-12 06:00:00,0.326452,6,5,7,1,0.2856105,0.3602865,0.326452
2025-07-12 07:00:00,0.404628,7,5,7,1,0.326452,0.39356800000000003,0.404628
2025-07-12 08:00:00,0.48381900000000005,8,5,7,1,0.404628,0.39309550000000004,0.48381900000000005
2025-07-12 09:00:00,0.5335610000000001,9,5,7,1,0.48381900000000005,0.397341,0.5335610000000001
2025-07-12 10:00:00,0.5632235,10,5,7,1,0.5335610000000001,0.404376,0.5632235
2025-07-12 11:00:00,0.606949,11,5,7,1,0.5632235,0.44216200000000005,0.606949
2025-07-12 12:00:00,0.605878,12,5,7,1,0.606949,0.4595465,0.605878
2025-07-12 13:00:00,0.5751935,13,5,7,1,0.605878,0.4438455,0.5751935
2025-07-12 14:00:00,0.5592195,14,5,7,1,0.5751935,0.42938699999999996,0.5592195
2025-07-12 15:00:00,0.5524365,15,5,7,1,0.5592195,0.431662,0.5524365
2025-07-12 16:00:00,0.552405,16,5,7,1,0.5524365,0.4614855,0.552405
2025-07-12 17:00:00,0.5784415,17,5,7,1,0.552405,0.5238625,0.5784415
2025-07-12 18:00:00,0.6059515,18,5,7,1,0.5784415,0.5871040000000001,0.6059515
2025-07-12 19:00:00,0.5966205,19,5,7,1,0.6059515,0.607635,0.5966205
2025-07-12 20:00:00,0.572082,20,5,7,1,0.5966205,0.591136,0.572082
2025-07-12 21:00:00,0.549927,21,5,7,1,0.572082,0.5648055000000001,0.549927
2025-07-12 22:00:00,0.525952,22,5,7,1,0.549927,0.527058,0.525952
2025-07-12 23:00:00,0.45283,23,5,7,1,0.525952,0.42425250000000003,0.45283
2025-07-13 00:00:00,0.3770025,0,6,7,1,0.45283,0.3699955,0.3770025
2025-07-13 01:00:00,0.32610550000000005,1,6,7,1,0.3770025,0.3181255,0.32610550000000005
2025-07-13 02:00:00,0.2966075,2,6,7,1,0.32610550000000005,0.291508,0.2966075
2025-07-13 03:00:00,0.2818025,3,6,7,1,0.2966075,0.28154,0.2818025
2025-07-13 04:00:00,0.27629000000000004,4,6,7,1,0.2818025,0.2804165,0.27629000000000004
2025-07-13 05:00:00,0.2786385,5,6,7,1,0.27629000000000004,0.2856105,0.2786385
2025-07-13 06:00:00,0.3080035,6,6,7,1,0.2786385,0.326452,0.3080035
2025-07-13 07:00:00,0.379064,7,6,7,1,0.3080035,0.404628,0.379064
2025-07-13 08:00:00,0.48026650000000004,8,6,7,1,0.379064,0.48381900000000005,0.48026650000000004
2025-07-13 09:00:00,0.564718,9,6,7,1,0.48026650000000004,0.5335610000000001,0.564718
2025-07-13 10:00:00,0.625296,10,6,7,1,0.564718,0.5632235,0.625296
2025-07-13 11:00:00,0.6937770000000001,11,6,7,1,0.625296,0.606949,0.6937770000000001
2025-07-13 12:00:00,0.673827,12,6,7,1,0.6937770000000001,0.605878,0.673827
2025-07-13 13:00:00,0.609014,13,6,7,1,0.673827,0.5751935,0.609014
2025-07-13 14:00:00,0.5675915,14,6,7,1,0.609014,0.5592195,0.5675915
2025-07-13 15:00:00,0.54705,15,6,7,1,0.5675915,0.5524365,0.54705
2025-07-13 16:00:00,0.5422025,16,6,7,1,0.54705,0.552405,0.5422025
2025-07-13 17:00:00,0.5842444999999999,17,6,7,1,0.5422025,0.5784415,0.5842444999999999
2025-07-13 18:00:00,0.6231645,18,6,7,1,0.5842444999999999,0.6059515,0.6231645
2025-07-13 19:00:00,0.623714,19,6,7,1,0.6231645,0.5966205,0.623714
2025-07-13 20:00:00,0.600691,20,6,7,1,0.623714,0.572082,0.600691
2025-07-13 21:00:00,0.5680535,21,6,7,1,0.600691,0.549927,0.5680535
2025-07-13 22:00:00,0.5203205,22,6,7,1,0.5680535,0.525952,0.5203205
2025-07-13 23:00:00,0.4168675,23,6,7,1,0.5203205,0.45283,0.4168675
2025-07-14 00:00:00,0.33946849999999995,0,0,7,0,0.4168675,0.3770025,0.33946849999999995
2025-07-14 01:00:00,0.2944095,1,0,7,0,0.33946849999999995,0.32610550000000005,0.2944095
2025-07-14 02:00:00,0.27443850000000003,2,0,7,0,0.2944095,0.2966075,0.27443850000000003
2025-07-14 03:00:00,0.269437,3,0,7,0,0.27443850000000003,0.2818025,0.269437
2025-07-14 04:00:00,0.2786945,4,0,7,0,0.269437,0.27629000000000004,0.2786945
2025-07-14 05:00:00,0.305102,5,0,7,0,0.2786945,0.2786385,0.305102
2025-07-14 06:00:00,0.3602865,6,0,7,0,0.305102,0.3080035,0.3602865
2025-07-14 07:00:00,0.39356800000000003,7,0,7,0,0.3602865,0.379064,0.39356800000000003
2025-07-14 08:00:00,0.39309550000000004,8,0,7,0,0.39356800000000003,0.48026650000000004,0.39309550000000004
2025-07-14 09:00:00,0.397341,9,0,7,0,0.39309550000000004,0.564718,0.397341
2025-07-14 10:00:00,0.404376,10,0,7,0,0.397341,0.625296,0.404376
2025-07-14 11:00:00,0.44216200000000005,11,0,7,0,0.404376,0.6937770000000001,0.44216200000000005
2025-07-14 12:00:00,0.4595465,12,0,7,0,0.44216200000000005,0.673827,0.4595465
2025-07-14 13:00:00,0.4438455,13,0,7,0,0.4595465,0.609014,0.4438455
2025-07-14 14:00:00,0.42938699999999996,14,0,7,0,0.4438455,0.5675915,0.42938699999999996
2025-07-14 15:00:00,0.431662,15,0,7,0,0.42938699999999996,0.54705,0.431662
2025-07-14 16:00:00,0.4614855,16,0,7,0,0.431662,0.5422025,0.4614855
2025-07-14 17:00:00,0.5238625,17,0,7,0,0.4614855,0.5842444999999999,0.5238625
2025-07-14 18:00:00,0.5871040000000001,18,0,7,0,0.5238625,0.6231645,0.5871040000000001
2025-07-14 19:00:00,0.607635,19,0,7,0,0.5871040000000001,0.623714,0.607635
2025-07-14 20:00:00,0.591136,20,0,7,0,0.607635,0.600691,0.591136
2025-07-14 21:00:00,0.5648055000000001,21,0,7,0,0.591136,0.5680535,0.5648055000000001
2025-07-14 22:00:00,0.527058,22,0,7,0,0.5648055000000001,0.5203205,0.527058
2025-07-14 23:00:00,0.42425250000000003,23,0,7,0,0.527058,0.4168675,0.42425250000000003
2025-07-15 00:00:00,0.33946849999999995,0,1,7,0,0.42425250000000003,0.33946849999999995,0.33946849999999995
2025-07-15 01:00:00,0.2944095,1,1,7,0,0.33946849999999995,0.2944095,0.2944095
2025-07-15 02:00:00,0.27443850000000003,2,1,7,0,0.2944095,0.27443850000000003,0.27443850000000003
2025-07-15 03:00:00,0.269437,3,1,7,0,0.27443850000000003,0.269437,0.269437
2025-07-15 04:00:00,0.2786945,4,1,7,0,0.269437,0.2786945,0.2786945
2025-07-15 05:00:00,0.305102,5,1,7,0,0.2786945,0.305102,0.305102
2025-07-15 06:00:00,0.3602865,6,1,7,0,0.305102,0.3602865,0.3602865
2025-07-15 07:00:00,0.39356800000000003,7,1,7,0,0.3602865,0.39356800000000003,0.39356800000000003
2025-07-15 08:00:00,0.39309550000000004,8,1,7,0,0.39356800000000003,0.39309550000000004,0.39309550000000004
2025-07-15 09:00:00,0.397341,9,1,7,0,0.39309550000000004,0.397341,0.397341
2025-07-15 10:00:00,0.404376,10,1,7,0,0.397341,0.404376,0.404376
2025-07-15 11:00:00,0.44216200000000005,11,1,7,0,0.404376,0.44216200000000005,0.44216200000000005
2025-07-15 12:00:00,0.4595465,12,1,7,0,0.44216200000000005,0.4595465,0.4595465
2025-07-15 13:00:00,0.4438455,13,1,7,0,0.4595465,0.4438455,0.4438455
2025-07-15 14:00:00,0.42938699999999996,14,1,7,0,0.4438455,0.42938699999999996,0.42938699999999996
2025-07-15 15:00:00,0.431662,15,1,7,0,0.42938699999999996,0.431662,0.431662
2025-07-15 16:00:00,0.4614855,16,1,7,0,0.431662,0.4614855,0.4614855
2025-07-15 17:00:00,0.5238625,17,1,7,0,0.4614855,0.5238625,0.5238625
2025-07-15 18:00:00,0.5871040000000001,18,1,7,0,0.5238625,0.5871040000000001,0.5871040000000001
2025-07-15 19:00:00,0.607635,19,1,7,0,0.5871040000000001,0.607635,0.607635
2025-07-15 20:00:00,0.591136,20,1,7,0,0.607635,0.591136,0.591136
2025-07-15 21:00:00,0.5648055000000001,21,1,7,0,0.591136,0.5648055000000001,0.5648055000000001
2025-07-15 22:00:00,0.527058,22,1,7,0,0.5648055000000001,0.527058,0.527058
2025-07-15 23:00:00,0.42425250000000003,23,1,7,0,0.527058,0.42425250000000003,0.42425250000000003
2025-07-16 00:00:00,0.33946849999999995,0,2,7,0,0.42425250000000003,0.33946849999999995,0.33946849999999995
2025-07-16 01:00:00,0.2944095,1,2,7,0,0.33946849999999995,0.2944095,0.2944095
2025-07-16 02:00:00,0.27443850000000003,2,2,7,0,0.2944095,0.27443850000000003,0.27443850000000003
2025-07-16 03:00:00,0.269437,3,2,7,0,0.27443850000000003,0.269437,0.269437
2025-07-16 04:00:00,0.2786945,4,2,7,0,0.269437,0.2786945,0.2786945
2025-07-16 05:00:00,0.305102,5,2,7,0,0.2786945,0.305102,0.305102
2025-07-16 06:00:00,0.3602865,6,2,7,0,0.305102,0.3602865,0.3602865
2025-07-16 07:00:00,0.39356800000000003,7,2,7,0,0.3602865,0.39356800000000003,0.39356800000000003
2025-07-16 08:00:00,0.39309550000000004,8,2,7,0,0.39356800000000003,0.39309550000000004,0.39309550000000004
2025-07-16 09:00:00,0.397341,9,2,7,0,0.39309550000000004,0.397341,0.397341
2025-07-16 10:00:00,0.404376,10,2,7,0,0.397341,0.404376,0.404376
2025-07-16 11:00:00,0.44216200000000005,11,2,7,0,0.404376,0.44216200000000005,0.44216200000000005
2025-07-16 12:00:00,0.4595465,12,2,7,0,0.44216200000000005,0.4595465,0.4595465
2025-07-16 13:00:00,0.4438455,13,2,7,0,0.4595465,0.4438455,0.4438455
2025-07-16 14:00:00,0.42938699999999996,14,2,7,0,0.4438455,0.42938699999999996,0.42938699999999996
2025-07-16 15:00:00,0.431662,15,2,7,0,0.42938699999999996,0.431662,0.431662
2025-07-16 16:00:00,0.4614855,16,2,7,0,0.431662,0.4614855,0.4614855
2025-07-16 17:00:00,0.5238625,17,2,7,0,0.4614855,0.5238625,0.5238625
2025-07-16 18:00:00,0.5871040000000001,18,2,7,0,0.5238625,0.5871040000000001,0.5871040000000001
2025-07-16 19:00:00,0.607635,19,2,7,0,0.5871040000000001,0.607635,0.607635
2025-07-16 20:00:00,0.591136,20,2,7,0,0.607635,0.591136,0.591136
2025-07-16 21:00:00,0.5648055000000001,21,2,7,0,0.591136,0.5648055000000001,0.5648055000000001
2025-07-16 22:00:00,0.527058,22,2,7,0,0.5648055000000001,0.527058,0.527058
2025-07-16 23:00:00,0.42425250000000003,23,2,7,0,0.527058,0.42425250000000003,0.42425250000000003
2025-07-17 00:00:00,0.33946849999999995,0,3,7,0,0.42425250000000003,0.33946849999999995,0.33946849999999995
2025-07-17 01:00:00,0.2944095,1,3,7,0,0.33946849999999995,0.2944095,0.2944095
2025-07-17 02:00:00,0.27443850000000003,2,3,7,0,0.2944095,0.27443850000000003,0.27443850000000003
2025-07-17 03:00:00,0.269437,3,3,7,0,0.27443850000000003,0.269437,0.269437
2025-07-17 04:00:00,0.2786945,4,3,7,0,0.269437,0.2786945,0.2786945
2025-07-17 05:00:00,0.305102,5,3,7,0,0.2786945,0.305102,0.305102
2025-07-17 06:00:00,0.3602865,6,3,7,0,0.305102,0.3602865,0.3602865
2025-07-17 07:00:00,0.39356800000000003,7,3,7,0,0.3602865,0.39356800000000003,0.39356800000000003
2025-07-17 08:00:00,0.39309550000000004,8,3,7,0,0.39356800000000003,0.39309550000000004,0.39309550000000004
2025-07-17 09:00:00,0.397341,9,3,7,0,0.39309550000000004,0.397341,0.397341
2025-07-17 10:00:00,0.404376,10,3,7,0,0.397341,0.404376,0.404376
2025-07-17 11:00:00,0.44216200000000005,11,3,7,0,0.404376,0.44216200000000005,0.44216200000000005
2025-07-17 12:00:00,0.4595465,12,3,7,0,0.44216200000000005,0.4595465,0.4595465
2025-07-17 13:00:00,0.4438455,13,3,7,0,0.4595465,0.4438455,0.4438455
2025-07-17 14:00:00,0.42938699999999996,14,3,7,0,0.4438455,0.42938699999999996,0.42938699999999996
2025-07-17 15:00:00,0.431662,15,3,7,0,0.42938699999999996,0.431662,0.431662
2025-07-17 16:00:00,0.4614855,16,3,7,0,0.431662,0.4614855,0.4614855
2025-07-17 17:00:00,0.5238625,17,3,7,0,0.4614855,0.5238625,0.5238625
2025-07-17 18:00:00,0.5871040000000001,18,3,7,0,0.5238625,0.5871040000000001,0.5871040000000001
2025-07-17 19:00:00,0.607635,19,3,7,0,0.5871040000000001,0.607635,0.607635
2025-07-17 20:00:00,0.591136,20,3,7,0,0.607635,0.591136,0.591136
2025-07-17 21:00:00,0.5648055000000001,21,3,7,0,0.591136,0.5648055000000001,0.5648055000000001
2025-07-17 22:00:00,0.527058,22,3,7,0,0.5648055000000001,0.527058,0.527058
2025-07-17 23:00:00,0.42425250000000003,23,3,7,0,0.527058,0.42425250000000003,0.42425250000000003
2025-07-18 00:00:00,0.33946849999999995,0,4,7,0,0.42425250000000003,0.33946849999999995,0.33946849999999995
2025-07-18 01:00:00,0.2944095,1,4,7,0,0.33946849999999995,0.2944095,0.2944095
2025-07-18 02:00:00,0.27443850000000003,2,4,7,0,0.2944095,0.27443850000000003,0.27443850000000003
2025-07-18 03:00:00,0.269437,3,4,7,0,0.27443850000000003,0.269437,0.269437
2025-07-18 04:00:00,0.2786945,4,4,7,0,0.269437,0.2786945,0.2786945
2025-07-18 05:00:00,0.305102,5,4,7,0,0.2786945,0.305102,0.305102
2025-07-18 06:00:00,0.3602865,6,4,7,0,0.305102,0.3602865,0.3602865
2025-07-18 07:00:00,0.39356800000000003,7,4,7,0,0.3602865,0.39356800000000003,0.39356800000000003
2025-07-18 08:00:00,0.39309550000000004,8,4,7,0,0.39356800000000003,0.39309550000000004,0.39309550000000004
2025-07-18 09:00:00,0.397341,9,4,7,0,0.39309550000000004,0.397341,0.397341
2025-07-18 10:00:00,0.404376,10,4,7,0,0.397341,0.404376,0.404376
2025-07-18 11:00:00,0.44216200000000005,11,4,7,0,0.404376,0.44216200000000005,0.44216200000000005
2025-07-18 12:00:00,0.4595465,12,4,7,0,0.44216200000000005,0.4595465,0.4595465
2025-07-18 13:00:00,0.4438455,13,4,7,0,0.4595465,0.4438455,0.4438455
2025-07-18 14:00:00,0.42938699999999996,14,4,7,0,0.4438455,0.42938699999999996,0.42938699999999996
2025-07-18 15:00:00,0.431662,15,4,7,0,0.42938699999999996,0.431662,0.431662
2025-07-18 16:00:00,0.4614855,16,4,7,0,0.431662,0.4614855,0.4614855
2025-07-18 17:00:00,0.5238625,17,4,7,0,0.4614855,0.5238625,0.5238625
2025-07-18 18:00:00,0.5871040000000001,18,4,7,0,0.5238625,0.5871040000000001,0.5871040000000001
2025-07-18 19:00:00,0.607635,19,4,7,0,0.5871040000000001,0.607635,0.607635
2025-07-18 20:00:00,0.591136,20,4,7,0,0.607635,0.591136,0.591136
2025-07-18 21:00:00,0.5648055000000001,21,4,7,0,0.591136,0.5648055000000001,0.5648055000000001
2025-07-18 22:00:00,0.527058,22,4,7,0,0.5648055000000001,0.527058,0.527058
2025-07-18 23:00:00,0.42425250000000003,23,4,7,0,0.527058,0.42425250000000003,0.42425250000000003
2025-07-19 00:00:00,0.3699955,0,5,7,1,0.42425250000000003,0.33946849999999995,0.3699955
2025-07-19 01:00:00,0.3181255,1,5,7,1,0.3699955,0.2944095,0.3181255
2025-07-19 02:00:00,0.291508,2,5,7,1,0.3181255,0.27443850000000003,0.291508
2025-07-19 03:00:00,0.28154,3,5,7,1,0.291508,0.269437,0.28154
2025-07-19 04:00:00,0.2804165,4,5,7,1,0.28154,0.2786945,0.2804165
2025-07-19 05:00:00,0.2856105,5,5,7,1,0.2804165,0.305102,0.2856105
2025-07-19 06:00:00,0.326452,6,5,7,1,0.2856105,0.3602865,0.326452
2025-07-19 07:00:00,0.404628,7,5,7,1,0.326452,0.39356800000000003,0.404628
2025-07-19 08:00:00,0.48381900000000005,8,5,7,1,0.404628,0.39309550000000004,0.48381900000000005
2025-07-19 09:00:00,0.5335610000000001,9,5,7,1,0.48381900000000005,0.397341,0.5335610000000001
2025-07-19 10:00:00,0.5632235,10,5,7,1,0.5335610000000001,0.404376,0.5632235
2025-07-19 11:00:00,0.606949,11,5,7,1,0.5632235,0.44216200000000005,0.606949
2025-07-19 12:00:00,0.605878,12,5,7,1,0.606949,0.4595465,0.605878
2025-07-19 13:00:00,0.5751935,13,5,7,1,0.605878,0.4438455,0.5751935
2025-07-19 14:00:00,0.5592195,14,5,7,1,0.5751935,0.42938699999999996,0.5592195
2025-07-19 15:00:00,0.5524365,15,5,7,1,0.5592195,0.431662,0.5524365
2025-07-19 16:00:00,0.552405,16,5,7,1,0.5524365,0.4614855,0.552405
2025-07-19 17:00:00,0.5784415,17,5,7,1,0.552405,0.5238625,0.5784415
2025-07-19 18:00:00,0.6059515,18,5,7,1,0.5784415,0.5871040000000001,0.6059515
2025-07-19 19:00:00,0.5966205,19,5,7,1,0.6059515,0.607635,0.5966205
2025-07-19 20:00:00,0.572082,20,5,7,1,0.5966205,0.591136,0.572082
2025-07-19 21:00:00,0.549927,21,5,7,1,0.572082,0.5648055000000001,0.549927
2025-07-19 22:00:00,0.525952,22,5,7,1,0.549927,0.527058,0.525952
2025-07-19 23:00:00,0.45283,23,5,7,1,0.525952,0.42425250000000003,0.45283
2025-07-20 00:00:00,0.3770025,0,6,7,1,0.45283,0.3699955,0.3770025
2025-07-20 01:00:00,0.32610550000000005,1,6,7,1,0.3770025,0.3181255,0.32610550000000005
2025-07-20 02:00:00,0.2966075,2,6,7,1,0.32610550000000005,0.291508,0.2966075
2025-07-20 03:00:00,0.2818025,3,6,7,1,0.2966075,0.28154,0.2818025
2025-07-20 04:00:00,0.27629000000000004,4,6,7,1,0.2818025,0.2804165,0.27629000000000004
2025-07-20 05:00:00,0.2786385,5,6,7,1,0.27629000000000004,0.2856105,0.2786385
2025-07-20 06:00:00,0.3080035,6,6,7,1,0.2786385,0.326452,0.3080035
2025-07-20 07:00:00,0.379064,7,6,7,1,0.3080035,0.404628,0.379064
2025-07-20 08:00:00,0.48026650000000004,8,6,7,1,0.379064,0.48381900000000005,0.48026650000000004
2025-07-20 09:00:00,0.564718,9,6,7,1,0.48026650000000004,0.5335610000000001,0.564718
2025-07-20 10:00:00,0.625296,10,6,7,1,0.564718,0.5632235,0.625296
2025-07-20 11:00:00,0.6937770000000001,11,6,7,1,0.625296,0.606949,0.6937770000000001
2025-07-20 12:00:00,0.673827,12,6,7,1,0.6937770000000001,0.605878,0.673827
2025-07-20 13:00:00,0.609014,13,6,7,1,0.673827,0.5751935,0.609014
2025-07-20 14:00:00,0.5675915,14,6,7,1,0.609014,0.5592195,0.5675915
2025-07-20 15:00:00,0.54705,15,6,7,1,0.5675915,0.5524365,0.54705
2025-07-20 16:00:00,0.5422025,16,6,7,1,0.54705,0.552405,0.5422025
2025-07-20 17:00:00,0.5842444999999999,17,6,7,1,0.5422025,0.5784415,0.5842444999999999
2025-07-20 18:00:00,0.6231645,18,6,7,1,0.5842444999999999,0.6059515,0.6231645
2025-07-20 19:00:00,0.623714,19,6,7,1,0.6231645,0.5966205,0.623714
2025-07-20 20:00:00,0.600691,20,6,7,1,0.623714,0.572082,0.600691
2025-07-20 21:00:00,0.5680535,21,6,7,1,0.600691,0.549927,0.5680535
2025-07-20 22:00:00,0.5203205,22,6,7,1,0.5680535,0.525952,0.5203205
2025-07-20 23:00:00,0.4168675,23,6,7,1,0.5203205,0.45283,0.4168675
2025-07-21 00:00:00,0.33946849999999995,0,0,7,0,0.4168675,0.3770025,0.33946849999999995
2025-07-21 01:00:00,0.2944095,1,0,7,0,0.33946849999999995,0.32610550000000005,0.2944095
2025-07-21 02:00:00,0.27443850000000003,2,0,7,0,0.2944095,0.2966075,0.27443850000000003
2025-07-21 03:00:00,0.269437,3,0,7,0,0.27443850000000003,0.2818025,0.269437
2025-07-21 04:00:00,0.2786945,4,0,7,0,0.269437,0.27629000000000004,0.2786945
2025-07-21 05:00:00,0.305102,5,0,7,0,0.2786945,0.2786385,0.305102
2025-07-21 06:00:00,0.3602865,6,0,7,0,0.305102,0.3080035,0.3602865
2025-07-21 07:00:00,0.39356800000000003,7,0,7,0,0.3602865,0.379064,0.39356800000000003
2025-07-21 08:00:00,0.39309550000000004,8,0,7,0,0.39356800000000003,0.48026650000000004,0.39309550000000004
2025-07-21 09:00:00,0.397341,9,0,7,0,0.39309550000000004,0.564718,0.397341
2025-07-21 10:00:00,0.404376,10,0,7,0,0.397341,0.625296,0.404376
2025-07-21 11:00:00,0.44216200000000005,11,0,7,0,0.404376,0.6937770000000001,0.44216200000000005
2025-07-21 12:00:00,0.4595465,12,0,7,0,0.44216200000000005,0.673827,0.4595465
2025-07-21 13:00:00,0.4438455,13,0,7,0,0.4595465,0.609014,0.4438455
2025-07-21 14:00:00,0.42938699999999996,14,0,7,0,0.4438455,0.5675915,0.42938699999999996
2025-07-21 15:00:00,0.431662,15,0,7,0,0.42938699999999996,0.54705,0.431662
2025-07-21 16:00:00,0.4614855,16,0,7,0,0.431662,0.5422025,0.4614855
2025-07-21 17:00:00,0.5238625,17,0,7,0,0.4614855,0.5842444999999999,0.5238625
2025-07-21 18:00:00,0.5871040000000001,18,0,7,0,0.5238625,0.6231645,0.5871040000000001
2025-07-21 19:00:00,0.607635,19,0,7,0,0.5871040000000001,0.623714,0.607635
2025-07-21 20:00:00,0.591136,20,0,7,0,0.607635,0.600691,0.591136
2025-07-21 21:00:00,0.5648055000000001,21,0,7,0,0.591136,0.5680535,0.5648055000000001
2025-07-21 22:00:00,0.527058,22,0,7,0,0.5648055000000001,0.5203205,0.527058
2025-07-21 23:00:00,0.42425250000000003,23,0,7,0,0.527058,0.4168675,0.42425250000000003
2025-07-22 00:00:00,0.33946849999999995,0,1,7,0,0.42425250000000003,0.33946849999999995,0.33946849999999995
2025-07-22 01:00:00,0.2944095,1,1,7,0,0.33946849999999995,0.2944095,0.2944095
2025-07-22 02:00:00,0.27443850000000003,2,1,7,0,0.2944095,0.27443850000000003,0.27443850000000003
2025-07-22 03:00:00,0.269437,3,1,7,0,0.27443850000000003,0.269437,0.269437
2025-07-22 04:00:00,0.2786945,4,1,7,0,0.269437,0.2786945,0.2786945
2025-07-22 05:00:00,0.305102,5,1,7,0,0.2786945,0.305102,0.305102
2025-07-22 06:00:00,0.3602865,6,1,7,0,0.305102,0.3602865,0.3602865
2025-07-22 07:00:00,0.39356800000000003,7,1,7,0,0.3602865,0.39356800000000003,0.39356800000000003
2025-07-22 08:00:00,0.39309550000000004,8,1,7,0,0.39356800000000003,0.39309550000000004,0.39309550000000004
2025-07-22 09:00:00,0.397341,9,1,7,0,0.39309550000000004,0.397341,0.397341
2025-07-22 10:00:00,0.404376,10,1,7,0,0.397341,0.404376,0.404376
2025-07-22 11:00:00,0.44216200000000005,11,1,7,0,0.404376,0.44216200000000005,0.44216200000000005
2025-07-22 12:00:00,0.4595465,12,1,7,0,0.44216200000000005,0.4595465,0.4595465
2025-07-22 13:00:00,0.4438455,13,1,7,0,0.4595465,0.4438455,0.4438455
2025-07-22 14:00:00,0.42938699999999996,14,1,7,0,0.4438455,0.42938699999999996,0.42938699999999996
2025-07-22 15:00:00,0.431662,15,1,7,0,0.42938699999999996,0.431662,0.431662
2025-07-22 16:00:00,0.4614855,16,1,7,0,0.431662,0.4614855,0.4614855
2025-07-22 17:00:00,0.5238625,17,1,7,0,0.4614855,0.5238625,0.5238625
2025-07-22 18:00:00,0.5871040000000001,18,1,7,0,0.5238625,0.5871040000000001,0.5871040000000001
2025-07-22 19:00:00,0.607635,19,1,7,0,0.5871040000000001,0.607635,0.607635
2025-07-22 20:00:00,0.591136,20,1,7,0,0.607635,0.591136,0.591136
2025-07-22 21:00:00,0.5648055000000001,21,1,7,0,0.591136,0.5648055000000001,0.5648055000000001
2025-07-22 22:00:00,0.527058,22,1,7,0,0.5648055000000001,0.527058,0.527058
2025-07-22 23:00:00,0.42425250000000003,23,1,7,0,0.527058,0.42425250000000003,0.42425250000000003
2025-07-23 00:00:00,0.33946849999999995,0,2,7,0,0.42425250000000003,0.33946849999999995,0.33946849999999995
2025-07-23 01:00:00,0.2944095,1,2,7,0,0.33946849999999995,0.2944095,0.2944095
2025-07-23 02:00:00,0.27443850000000003,2,2,7,0,0.2944095,0.27443850000000003,0.27443850000000003
2025-07-23 03:00:00,0.269437,3,2,7,0,0.27443850000000003,0.269437,0.269437
2025-07-23 04:00:00,0.2786945,4,2,7,0,0.269437,0.2786945,0.2786945
2025-07-23 05:00:00,0.305102,5,2,7,0,0.2786945,0.305102,0.305102
2025-07-23 06:00:00,0.3602865,6,2,7,0,0.305102,0.3602865,0.3602865
2025-07-23 07:00:00,0.39356800000000003,7,2,7,0,0.3602865,0.39356800000000003,0.39356800000000003
2025-07-23 08:00:00,0.39309550000000004,8,2,7,0,0.39356800000000003,0.39309550000000004,0.39309550000000004
2025-07-23 09:00:00,0.397341,9,2,7,0,0.39309550000000004,0.397341,0.397341
2025-07-23 10:00:00,0.404376,10,2,7,0,0.397341,0.404376,0.404376
2025-07-23 11:00:00,0.44216200000000005,11,2,7,0,0.404376,0.44216200000000005,0.44216200000000005
2025-07-23 12:00:00,0.4595465,12,2,7,0,0.44216200000000005,0.4595465,0.4595465
2025-07-23 13:00:00,0.4438455,13,2,7,0,0.4595465,0.4438455,0.4438455
2025-07-23 14:00:00,0.42938699999999996,14,2,7,0,0.4438455,0.42938699999999996,0.42938699999999996
2025-07-23 15:00:00,0.431662,15,2,7,0,0.42938699999999996,0.431662,0.431662
2025-07-23 16:00:00,0.4614855,16,2,7,0,0.431662,0.4614855,0.4614855
2025-07-23 17:00:00,0.5238625,17,2,7,0,0.4614855,0.5238625,0.5238625
2025-07-23 18:00:00,0.5871040000000001,18,2,7,0,0.5238625,0.5871040000000001,0.5871040000000001
2025-07-23 19:00:00,0.607635,19,2,7,0,0.5871040000000001,0.607635,0.607635
2025-07-23 20:00:00,0.591136,20,2,7,0,0.607635,0.591136,0.591136
2025-07-23 21:00:00,0.5648055000000001,21,2,7,0,0.591136,0.5648055000000001,0.5648055000000001
2025-07-23 22:00:00,0.527058,22,2,7,0,0.5648055000000001,0.527058,0.527058
2025-07-23 23:00:00,0.42425250000000003,23,2,7,0,0.527058,0.42425250000000003,0.42425250000000003
2025-07-24 00:00:00,0.33946849999999995,0,3,7,0,0.42425250000000003,0.33946849999999995,0.33946849999999995
2025-07-24 01:00:00,0.2944095,1,3,7,0,0.33946849999999995,0.2944095,0.2944095
2025-07-24 02:00:00,0.27443850000000003,2,3,7,0,0.2944095,0.27443850000000003,0.27443850000000003
2025-07-24 03:00:00,0.269437,3,3,7,0,0.27443850000000003,0.269437,0.269437
2025-07-24 04:00:00,0.2786945,4,3,7,0,0.269437,0.2786945,0.2786945
2025-07-24 05:00:00,0.305102,5,3,7,0,0.2786945,0.305102,0.305102
2025-07-24 06:00:00,0.3602865,6,3,7,0,0.305102,0.3602865,0.3602865
2025-07-24 07:00:00,0.39356800000000003,7,3,7,0,0.3602865,0.39356800000000003,0.39356800000000003
2025-07-24 08:00:00,0.39309550000000004,8,3,7,0,0.39356800000000003,0.39309550000000004,0.39309550000000004
2025-07-24 09:00:00,0.397341,9,3,7,0,0.39309550000000004,0.397341,0.397341
2025-07-24 10:00:00,0.404376,10,3,7,0,0.397341,0.404376,0.404376
2025-07-24 11:00:00,0.44216200000000005,11,3,7,0,0.404376,0.44216200000000005,0.44216200000000005
2025-07-24 12:00:00,0.4595465,12,3,7,0,0.44216200000000005,0.4595465,0.4595465
2025-07-24 13:00:00,0.4438455,13,3,7,0,0.4595465,0.4438455,0.4438455
2025-07-24 14:00:00,0.42938699999999996,14,3,7,0,0.4438455,0.42938699999999996,0.42938699999999996
2025-07-24 15:00:00,0.431662,15,3,7,0,0.42938699999999996,0.431662,0.431662
2025-07-24 16:00:00,0.4614855,16,3,7,0,0.431662,0.4614855,0.4614855
2025-07-24 17:00:00,0.5238625,17,3,7,0,0.4614855,0.5238625,0.5238625
2025-07-24 18:00:00,0.5871040000000001,18,3,7,0,0.5238625,0.5871040000000001,0.5871040000000001
2025-07-24 19:00:00,0.607635,19,3,7,0,0.5871040000000001,0.607635,0.607635
2025-07-24 20:00:00,0.591136,20,3,7,0,0.607635,0.591136,0.591136
2025-07-24 21:00:00,0.5648055000000001,21,3,7,0,0.591136,0.5648055000000001,0.5648055000000001
2025-07-24 22:00:00,0.527058,22,3,7,0,0.5648055000000001,0.527058,0.527058
2025-07-24 23:00:00,0.42425250000000003,23,3,7,0,0.527058,0.42425250000000003,0.42425250000000003
2025-07-25 00:00:00,0.33946849999999995,0,4,7,0,0.42425250000000003,0.33946849999999995,0.33946849999999995
2025-07-25 01:00:00,0.2944095,1,4,7,0,0.33946849999999995,0.2944095,0.2944095
2025-07-25 02:00:00,0.27443850000000003,2,4,7,0,0.2944095,0.27443850000000003,0.27443850000000003
2025-07-25 03:00:00,0.269437,3,4,7,0,0.27443850000000003,0.269437,0.269437
2025-07-25 04:00:00,0.2786945,4,4,7,0,0.269437,0.2786945,0.2786945
2025-07-25 05:00:00,0.305102,5,4,7,0,0.2786945,0.305102,0.305102
2025-07-25 06:00:00,0.3602865,6,4,7,0,0.305102,0.3602865,0.3602865
2025-07-25 07:00:00,0.39356800000000003,7,4,7,0,0.3602865,0.39356800000000003,0.39356800000000003
2025-07-25 08:00:00,0.39309550000000004,8,4,7,0,0.39356800000000003,0.39309550000000004,0.39309550000000004
2025-07-25 09:00:00,0.397341,9,4,7,0,0.39309550000000004,0.397341,0.397341
2025-07-25 10:00:00,0.404376,10,4,7,0,0.397341,0.404376,0.404376
2025-07-25 11:00:00,0.44216200000000005,11,4,7,0,0.404376,0.44216200000000005,0.44216200000000005
2025-07-25 12:00:00,0.4595465,12,4,7,0,0.44216200000000005,0.4595465,0.4595465
2025-07-25 13:00:00,0.4438455,13,4,7,0,0.4595465,0.4438455,0.4438455
2025-07-25 14:00:00,0.42938699999999996,14,4,7,0,0.4438455,0.42938699999999996,0.42938699999999996
2025-07-25 15:00:00,0.431662,15,4,7,0,0.42938699999999996,0.431662,0.431662
2025-07-25 16:00:00,0.4614855,16,4,7,0,0.431662,0.4614855,0.4614855
2025-07-25 17:00:00,0.5238625,17,4,7,0,0.4614855,0.5238625,0.5238625
2025-07-25 18:00:00,0.5871040000000001,18,4,7,0,0.5238625,0.5871040000000001,0.5871040000000001
2025-07-25 19:00:00,0.607635,19,4,7,0,0.5871040000000001,0.607635,0.607635
2025-07-25 20:00:00,0.591136,20,4,7,0,0.607635,0.591136,0.591136
2025-07-25 21:00:00,0.5648055000000001,21,4,7,0,0.591136,0.5648055000000001,0.5648055000000001
2025-07-25 22:00:00,0.527058,22,4,7,0,0.5648055000000001,0.527058,0.527058
2025-07-25 23:00:00,0.42425250000000003,23,4,7,0,0.527058,0.42425250000000003,0.42425250000000003
2025-07-26 00:00:00,0.3699955,0,5,7,1,0.42425250000000003,0.33946849999999995,0.3699955
2025-07-26 01:00:00,0.3181255,1,5,7,1,0.3699955,0.2944095,0.3181255
2025-07-26 02:00:00,0.291508,2,5,7,1,0.3181255,0.27443850000000003,0.291508
2025-07-26 03:00:00,0.28154,3,5,7,1,0.291508,0.269437,0.28154
2025-07-26 04:00:00,0.2804165,4,5,7,1,0.28154,0.2786945,0.2804165
2025-07-26 05:00:00,0.2856105,5,5,7,1,0.2804165,0.305102,0.2856105
2025-07-26 06:00:00,0.326452,6,5,7,1,0.2856105,0.3602865,0.326452
2025-07-26 07:00:00,0.404628,7,5,7,1,0.326452,0.39356800000000003,0.404628
2025-07-26 08:00:00,0.48381900000000005,8,5,7,1,0.404628,0.39309550000000004,0.48381900000000005
2025-07-26 09:00:00,0.5335610000000001,9,5,7,1,0.48381900000000005,0.397341,0.5335610000000001
2025-07-26 10:00:00,0.5632235,10,5,7,1,0.5335610000000001,0.404376,0.5632235
2025-07-26 11:00:00,0.606949,11,5,7,1,0.5632235,0.44216200000000005,0.606949
2025-07-26 12:00:00,0.605878,12,5,7,1,0.606949,0.4595465,0.605878
2025-07-26 13:00:00,0.5751935,13,5,7,1,0.605878,0.4438455,0.5751935
2025-07-26 14:00:00,0.5592195,14,5,7,1,0.5751935,0.42938699999999996,0.5592195
2025-07-26 15:00:00,0.5524365,15,5,7,1,0.5592195,0.431662,0.5524365
2025-07-26 16:00:00,0.552405,16,5,7,1,0.5524365,0.4614855,0.552405
2025-07-26 17:00:00,0.5784415,17,5,7,1,0.552405,0.5238625,0.5784415
2025-07-26 18:00:00,0.6059515,18,5,7,1,0.5784415,0.5871040000000001,0.6059515
2025-07-26 19:00:00,0.5966205,19,5,7,1,0.6059515,0.607635,0.5966205
2025-07-26 20:00:00,0.572082,20,5,7,1,0.5966205,0.591136,0.572082
2025-07-26 21:00:00,0.549927,21,5,7,1,0.572082,0.5648055000000001,0.549927
2025-07-26 22:00:00,0.525952,22,5,7,1,0.549927,0.527058,0.525952
2025-07-26 23:00:00,0.45283,23,5,7,1,0.525952,0.42425250000000003,0.45283
2025-07-27 00:00:00,0.3770025,0,6,7,1,0.45283,0.3699955,0.3770025
2025-07-27 01:00:00,0.32610550000000005,1,6,7,1,0.3770025,0.3181255,0.32610550000000005
2025-07-27 02:00:00,0.2966075,2,6,7,1,0.32610550000000005,0.291508,0.2966075
2025-07-27 03:00:00,0.2818025,3,6,7,1,0.2966075,0.28154,0.2818025
2025-07-27 04:00:00,0.27629000000000004,4,6,7,1,0.2818025,0.2804165,0.27629000000000004
2025-07-27 05:00:00,0.2786385,5,6,7,1,0.27629000000000004,0.2856105,0.2786385
2025-07-27 06:00:00,0.3080035,6,6,7,1,0.2786385,0.326452,0.3080035
2025-07-27 07:00:00,0.379064,7,6,7,1,0.3080035,0.404628,0.379064
2025-07-27 08:00:00,0.48026650000000004,8,6,7,1,0.379064,0.48381900000000005,0.48026650000000004
2025-07-27 09:00:00,0.564718,9,6,7,1,0.48026650000000004,0.5335610000000001,0.564718
2025-07-27 10:00:00,0.625296,10,6,7,1,0.564718,0.5632235,0.625296
2025-07-27 11:00:00,0.6937770000000001,11,6,7,1,0.625296,0.606949,0.6937770000000001
2025-07-27 12:00:00,0.673827,12,6,7,1,0.6937770000000001,0.605878,0.673827
2025-07-27 13:00:00,0.609014,13,6,7,1,0.673827,0.5751935,0.609014
2025-07-27 14:00:00,0.5675915,14,6,7,1,0.609014,0.5592195,0.5675915
2025-07-27 15:00:00,0.54705,15,6,7,1,0.5675915,0.5524365,0.54705
2025-07-27 16:00:00,0.5422025,16,6,7,1,0.54705,0.552405,0.5422025
2025-07-27 17:00:00,0.5842444999999999,17,6,7,1,0.5422025,0.5784415,0.5842444999999999
2025-07-27 18:00:00,0.6231645,18,6,7,1,0.5842444999999999,0.6059515,0.6231645
2025-07-27 19:00:00,0.623714,19,6,7,1,0.6231645,0.5966205,0.623714
2025-07-27 20:00:00,0.600691,20,6,7,1,0.623714,0.572082,0.600691
2025-07-27 21:00:00,0.5680535,21,6,7,1,0.600691,0.549927,0.5680535
2025-07-27 22:00:00,0.5203205,22,6,7,1,0.5680535,0.525952,0.5203205
2025-07-27 23:00:00,0.4168675,23,6,7,1,0.5203205,0.45283,0.4168675
2025-07-28 00:00:00,0.33946849999999995,0,0,7,0,0.4168675,0.3770025,0.33946849999999995
2025-07-28 01:00:00,0.2944095,1,0,7,0,0.33946849999999995,0.32610550000000005,0.2944095
2025-07-28 02:00:00,0.27443850000000003,2,0,7,0,0.2944095,0.2966075,0.27443850000000003
2025-07-28 03:00:00,0.269437,3,0,7,0,0.27443850000000003,0.2818025,0.269437
2025-07-28 04:00:00,0.2786945,4,0,7,0,0.269437,0.27629000000000004,0.2786945
2025-07-28 05:00:00,0.305102,5,0,7,0,0.2786945,0.2786385,0.305102
2025-07-28 06:00:00,0.3602865,6,0,7,0,0.305102,0.3080035,0.3602865
2025-07-28 07:00:00,0.39356800000000003,7,0,7,0,0.3602865,0.379064,0.39356800000000003
2025-07-28 08:00:00,0.39309550000000004,8,0,7,0,0.39356800000000003,0.48026650000000004,0.39309550000000004
2025-07-28 09:00:00,0.397341,9,0,7,0,0.39309550000000004,0.564718,0.397341
2025-07-28 10:00:00,0.404376,10,0,7,0,0.397341,0.625296,0.404376
2025-07-28 11:00:00,0.44216200000000005,11,0,7,0,0.404376,0.6937770000000001,0.44216200000000005
2025-07-28 12:00:00,0.4595465,12,0,7,0,0.44216200000000005,0.673827,0.4595465
2025-07-28 13:00:00,0.4438455,13,0,7,0,0.4595465,0.609014,0.4438455
2025-07-28 14:00:00,0.42938699999999996,14,0,7,0,0.4438455,0.5675915,0.42938699999999996
2025-07-28 15:00:00,0.431662,15,0,7,0,0.42938699999999996,0.54705,0.431662
2025-07-28 16:00:00,0.4614855,16,0,7,0,0.431662,0.5422025,0.4614855
2025-07-28 17:00:00,0.5238625,17,0,7,0,0.4614855,0.5842444999999999,0.5238625
2025-07-28 18:00:00,0.5871040000000001,18,0,7,0,0.5238625,0.6231645,0.5871040000000001
2025-07-28 19:00:00,0.607635,19,0,7,0,0.5871040000000001,0.623714,0.607635
2025-07-28 20:00:00,0.591136,20,0,7,0,0.607635,0.600691,0.591136
2025-07-28 21:00:00,0.5648055000000001,21,0,7,0,0.591136,0.5680535,0.5648055000000001
2025-07-28 22:00:00,0.527058,22,0,7,0,0.5648055000000001,0.5203205,0.527058
2025-07-28 23:00:00,0.42425250000000003,23,0,7,0,0.527058,0.4168675,0.42425250000000003
2025-07-29 00:00:00,0.33946849999999995,0,1,7,0,0.42425250000000003,0.33946849999999995,0.33946849999999995
2025-07-29 01:00:00,0.2944095,1,1,7,0,0.33946849999999995,0.2944095,0.2944095
2025-07-29 02:00:00,0.27443850000000003,2,1,7,0,0.2944095,0.27443850000000003,0.27443850000000003
2025-07-29 03:00:00,0.269437,3,1,7,0,0.27443850000000003,0.269437,0.269437
2025-07-29 04:00:00,0.2786945,4,1,7,0,0.269437,0.2786945,0.2786945
2025-07-29 05:00:00,0.305102,5,1,7,0,0.2786945,0.305102,0.305102
2025-07-29 06:00:00,0.3602865,6,1,7,0,0.305102,0.3602865,0.3602865
2025-07-29 07:00:00,0.39356800000000003,7,1,7,0,0.3602865,0.39356800000000003,0.39356800000000003
2025-07-29 08:00:00,0.39309550000000004,8,1,7,0,0.39356800000000003,0.39309550000000004,0.39309550000000004
2025-07-29 09:00:00,0.397341,9,1,7,0,0.39309550000000004,0.397341,0.397341
2025-07-29 10:00:00,0.404376,10,1,7,0,0.397341,0.404376,0.404376
2025-07-29 11:00:00,0.44216200000000005,11,1,7,0,0.404376,0.44216200000000005,0.44216200000000005
2025-07-29 12:00:00,0.4595465,12,1,7,0,0.44216200000000005,0.4595465,0.4595465
2025-07-29 13:00:00,0.4438455,13,1,7,0,0.4595465,0.4438455,0.4438455
2025-07-29 14:00:00,0.42938699999999996,14,1,7,0,0.4438455,0.42938699999999996,0.42938699999999996
2025-07-29 15:00:00,0.431662,15,1,7,0,0.42938699999999996,0.431662,0.431662
2025-07-29 16:00:00,0.4614855,16,1,7,0,0.431662,0.4614855,0.4614855
2025-07-29 17:00:00,0.5238625,17,1,7,0,0.4614855,0.5238625,0.5238625
2025-07-29 18:00:00,0.5871040000000001,18,1,7,0,0.5238625,0.5871040000000001,0.5871040000000001
2025-07-29 19:00:00,0.607635,19,1,7,0,0.5871040000000001,0.607635,0.607635
2025-07-29 20:00:00,0.591136,20,1,7,0,0.607635,0.591136,0.591136
2025-07-29 21:00:00,0.5648055000000001,21,1,7,0,0.591136,0.5648055000000001,0.5648055000000001
2025-07-29 22:00:00,0.527058,22,1,7,0,0.5648055000000001,0.527058,0.527058
2025-07-29 23:00:00,0.42425250000000003,23,1,7,0,0.527058,0.42425250000000003,0.42425250000000003
2025-07-30 00:00:00,0.33946849999999995,0,2,7,0,0.42425250000000003,0.33946849999999995,0.33946849999999995
2025-07-30 01:00:00,0.2944095,1,2,7,0,0.33946849999999995,0.2944095,0.2944095
2025-07-30 02:00:00,0.27443850000000003,2,2,7,0,0.2944095,0.27443850000000003,0.27443850000000003
2025-07-30 03:00:00,0.269437,3,2,7,0,0.27443850000000003,0.269437,0.269437
2025-07-30 04:00:00,0.2786945,4,2,7,0,0.269437,0.2786945,0.2786945
2025-07-30 05:00:00,0.305102,5,2,7,0,0.2786945,0.305102,0.305102
2025-07-30 06:00:00,0.3602865,6,2,7,0,0.305102,0.3602865,0.3602865
2025-07-30 07:00:00,0.39356800000000003,7,2,7,0,0.3602865,0.39356800000000003,0.39356800000000003
2025-07-30 08:00:00,0.39309550000000004,8,2,7,0,0.39356800000000003,0.39309550000000004,0.39309550000000004
2025-07-30 09:00:00,0.397341,9,2,7,0,0.39309550000000004,0.397341,0.397341
2025-07-30 10:00:00,0.404376,10,2,7,0,0.397341,0.404376,0.404376
2025-07-30 11:00:00,0.44216200000000005,11,2,7,0,0.404376,0.44216200000000005,0.44216200000000005
2025-07-30 12:00:00,0.4595465,12,2,7,0,0.44216200000000005,0.4595465,0.4595465
2025-07-30 13:00:00,0.4438455,13,2,7,0,0.4595465,0.4438455,0.4438455
2025-07-30 14:00:00,0.42938699999999996,14,2,7,0,0.4438455,0.42938699999999996,0.42938699999999996
2025-07-30 15:00:00,0.431662,15,2,7,0,0.42938699999999996,0.431662,0.431662
2025-07-30 16:00:00,0.4614855,16,2,7,0,0.431662,0.4614855,0.4614855
2025-07-30 17:00:00,0.5238625,17,2,7,0,0.4614855,0.5238625,0.5238625
2025-07-30 18:00:00,0.5871040000000001,18,2,7,0,0.5238625,0.5871040000000001,0.5871040000000001
2025-07-30 19:00:00,0.607635,19,2,7,0,0.5871040000000001,0.607635,0.607635
2025-07-30 20:00:00,0.591136,20,2,7,0,0.607635,0.591136,0.591136
2025-07-30 21:00:00,0.5648055000000001,21,2,7,0,0.591136,0.5648055000000001,0.5648055000000001
2025-07-30 22:00:00,0.527058,22,2,7,0,0.5648055000000001,0.527058,0.527058
2025-07-30 23:00:00,0.42425250000000003,23,2,7,0,0.527058,0.42425250000000003,0.42425250000000003
2025-07-31 00:00:00,0.33946849999999995,0,3,7,0,0.42425250000000003,0.33946849999999995,0.33946849999999995
2025-07-31 01:00:00,0.2944095,1,3,7,0,0.33946849999999995,0.2944095,0.2944095
2025-07-31 02:00:00,0.27443850000000003,2,3,7,0,0.2944095,0.27443850000000003,0.27443850000000003
2025-07-31 03:00:00,0.269437,3,3,7,0,0.27443850000000003,0.269437,0.269437
2025-07-31 04:00:00,0.2786945,4,3,7,0,0.269437,0.2786945,0.2786945
2025-07-31 05:00:00,0.305102,5,3,7,0,0.2786945,0.305102,0.305102
2025-07-31 06:00:00,0.3602865,6,3,7,0,0.305102,0.3602865,0.3602865
2025-07-31 07:00:00,0.39356800000000003,7,3,7,0,0.3602865,0.39356800000000003,0.39356800000000003
2025-07-31 08:00:00,0.39309550000000004,8,3,7,0,0.39356800000000003,0.39309550000000004,0.39309550000000004
2025-07-31 09:00:00,0.397341,9,3,7,0,0.39309550000000004,0.397341,0.397341
2025-07-31 10:00:00,0.404376,10,3,7,0,0.397341,0.404376,0.404376
2025-07-31 11:00:00,0.44216200000000005,11,3,7,0,0.404376,0.44216200000000005,0.44216200000000005
2025-07-31 12:00:00,0.4595465,12,3,7,0,0.44216200000000005,0.4595465,0.4595465
2025-07-31 13:00:00,0.4438455,13,3,7,0,0.4595465,0.4438455,0.4438455
2025-07-31 14:00:00,0.42938699999999996,14,3,7,0,0.4438455,0.42938699999999996,0.42938699999999996
2025-07-31 15:00:00,0.431662,15,3,7,0,0.42938699999999996,0.431662,0.431662
2025-07-31 16:00:00,0.4614855,16,3,7,0,0.431662,0.4614855,0.4614855
2025-07-31 17:00:00,0.5238625,17,3,7,0,0.4614855,0.5238625,0.5238625
2025-07-31 18:00:00,0.5871040000000001,18,3,7,0,0.5238625,0.5871040000000001,0.5871040000000001
2025-07-31 19:00:00,0.607635,19,3,7,0,0.5871040000000001,0.607635,0.607635
2025-07-31 20:00:00,0.591136,20,3,7,0,0.607635,0.591136,0.591136
2025-07-31 21:00:00,0.5648055000000001,21,3,7,0,0.591136,0.5648055000000001,0.5648055000000001
2025-07-31 22:00:00,0.527058,22,3,7,0,0.5648055000000001,0.527058,0.527058
2025-07-31 23:00:00,0.42425250000000003,23,3,7,0,0.527058,0.42425250000000003,0.42425250000000003
2025-08-01 00:00:00,0.325885,0,4,8,0,0.42425250000000003,0.33946849999999995,0.33946849999999995
2025-08-01 01:00:00,0.285796,1,4,8,0,0.325885,0.2944095,0.2944095
2025-08-01 02:00:00,0.2679355,2,4,8,0,0.285796,0.27443850000000003,0.27443850000000003
2025-08-01 03:00:00,0.263284,3,4,8,0,0.2679355,0.269437,0.269437
2025-08-01 04:00:00,0.27233850000000004,4,4,8,0,0.263284,0.2786945,0.2786945
2025-08-01 05:00:00,0.3077515,5,4,8,0,0.27233850000000004,0.305102,0.305102
2025-08-01 06:00:00,0.35636650000000003,6,4,8,0,0.3077515,0.3602865,0.3602865
2025-08-01 07:00:00,0.3770865,7,4,8,0,0.35636650000000003,0.39356800000000003,0.39356800000000003
2025-08-01 08:00:00,0.3686445,8,4,8,0,0.3770865,0.39309550000000004,0.39309550000000004
2025-08-01 09:00:00,0.373079,9,4,8,0,0.3686445,0.397341,0.397341
2025-08-01 10:00:00,0.3806215,10,4,8,0,0.373079,0.404376,0.404376
2025-08-01 11:00:00,0.418397,11,4,8,0,0.3806215,0.44216200000000005,0.44216200000000005
2025-08-01 12:00:00,0.43778700000000004,12,4,8,0,0.418397,0.4595465,0.4595465
2025-08-01 13:00:00,0.4245605,13,4,8,0,0.43778700000000004,0.4438455,0.4438455
2025-08-01 14:00:00,0.41054650000000004,14,4,8,0,0.4245605,0.42938699999999996,0.42938699999999996
2025-08-01 15:00:00,0.414995,15,4,8,0,0.41054650000000004,0.431662,0.431662
2025-08-01 16:00:00,0.445025,16,4,8,0,0.414995,0.4614855,0.4614855
2025-08-01 17:00:00,0.50736,17,4,8,0,0.445025,0.5238625,0.5238625
2025-08-01 18:00:00,0.5722745,18,4,8,0,0.50736,0.5871040000000001,0.5871040000000001
2025-08-01 19:00:00,0.5941810000000001,19,4,8,0,0.5722745,0.607635,0.607635
2025-08-01 20:00:00,0.5949545,20,4,8,0,0.5941810000000001,0.591136,0.591136
2025-08-01 21:00:00,0.5747070000000001,21,4,8,0,0.5949545,0.5648055000000001,0.5648055000000001
2025-08-01 22:00:00,0.497938,22,4,8,0,0.5747070000000001,0.527058,0.527058
2025-08-01 23:00:00,0.400309,23,4,8,0,0.497938,0.42425250000000003,0.42425250000000003
2025-08-02 00:00:00,0.35091,0,5,8,1,0.400309,0.325885,0.3699955
2025-08-02 01:00:00,0.3052245,1,5,8,1,0.35091,0.285796,0.3181255
2025-08-02 02:00:00,0.2814945,2,5,8,1,0.3052245,0.2679355,0.291508
2025-08-02 03:00:00,0.27144250000000003,3,5,8,1,0.2814945,0.263284,0.28154
2025-08-02 04:00:00,0.2712745,4,5,8,1,0.27144250000000003,0.27233850000000004,0.2804165
2025-08-02 05:00:00,0.28245699999999996,5,5,8,1,0.2712745,0.3077515,0.2856105
2025-08-02 06:00:00,0.315462,6,5,8,1,0.28245699999999996,0.35636650000000003,0.326452
2025-08-02 07:00:00,0.38933650000000003,7,5,8,1,0.315462,0.3770865,0.404628
2025-08-02 08:00:00,0.465388,8,5,8,1,0.38933650000000003,0.3686445,0.48381900000000005
2025-08-02 09:00:00,0.5119555,9,5,8,1,0.465388,0.373079,0.5335610000000001
2025-08-02 10:00:00,0.544775,10,5,8,1,0.5119555,0.3806215,0.5632235
2025-08-02 11:00:00,0.587013,11,5,8,1,0.544775,0.418397,0.606949
2025-08-02 12:00:00,0.5864285,12,5,8,1,0.587013,0.43778700000000004,0.605878
2025-08-02 13:00:00,0.55503,13,5,8,1,0.5864285,0.4245605,0.5751935
2025-08-02 14:00:00,0.5371345000000001,14,5,8,1,0.55503,0.41054650000000004,0.5592195
2025-08-02 15:00:00,0.5257315,15,5,8,1,0.5371345000000001,0.414995,0.5524365
2025-08-02 16:00:00,0.5283774999999999,16,5,8,1,0.5257315,0.445025,0.552405
2025-08-02 17:00:00,0.5541900000000001,17,5,8,1,0.5283774999999999,0.50736,0.5784415
2025-08-02 18:00:00,0.5826835,18,5,8,1,0.5541900000000001,0.5722745,0.6059515
2025-08-02 19:00:00,0.5790715000000001,19,5,8,1,0.5826835,0.5941810000000001,0.5966205
2025-08-02 20:00:00,0.5712105000000001,20,5,8,1,0.5790715000000001,0.5949545,0.572082
2025-08-02 21:00:00,0.558859,21,5,8,1,0.5712105000000001,0.5747070000000001,0.549927
2025-08-02 22:00:00,0.506632,22,5,8,1,0.558859,0.497938,0.525952
2025-08-02 23:00:00,0.43346100000000004,23,5,8,1,0.506632,0.400309,0.45283
2025-08-03 00:00:00,0.361914,0,6,8,1,0.43346100000000004,0.35091,0.3770025
2025-08-03 01:00:00,0.3142825,1,6,8,1,0.361914,0.3052245,0.32610550000000005
2025-08-03 02:00:00,0.287168,2,6,8,1,0.3142825,0.2814945,0.2966075
2025-08-03 03:00:00,0.273385,3,6,8,1,0.287168,0.27144250000000003,0.2818025
2025-08-03 04:00:00,0.268961,4,6,8,1,0.273385,0.2712745,0.27629000000000004
2025-08-03 05:00:00,0.277746,5,6,8,1,0.268961,0.28245699999999996,0.2786385
2025-08-03 06:00:00,0.30002700000000004,6,6,8,1,0.277746,0.315462,0.3080035
2025-08-03 07:00:00,0.37053800000000003,7,6,8,1,0.30002700000000004,0.38933650000000003,0.379064
2025-08-03 08:00:00,0.4713275,8,6,8,1,0.37053800000000003,0.465388,0.48026650000000004
2025-08-03 09:00:00,0.5517225,9,6,8,1,0.4713275,0.5119555,0.564718
2025-08-03 10:00:00,0.6067495,10,6,8,1,0.5517225,0.544775,0.625296
2025-08-03 11:00:00,0.6688780000000001,11,6,8,1,0.6067495,0.587013,0.6937770000000001
2025-08-03 12:00:00,0.6441435,12,6,8,1,0.6688780000000001,0.5864285,0.673827
2025-08-03 13:00:00,0.580209,13,6,8,1,0.6441435,0.55503,0.609014
2025-08-03 14:00:00,0.539308,14,6,8,1,0.580209,0.5371345000000001,0.5675915
2025-08-03 15:00:00,0.5163165000000001,15,6,8,1,0.539308,0.5257315,0.54705
2025-08-03 16:00:00,0.5156935,16,6,8,1,0.5163165000000001,0.5283774999999999,0.5422025
2025-08-03 17:00:00,0.5615015,17,6,8,1,0.5156935,0.5541900000000001,0.5842444999999999
2025-08-03 18:00:00,0.606788,18,6,8,1,0.5615015,0.5826835,0.6231645
2025-08-03 19:00:00,0.6099625,19,6,8,1,0.606788,0.5790715000000001,0.623714
2025-08-03 20:00:00,0.5990949999999999,20,6,8,1,0.6099625,0.5712105000000001,0.600691
2025-08-03 21:00:00,0.576359,21,6,8,1,0.5990949999999999,0.558859,0.5680535
2025-08-03 22:00:00,0.4935455,22,6,8,1,0.576359,0.506632,0.5203205
2025-08-03 23:00:00,0.394142,23,6,8,1,0.4935455,0.43346100000000004,0.4168675
2025-08-04 00:00:00,0.325885,0,0,8,0,0.394142,0.361914,0.33946849999999995
2025-08-04 01:00:00,0.285796,1,0,8,0,0.325885,0.3142825,0.2944095
2025-08-04 02:00:00,0.2679355,2,0,8,0,0.285796,0.287168,0.27443850000000003
2025-08-04 03:00:00,0.263284,3,0,8,0,0.2679355,0.273385,0.269437
2025-08-04 04:00:00,0.27233850000000004,4,0,8,0,0.263284,0.268961,0.2786945
2025-08-04 05:00:00,0.3077515,5,0,8,0,0.27233850000000004,0.277746,0.305102
2025-08-04 06:00:00,0.35636650000000003,6,0,8,0,0.3077515,0.30002700000000004,0.3602865
2025-08-04 07:00:00,0.3770865,7,0,8,0,0.35636650000000003,0.37053800000000003,0.39356800000000003
2025-08-04 08:00:00,0.3686445,8,0,8,0,0.3770865,0.4713275,0.39309550000000004
2025-08-04 09:00:00,0.373079,9,0,8,0,0.3686445,0.5517225,0.397341
2025-08-04 10:00:00,0.3806215,10,0,8,0,0.373079,0.6067495,0.404376
2025-08-04 11:00:00,0.418397,11,0,8,0,0.3806215,0.6688780000000001,0.44216200000000005
2025-08-04 12:00:00,0.43778700000000004,12,0,8,0,0.418397,0.6441435,0.4595465
2025-08-04 13:00:00,0.4245605,13,0,8,0,0.43778700000000004,0.580209,0.4438455
2025-08-04 14:00:00,0.41054650000000004,14,0,8,0,0.4245605,0.539308,0.42938699999999996
2025-08-04 15:00:00,0.414995,15,0,8,0,0.41054650000000004,0.5163165000000001,0.431662
2025-08-04 16:00:00,0.445025,16,0,8,0,0.414995,0.5156935,0.4614855
2025-08-04 17:00:00,0.50736,17,0,8,0,0.445025,0.5615015,0.5238625
2025-08-04 18:00:00,0.5722745,18,0,8,0,0.50736,0.606788,0.5871040000000001
2025-08-04 19:00:00,0.5941810000000001,19,0,8,0,0.5722745,0.6099625,0.607635
2025-08-04 20:00:00,0.5949545,20,0,8,0,0.5941810000000001,0.5990949999999999,0.591136
2025-08-04 21:00:00,0.5747070000000001,21,0,8,0,0.5949545,0.576359,0.5648055000000001
2025-08-04 22:00:00,0.497938,22,0,8,0,0.5747070000000001,0.4935455,0.527058
2025-08-04 23:00:00,0.400309,23,0,8,0,0.497938,0.394142,0.42425250000000003
2025-08-05 00:00:00,0.325885,0,1,8,0,0.400309,0.325885,0.33946849999999995
2025-08-05 01:00:00,0.285796,1,1,8,0,0.325885,0.285796,0.2944095
2025-08-05 02:00:00,0.2679355,2,1,8,0,0.285796,0.2679355,0.27443850000000003
2025-08-05 03:00:00,0.263284,3,1,8,0,0.2679355,0.263284,0.269437
2025-08-05 04:00:00,0.27233850000000004,4,1,8,0,0.263284,0.27233850000000004,0.2786945
2025-08-05 05:00:00,0.3077515,5,1,8,0,0.27233850000000004,0.3077515,0.305102
2025-08-05 06:00:00,0.35636650000000003,6,1,8,0,0.3077515,0.35636650000000003,0.3602865
2025-08-05 07:00:00,0.3770865,7,1,8,0,0.35636650000000003,0.3770865,0.39356800000000003
2025-08-05 08:00:00,0.3686445,8,1,8,0,0.3770865,0.3686445,0.39309550000000004
2025-08-05 09:00:00,0.373079,9,1,8,0,0.3686445,0.373079,0.397341
2025-08-05 10:00:00,0.3806215,10,1,8,0,0.373079,0.3806215,0.404376
2025-08-05 11:00:00,0.418397,11,1,8,0,0.3806215,0.418397,0.44216200000000005
2025-08-05 12:00:00,0.43778700000000004,12,1,8,0,0.418397,0.43778700000000004,0.4595465
2025-08-05 13:00:00,0.4245605,13,1,8,0,0.43778700000000004,0.4245605,0.4438455
2025-08-05 14:00:00,0.41054650000000004,14,1,8,0,0.4245605,0.41054650000000004,0.42938699999999996
2025-08-05 15:00:00,0.414995,15,1,8,0,0.41054650000000004,0.414995,0.431662
2025-08-05 16:00:00,0.445025,16,1,8,0,0.414995,0.445025,0.4614855
2025-08-05 17:00:00,0.50736,17,1,8,0,0.445025,0.50736,0.5238625
2025-08-05 18:00:00,0.5722745,18,1,8,0,0.50736,0.5722745,0.5871040000000001
2025-08-05 19:00:00,0.5941810000000001,19,1,8,0,0.5722745,0.5941810000000001,0.607635
2025-08-05 20:00:00,0.5949545,20,1,8,0,0.5941810000000001,0.5949545,0.591136
2025-08-05 21:00:00,0.5747070000000001,21,1,8,0,0.5949545,0.5747070000000001,0.5648055000000001
2025-08-05 22:00:00,0.497938,22,1,8,0,0.5747070000000001,0.497938,0.527058
2025-08-05 23:00:00,0.400309,23,1,8,0,0.497938,0.400309,0.42425250000000003
2025-08-06 00:00:00,0.325885,0,2,8,0,0.400309,0.325885,0.33946849999999995
2025-08-06 01:00:00,0.285796,1,2,8,0,0.325885,0.285796,0.2944095
2025-08-06 02:00:00,0.2679355,2,2,8,0,0.285796,0.2679355,0.27443850000000003
2025-08-06 03:00:00,0.263284,3,2,8,0,0.2679355,0.263284,0.269437
2025-08-06 04:00:00,0.27233850000000004,4,2,8,0,0.263284,0.27233850000000004,0.2786945
2025-08-06 05:00:00,0.3077515,5,2,8,0,0.27233850000000004,0.3077515,0.305102
2025-08-06 06:00:00,0.35636650000000003,6,2,8,0,0.3077515,0.35636650000000003,0.3602865
2025-08-06 07:00:00,0.3770865,7,2,8,0,0.35636650000000003,0.3770865,0.39356800000000003
2025-08-06 08:00:00,0.3686445,8,2,8,0,0.3770865,0.3686445,0.39309550000000004
2025-08-06 09:00:00,0.373079,9,2,8,0,0.3686445,0.373079,0.397341
2025-08-06 10:00:00,0.3806215,10,2,8,0,0.373079,0.3806215,0.404376
2025-08-06 11:00:00,0.418397,11,2,8,0,0.3806215,0.418397,0.44216200000000005
2025-08-06 12:00:00,0.43778700000000004,12,2,8,0,0.418397,0.43778700000000004,0.4595465
2025-08-06 13:00:00,0.4245605,13,2,8,0,0.43778700000000004,0.4245605,0.4438455
2025-08-06 14:00:00,0.41054650000000004,14,2,8,0,0.4245605,0.41054650000000004,0.42938699999999996
2025-08-06 15:00:00,0.414995,15,2,8,0,0.41054650000000004,0.414995,0.431662
2025-08-06 16:00:00,0.445025,16,2,8,0,0.414995,0.445025,0.4614855
2025-08-06 17:00:00,0.50736,17,2,8,0,0.445025,0.50736,0.5238625
2025-08-06 18:00:00,0.5722745,18,2,8,0,0.50736,0.5722745,0.5871040000000001
2025-08-06 19:00:00,0.5941810000000001,19,2,8,0,0.5722745,0.5941810000000001,0.607635
2025-08-06 20:00:00,0.5949545,20,2,8,0,0.5941810000000001,0.5949545,0.591136
2025-08-06 21:00:00,0.5747070000000001,21,2,8,0,0.5949545,0.5747070000000001,0.5648055000000001
2025-08-06 22:00:00,0.497938,22,2,8,0,0.5747070000000001,0.497938,0.527058
2025-08-06 23:00:00,0.400309,23,2,8,0,0.497938,0.400309,0.42425250000000003
2025-08-07 00:00:00,0.325885,0,3,8,0,0.400309,0.325885,0.33946849999999995
2025-08-07 01:00:00,0.285796,1,3,8,0,0.325885,0.285796,0.2944095
2025-08-07 02:00:00,0.2679355,2,3,8,0,0.285796,0.2679355,0.27443850000000003
2025-08-07 03:00:00,0.263284,3,3,8,0,0.2679355,0.263284,0.269437
2025-08-07 04:00:00,0.27233850000000004,4,3,8,0,0.263284,0.27233850000000004,0.2786945
2025-08-07 05:00:00,0.3077515,5,3,8,0,0.27233850000000004,0.3077515,0.305102
2025-08-07 06:00:00,0.35636650000000003,6,3,8,0,0.3077515,0.35636650000000003,0.3602865
2025-08-07 07:00:00,0.3770865,7,3,8,0,0.35636650000000003,0.3770865,0.39356800000000003
2025-08-07 08:00:00,0.3686445,8,3,8,0,0.3770865,0.3686445,0.39309550000000004
2025-08-07 09:00:00,0.373079,9,3,8,0,0.3686445,0.373079,0.397341
2025-08-07 10:00:00,0.3806215,10,3,8,0,0.373079,0.3806215,0.404376
2025-08-07 11:00:00,0.418397,11,3,8,0,0.3806215,0.418397,0.44216200000000005
2025-08-07 12:00:00,0.43778700000000004,12,3,8,0,0.418397,0.43778700000000004,0.4595465
2025-08-07 13:00:00,0.4245605,13,3,8,0,0.43778700000000004,0.4245605,0.4438455
2025-08-07 14:00:00,0.41054650000000004,14,3,8,0,0.4245605,0.41054650000000004,0.42938699999999996
2025-08-07 15:00:00,0.414995,15,3,8,0,0.41054650000000004,0.414995,0.431662
2025-08-07 16:00:00,0.445025,16,3,8,0,0.414995,0.445025,0.4614855
2025-08-07 17:00:00,0.50736,17,3,8,0,0.445025,0.50736,0.5238625
2025-08-07 18:00:00,0.5722745,18,3,8,0,0.50736,0.5722745,0.5871040000000001
2025-08-07 19:00:00,0.5941810000000001,19,3,8,0,0.5722745,0.5941810000000001,0.607635
2025-08-07 20:00:00,0.5949545,20,3,8,0,0.5941810000000001,0.5949545,0.591136
2025-08-07 21:00:00,0.5747070000000001,21,3,8,0,0.5949545,0.5747070000000001,0.5648055000000001
2025-08-07 22:00:00,0.497938,22,3,8,0,0.5747070000000001,0.497938,0.527058
2025-08-07 23:00:00,0.400309,23,3,8,0,0.497938,0.400309,0.42425250000000003
2025-08-08 00:00:00,0.325885,0,4,8,0,0.400309,0.325885,0.325885
2025-08-08 01:00:00,0.285796,1,4,8,0,0.325885,0.285796,0.285796
2025-08-08 02:00:00,0.2679355,2,4,8,0,0.285796,0.2679355,0.2679355
2025-08-08 03:00:00,0.263284,3,4,8,0,0.2679355,0.263284,0.263284
2025-08-08 04:00:00,0.27233850000000004,4,4,8,0,0.263284,0.27233850000000004,0.27233850000000004
2025-08-08 05:00:00,0.3077515,5,4,8,0,0.27233850000000004,0.3077515,0.3077515
2025-08-08 06:00:00,0.35636650000000003,6,4,8,0,0.3077515,0.35636650000000003,0.35636650000000003
2025-08-08 07:00:00,0.3770865,7,4,8,0,0.35636650000000003,0.3770865,0.3770865
2025-08-08 08:00:00,0.3686445,8,4,8,0,0.3770865,0.3686445,0.3686445
2025-08-08 09:00:00,0.373079,9,4,8,0,0.3686445,0.373079,0.373079
2025-08-08 10:00:00,0.3806215,10,4,8,0,0.373079,0.3806215,0.3806215
2025-08-08 11:00:00,0.418397,11,4,8,0,0.3806215,0.418397,0.418397
2025-08-08 12:00:00,0.43778700000000004,12,4,8,0,0.418397,0.43778700000000004,0.43778700000000004
2025-08-08 13:00:00,0.4245605,13,4,8,0,0.43778700000000004,0.4245605,0.4245605
2025-08-08 14:00:00,0.41054650000000004,14,4,8,0,0.4245605,0.41054650000000004,0.41054650000000004
2025-08-08 15:00:00,0.414995,15,4,8,0,0.41054650000000004,0.414995,0.414995
2025-08-08 16:00:00,0.445025,16,4,8,0,0.414995,0.445025,0.445025
2025-08-08 17:00:00,0.50736,17,4,8,0,0.445025,0.50736,0.50736
2025-08-08 18:00:00,0.5722745,18,4,8,0,0.50736,0.5722745,0.5722745
2025-08-08 19:00:00,0.5941810000000001,19,4,8,0,0.5722745,0.5941810000000001,0.5941810000000001
2025-08-08 20:00:00,0.5949545,20,4,8,0,0.5941810000000001,0.5949545,0.5949545
2025-08-08 21:00:00,0.5747070000000001,21,4,8,0,0.5949545,0.5747070000000001,0.5747070000000001
2025-08-08 22:00:00,0.497938,22,4,8,0,0.5747070000000001,0.497938,0.497938
2025-08-08 23:00:00,0.400309,23,4,8,0,0.497938,0.400309,0.400309
2025-08-09 00:00:00,0.35091,0,5,8,1,0.400309,0.325885,0.35091
2025-08-09 01:00:00,0.3052245,1,5,8,1,0.35091,0.285796,0.3052245
2025-08-09 02:00:00,0.2814945,2,5,8,1,0.3052245,0.2679355,0.2814945
2025-08-09 03:00:00,0.27144250000000003,3,5,8,1,0.2814945,0.263284,0.27144250000000003
2025-08-09 04:00:00,0.2712745,4,5,8,1,0.27144250000000003,0.27233850000000004,0.2712745
2025-08-09 05:00:00,0.28245699999999996,5,5,8,1,0.2712745,0.3077515,0.28245699999999996
2025-08-09 06:00:00,0.315462,6,5,8,1,0.28245699999999996,0.35636650000000003,0.315462
2025-08-09 07:00:00,0.38933650000000003,7,5,8,1,0.315462,0.3770865,0.38933650000000003
2025-08-09 08:00:00,0.465388,8,5,8,1,0.38933650000000003,0.3686445,0.465388
2025-08-09 09:00:00,0.5119555,9,5,8,1,0.465388,0.373079,0.5119555
2025-08-09 10:00:00,0.544775,10,5,8,1,0.5119555,0.3806215,0.544775
2025-08-09 11:00:00,0.587013,11,5,8,1,0.544775,0.418397,0.587013
2025-08-09 12:00:00,0.5864285,12,5,8,1,0.587013,0.43778700000000004,0.5864285
2025-08-09 13:00:00,0.55503,13,5,8,1,0.5864285,0.4245605,0.55503
2025-08-09 14:00:00,0.5371345000000001,14,5,8,1,0.55503,0.41054650000000004,0.5371345000000001
2025-08-09 15:00:00,0.5257315,15,5,8,1,0.5371345000000001,0.414995,0.5257315
2025-08-09 16:00:00,0.5283774999999999,16,5,8,1,0.5257315,0.445025,0.5283774999999999
2025-08-09 17:00:00,0.5541900000000001,17,5,8,1,0.5283774999999999,0.50736,0.5541900000000001
2025-08-09 18:00:00,0.5826835,18,5,8,1,0.5541900000000001,0.5722745,0.5826835
2025-08-09 19:00:00,0.5790715000000001,19,5,8,1,0.5826835,0.5941810000000001,0.5790715000000001
2025-08-09 20:00:00,0.5712105000000001,20,5,8,1,0.5790715000000001,0.5949545,0.5712105000000001
2025-08-09 21:00:00,0.558859,21,5,8,1,0.5712105000000001,0.5747070000000001,0.558859
2025-08-09 22:00:00,0.506632,22,5,8,1,0.558859,0.497938,0.506632
2025-08-09 23:00:00,0.43346100000000004,23,5,8,1,0.506632,0.400309,0.43346100000000004
2025-08-10 00:00:00,0.361914,0,6,8,1,0.43346100000000004,0.35091,0.361914
2025-08-10 01:00:00,0.3142825,1,6,8,1,0.361914,0.3052245,0.3142825
2025-08-10 02:00:00,0.287168,2,6,8,1,0.3142825,0.2814945,0.287168
2025-08-10 03:00:00,0.273385,3,6,8,1,0.287168,0.27144250000000003,0.273385
2025-08-10 04:00:00,0.268961,4,6,8,1,0.273385,0.2712745,0.268961
2025-08-10 05:00:00,0.277746,5,6,8,1,0.268961,0.28245699999999996,0.277746
2025-08-10 06:00:00,0.30002700000000004,6,6,8,1,0.277746,0.315462,0.30002700000000004
2025-08-10 07:00:00,0.37053800000000003,7,6,8,1,0.30002700000000004,0.38933650000000003,0.37053800000000003
2025-08-10 08:00:00,0.4713275,8,6,8,1,0.37053800000000003,0.465388,0.4713275
2025-08-10 09:00:00,0.5517225,9,6,8,1,0.4713275,0.5119555,0.5517225
2025-08-10 10:00:00,0.6067495,10,6,8,1,0.5517225,0.544775,0.6067495
2025-08-10 11:00:00,0.6688780000000001,11,6,8,1,0.6067495,0.587013,0.6688780000000001
2025-08-10 12:00:00,0.6441435,12,6,8,1,0.6688780000000001,0.5864285,0.6441435
2025-08-10 13:00:00,0.580209,13,6,8,1,0.6441435,0.55503,0.580209
2025-08-10 14:00:00,0.539308,14,6,8,1,0.580209,0.5371345000000001,0.539308
2025-08-10 15:00:00,0.5163165000000001,15,6,8,1,0.539308,0.5257315,0.5163165000000001
2025-08-10 16:00:00,0.5156935,16,6,8,1,0.5163165000000001,0.5283774999999999,0.5156935
2025-08-10 17:00:00,0.5615015,17,6,8,1,0.5156935,0.5541900000000001,0.5615015
2025-08-10 18:00:00,0.606788,18,6,8,1,0.5615015,0.5826835,0.606788
2025-08-10 19:00:00,0.6099625,19,6,8,1,0.606788,0.5790715000000001,0.6099625
2025-08-10 20:00:00,0.5990949999999999,20,6,8,1,0.6099625,0.5712105000000001,0.5990949999999999
2025-08-10 21:00:00,0.576359,21,6,8,1,0.5990949999999999,0.558859,0.576359
2025-08-10 22:00:00,0.4935455,22,6,8,1,0.576359,0.506632,0.4935455
2025-08-10 23:00:00,0.394142,23,6,8,1,0.4935455,0.43346100000000004,0.394142
2025-08-11 00:00:00,0.325885,0,0,8,0,0.394142,0.361914,0.325885
2025-08-11 01:00:00,0.285796,1,0,8,0,0.325885,0.3142825,0.285796
2025-08-11 02:00:00,0.2679355,2,0,8,0,0.285796,0.287168,0.2679355
2025-08-11 03:00:00,0.263284,3,0,8,0,0.2679355,0.273385,0.263284
2025-08-11 04:00:00,0.27233850000000004,4,0,8,0,0.263284,0.268961,0.27233850000000004
2025-08-11 05:00:00,0.3077515,5,0,8,0,0.27233850000000004,0.277746,0.3077515
2025-08-11 06:00:00,0.35636650000000003,6,0,8,0,0.3077515,0.30002700000000004,0.35636650000000003
2025-08-11 07:00:00,0.3770865,7,0,8,0,0.35636650000000003,0.37053800000000003,0.3770865
2025-08-11 08:00:00,0.3686445,8,0,8,0,0.3770865,0.4713275,0.3686445
2025-08-11 09:00:00,0.373079,9,0,8,0,0.3686445,0.5517225,0.373079
2025-08-11 10:00:00,0.3806215,10,0,8,0,0.373079,0.6067495,0.3806215
2025-08-11 11:00:00,0.418397,11,0,8,0,0.3806215,0.6688780000000001,0.418397
2025-08-11 12:00:00,0.43778700000000004,12,0,8,0,0.418397,0.6441435,0.43778700000000004
2025-08-11 13:00:00,0.4245605,13,0,8,0,0.43778700000000004,0.580209,0.4245605
2025-08-11 14:00:00,0.41054650000000004,14,0,8,0,0.4245605,0.539308,0.41054650000000004
2025-08-11 15:00:00,0.414995,15,0,8,0,0.41054650000000004,0.5163165000000001,0.414995
2025-08-11 16:00:00,0.445025,16,0,8,0,0.414995,0.5156935,0.445025
2025-08-11 17:00:00,0.50736,17,0,8,0,0.445025,0.5615015,0.50736
2025-08-11 18:00:00,0.5722745,18,0,8,0,0.50736,0.606788,0.5722745
2025-08-11 19:00:00,0.5941810000000001,19,0,8,0,0.5722745,0.6099625,0.5941810000000001
2025-08-11 20:00:00,0.5949545,20,0,8,0,0.5941810000000001,0.5990949999999999,0.5949545
2025-08-11 21:00:00,0.5747070000000001,21,0,8,0,0.5949545,0.576359,0.5747070000000001
2025-08-11 22:00:00,0.497938,22,0,8,0,0.5747070000000001,0.4935455,0.497938
2025-08-11 23:00:00,0.400309,23,0,8,0,0.497938,0.394142,0.400309
2025-08-12 00:00:00,0.325885,0,1,8,0,0.400309,0.325885,0.325885
2025-08-12 01:00:00,0.285796,1,1,8,0,0.325885,0.285796,0.285796
2025-08-12 02:00:00,0.2679355,2,1,8,0,0.285796,0.2679355,0.2679355
2025-08-12 03:00:00,0.263284,3,1,8,0,0.2679355,0.263284,0.263284
2025-08-12 04:00:00,0.27233850000000004,4,1,8,0,0.263284,0.27233850000000004,0.27233850000000004
2025-08-12 05:00:00,0.3077515,5,1,8,0,0.27233850000000004,0.3077515,0.3077515
2025-08-12 06:00:00,0.35636650000000003,6,1,8,0,0.3077515,0.35636650000000003,0.35636650000000003
2025-08-12 07:00:00,0.3770865,7,1,8,0,0.35636650000000003,0.3770865,0.3770865
2025-08-12 08:00:00,0.3686445,8,1,8,0,0.3770865,0.3686445,0.3686445
2025-08-12 09:00:00,0.373079,9,1,8,0,0.3686445,0.373079,0.373079
2025-08-12 10:00:00,0.3806215,10,1,8,0,0.373079,0.3806215,0.3806215
2025-08-12 11:00:00,0.418397,11,1,8,0,0.3806215,0.418397,0.418397
2025-08-12 12:00:00,0.43778700000000004,12,1,8,0,0.418397,0.43778700000000004,0.43778700000000004
2025-08-12 13:00:00,0.4245605,13,1,8,0,0.43778700000000004,0.4245605,0.4245605
2025-08-12 14:00:00,0.41054650000000004,14,1,8,0,0.4245605,0.41054650000000004,0.41054650000000004
2025-08-12 15:00:00,0.414995,15,1,8,0,0.41054650000000004,0.414995,0.414995
2025-08-12 16:00:00,0.445025,16,1,8,0,0.414995,0.445025,0.445025
2025-08-12 17:00:00,0.50736,17,1,8,0,0.445025,0.50736,0.50736
2025-08-12 18:00:00,0.5722745,18,1,8,0,0.50736,0.5722745,0.5722745
2025-08-12 19:00:00,0.5941810000000001,19,1,8,0,0.5722745,0.5941810000000001,0.5941810000000001
2025-08-12 20:00:00,0.5949545,20,1,8,0,0.5941810000000001,0.5949545,0.5949545
2025-08-12 21:00:00,0.5747070000000001,21,1,8,0,0.5949545,0.5747070000000001,0.5747070000000001
2025-08-12 22:00:00,0.497938,22,1,8,0,0.5747070000000001,0.497938,0.497938
2025-08-12 23:00:00,0.400309,23,1,8,0,0.497938,0.400309,0.400309
2025-08-13 00:00:00,0.325885,0,2,8,0,0.400309,0.325885,0.325885
2025-08-13 01:00:00,0.285796,1,2,8,0,0.325885,0.285796,0.285796
2025-08-13 02:00:00,0.2679355,2,2,8,0,0.285796,0.2679355,0.2679355
2025-08-13 03:00:00,0.263284,3,2,8,0,0.2679355,0.263284,0.263284
2025-08-13 04:00:00,0.27233850000000004,4,2,8,0,0.263284,0.27233850000000004,0.27233850000000004
2025-08-13 05:00:00,0.3077515,5,2,8,0,0.27233850000000004,0.3077515,0.3077515
2025-08-13 06:00:00,0.35636650000000003,6,2,8,0,0.3077515,0.35636650000000003,0.35636650000000003
2025-08-13 07:00:00,0.3770865,7,2,8,0,0.35636650000000003,0.3770865,0.3770865
2025-08-13 08:00:00,0.3686445,8,2,8,0,0.3770865,0.3686445,0.3686445
2025-08-13 09:00:00,0.373079,9,2,8,0,0.3686445,0.373079,0.373079
2025-08-13 10:00:00,0.3806215,10,2,8,0,0.373079,0.3806215,0.3806215
2025-08-13 11:00:00,0.418397,11,2,8,0,0.3806215,0.418397,0.418397
2025-08-13 12:00:00,0.43778700000000004,12,2,8,0,0.418397,0.43778700000000004,0.43778700000000004
2025-08-13 13:00:00,0.4245605,13,2,8,0,0.43778700000000004,0.4245605,0.4245605
2025-08-13 14:00:00,0.41054650000000004,14,2,8,0,0.4245605,0.41054650000000004,0.41054650000000004
2025-08-13 15:00:00,0.414995,15,2,8,0,0.41054650000000004,0.414995,0.414995
2025-08-13 16:00:00,0.445025,16,2,8,0,0.414995,0.445025,0.445025
2025-08-13 17:00:00,0.50736,17,2,8,0,0.445025,0.50736,0.50736
2025-08-13 18:00:00,0.5722745,18,2,8,0,0.50736,0.5722745,0.5722745
2025-08-13 19:00:00,0.5941810000000001,19,2,8,0,0.5722745,0.5941810000000001,0.5941810000000001
2025-08-13 20:00:00,0.5949545,20,2,8,0,0.5941810000000001,0.5949545,0.5949545
2025-08-13 21:00:00,0.5747070000000001,21,2,8,0,0.5949545,0.5747070000000001,0.5747070000000001
2025-08-13 22:00:00,0.497938,22,2,8,0,0.5747070000000001,0.497938,0.497938
2025-08-13 23:00:00,0.400309,23,2,8,0,0.497938,0.400309,0.400309
2025-08-14 00:00:00,0.325885,0,3,8,0,0.400309,0.325885,0.325885
2025-08-14 01:00:00,0.285796,1,3,8,0,0.325885,0.285796,0.285796
2025-08-14 02:00:00,0.2679355,2,3,8,0,0.285796,0.2679355,0.2679355
2025-08-14 03:00:00,0.263284,3,3,8,0,0.2679355,0.263284,0.263284
2025-08-14 04:00:00,0.27233850000000004,4,3,8,0,0.263284,0.27233850000000004,0.27233850000000004
2025-08-14 05:00:00,0.3077515,5,3,8,0,0.27233850000000004,0.3077515,0.3077515
2025-08-14 06:00:00,0.35636650000000003,6,3,8,0,0.3077515,0.35636650000000003,0.35636650000000003
2025-08-14 07:00:00,0.3770865,7,3,8,0,0.35636650000000003,0.3770865,0.3770865
2025-08-14 08:00:00,0.3686445,8,3,8,0,0.3770865,0.3686445,0.3686445
2025-08-14 09:00:00,0.373079,9,3,8,0,0.3686445,0.373079,0.373079
2025-08-14 10:00:00,0.3806215,10,3,8,0,0.373079,0.3806215,0.3806215
2025-08-14 11:00:00,0.418397,11,3,8,0,0.3806215,0.418397,0.418397
2025-08-14 12:00:00,0.43778700000000004,12,3,8,0,0.418397,0.43778700000000004,0.43778700000000004
2025-08-14 13:00:00,0.4245605,13,3,8,0,0.43778700000000004,0.4245605,0.4245605
2025-08-14 14:00:00,0.41054650000000004,14,3,8,0,0.4245605,0.41054650000000004,0.41054650000000004
2025-08-14 15:00:00,0.414995,15,3,8,0,0.41054650000000004,0.414995,0.414995
2025-08-14 16:00:00,0.445025,16,3,8,0,0.414995,0.445025,0.445025
2025-08-14 17:00:00,0.50736,17,3,8,0,0.445025,0.50736,0.50736
2025-08-14 18:00:00,0.5722745,18,3,8,0,0.50736,0.5722745,0.5722745
2025-08-14 19:00:00,0.5941810000000001,19,3,8,0,0.5722745,0.5941810000000001,0.5941810000000001
2025-08-14 20:00:00,0.5949545,20,3,8,0,0.5941810000000001,0.5949545,0.5949545
2025-08-14 21:00:00,0.5747070000000001,21,3,8,0,0.5949545,0.5747070000000001,0.5747070000000001
2025-08-14 22:00:00,0.497938,22,3,8,0,0.5747070000000001,0.497938,0.497938
2025-08-14 23:00:00,0.400309,23,3,8,0,0.497938,0.400309,0.400309
2025-08-15 00:00:00,0.325885,0,4,8,0,0.400309,0.325885,0.325885
2025-08-15 01:00:00,0.285796,1,4,8,0,0.325885,0.285796,0.285796
2025-08-15 02:00:00,0.2679355,2,4,8,0,0.285796,0.2679355,0.2679355
2025-08-15 03:00:00,0.263284,3,4,8,0,0.2679355,0.263284,0.263284
2025-08-15 04:00:00,0.27233850000000004,4,4,8,0,0.263284,0.27233850000000004,0.27233850000000004
2025-08-15 05:00:00,0.3077515,5,4,8,0,0.27233850000000004,0.3077515,0.3077515
2025-08-15 06:00:00,0.35636650000000003,6,4,8,0,0.3077515,0.35636650000000003,0.35636650000000003
2025-08-15 07:00:00,0.3770865,7,4,8,0,0.35636650000000003,0.3770865,0.3770865
2025-08-15 08:00:00,0.3686445,8,4,8,0,0.3770865,0.3686445,0.3686445
2025-08-15 09:00:00,0.373079,9,4,8,0,0.3686445,0.373079,0.373079
2025-08-15 10:00:00,0.3806215,10,4,8,0,0.373079,0.3806215,0.3806215
2025-08-15 11:00:00,0.418397,11,4,8,0,0.3806215,0.418397,0.418397
2025-08-15 12:00:00,0.43778700000000004,12,4,8,0,0.418397,0.43778700000000004,0.43778700000000004
2025-08-15 13:00:00,0.4245605,13,4,8,0,0.43778700000000004,0.4245605,0.4245605
2025-08-15 14:00:00,0.41054650000000004,14,4,8,0,0.4245605,0.41054650000000004,0.41054650000000004
2025-08-15 15:00:00,0.414995,15,4,8,0,0.41054650000000004,0.414995,0.414995
2025-08-15 16:00:00,0.445025,16,4,8,0,0.414995,0.445025,0.445025
2025-08-15 17:00:00,0.50736,17,4,8,0,0.445025,0.50736,0.50736
2025-08-15 18:00:00,0.5722745,18,4,8,0,0.50736,0.5722745,0.5722745
2025-08-15 19:00:00,0.5941810000000001,19,4,8,0,0.5722745,0.5941810000000001,0.5941810000000001
2025-08-15 20:00:00,0.5949545,20,4,8,0,0.5941810000000001,0.5949545,0.5949545
2025-08-15 21:00:00,0.5747070000000001,21,4,8,0,0.5949545,0.5747070000000001,0.5747070000000001
2025-08-15 22:00:00,0.497938,22,4,8,0,0.5747070000000001,0.497938,0.497938
2025-08-15 23:00:00,0.400309,23,4,8,0,0.497938,0.400309,0.400309
2025-08-16 00:00:00,0.35091,0,5,8,1,0.400309,0.325885,0.35091
2025-08-16 01:00:00,0.3052245,1,5,8,1,0.35091,0.285796,0.3052245
2025-08-16 02:00:00,0.2814945,2,5,8,1,0.3052245,0.2679355,0.2814945
2025-08-16 03:00:00,0.27144250000000003,3,5,8,1,0.2814945,0.263284,0.27144250000000003
2025-08-16 04:00:00,0.2712745,4,5,8,1,0.27144250000000003,0.27233850000000004,0.2712745
2025-08-16 05:00:00,0.28245699999999996,5,5,8,1,0.2712745,0.3077515,0.28245699999999996
2025-08-16 06:00:00,0.315462,6,5,8,1,0.28245699999999996,0.35636650000000003,0.315462
2025-08-16 07:00:00,0.38933650000000003,7,5,8,1,0.315462,0.3770865,0.38933650000000003
2025-08-16 08:00:00,0.465388,8,5,8,1,0.38933650000000003,0.3686445,0.465388
2025-08-16 09:00:00,0.5119555,9,5,8,1,0.465388,0.373079,0.5119555
2025-08-16 10:00:00,0.544775,10,5,8,1,0.5119555,0.3806215,0.544775
2025-08-16 11:00:00,0.587013,11,5,8,1,0.544775,0.418397,0.587013
2025-08-16 12:00:00,0.5864285,12,5,8,1,0.587013,0.43778700000000004,0.5864285
2025-08-16 13:00:00,0.55503,13,5,8,1,0.5864285,0.4245605,0.55503
2025-08-16 14:00:00,0.5371345000000001,14,5,8,1,0.55503,0.41054650000000004,0.5371345000000001
2025-08-16 15:00:00,0.5257315,15,5,8,1,0.5371345000000001,0.414995,0.5257315
2025-08-16 16:00:00,0.5283774999999999,16,5,8,1,0.5257315,0.445025,0.5283774999999999
2025-08-16 17:00:00,0.5541900000000001,17,5,8,1,0.5283774999999999,0.50736,0.5541900000000001
2025-08-16 18:00:00,0.5826835,18,5,8,1,0.5541900000000001,0.5722745,0.5826835
2025-08-16 19:00:00,0.5790715000000001,19,5,8,1,0.5826835,0.5941810000000001,0.5790715000000001
2025-08-16 20:00:00,0.5712105000000001,20,5,8,1,0.5790715000000001,0.5949545,0.5712105000000001
2025-08-16 21:00:00,0.558859,21,5,8,1,0.5712105000000001,0.5747070000000001,0.558859
2025-08-16 22:00:00,0.506632,22,5,8,1,0.558859,0.497938,0.506632
2025-08-16 23:00:00,0.43346100000000004,23,5,8,1,0.506632,0.400309,0.43346100000000004
2025-08-17 00:00:00,0.361914,0,6,8,1,0.43346100000000004,0.35091,0.361914
2025-08-17 01:00:00,0.3142825,1,6,8,1,0.361914,0.3052245,0.3142825
2025-08-17 02:00:00,0.287168,2,6,8,1,0.3142825,0.2814945,0.287168
2025-08-17 03:00:00,0.273385,3,6,8,1,0.287168,0.27144250000000003,0.273385
2025-08-17 04:00:00,0.268961,4,6,8,1,0.273385,0.2712745,0.268961
2025-08-17 05:00:00,0.277746,5,6,8,1,0.268961,0.28245699999999996,0.277746
2025-08-17 06:00:00,0.30002700000000004,6,6,8,1,0.277746,0.315462,0.30002700000000004
2025-08-17 07:00:00,0.37053800000000003,7,6,8,1,0.30002700000000004,0.38933650000000003,0.37053800000000003
2025-08-17 08:00:00,0.4713275,8,6,8,1,0.37053800000000003,0.465388,0.4713275
2025-08-17 09:00:00,0.5517225,9,6,8,1,0.4713275,0.5119555,0.5517225
2025-08-17 10:00:00,0.6067495,10,6,8,1,0.5517225,0.544775,0.6067495
2025-08-17 11:00:00,0.6688780000000001,11,6,8,1,0.6067495,0.587013,0.6688780000000001
2025-08-17 12:00:00,0.6441435,12,6,8,1,0.6688780000000001,0.5864285,0.6441435
2025-08-17 13:00:00,0.580209,13,6,8,1,0.6441435,0.55503,0.580209
2025-08-17 14:00:00,0.539308,14,6,8,1,0.580209,0.5371345000000001,0.539308
2025-08-17 15:00:00,0.5163165000000001,15,6,8,1,0.539308,0.5257315,0.5163165000000001
2025-08-17 16:00:00,0.5156935,16,6,8,1,0.5163165000000001,0.5283774999999999,0.5156935
2025-08-17 17:00:00,0.5615015,17,6,8,1,0.5156935,0.5541900000000001,0.5615015
2025-08-17 18:00:00,0.606788,18,6,8,1,0.5615015,0.5826835,0.606788
2025-08-17 19:00:00,0.6099625,19,6,8,1,0.606788,0.5790715000000001,0.6099625
2025-08-17 20:00:00,0.5990949999999999,20,6,8,1,0.6099625,0.5712105000000001,0.5990949999999999
2025-08-17 21:00:00,0.576359,21,6,8,1,0.5990949999999999,0.558859,0.576359
2025-08-17 22:00:00,0.4935455,22,6,8,1,0.576359,0.506632,0.4935455
2025-08-17 23:00:00,0.394142,23,6,8,1,0.4935455,0.43346100000000004,0.394142
2025-08-18 00:00:00,0.325885,0,0,8,0,0.394142,0.361914,0.325885
2025-08-18 01:00:00,0.285796,1,0,8,0,0.325885,0.3142825,0.285796
2025-08-18 02:00:00,0.2679355,2,0,8,0,0.285796,0.287168,0.2679355
2025-08-18 03:00:00,0.263284,3,0,8,0,0.2679355,0.273385,0.263284
2025-08-18 04:00:00,0.27233850000000004,4,0,8,0,0.263284,0.268961,0.27233850000000004
2025-08-18 05:00:00,0.3077515,5,0,8,0,0.27233850000000004,0.277746,0.3077515
2025-08-18 06:00:00,0.35636650000000003,6,0,8,0,0.3077515,0.30002700000000004,0.35636650000000003
2025-08-18 07:00:00,0.3770865,7,0,8,0,0.35636650000000003,0.37053800000000003,0.3770865
2025-08-18 08:00:00,0.3686445,8,0,8,0,0.3770865,0.4713275,0.3686445
2025-08-18 09:00:00,0.373079,9,0,8,0,0.3686445,0.5517225,0.373079
2025-08-18 10:00:00,0.3806215,10,0,8,0,0.373079,0.6067495,0.3806215
2025-08-18 11:00:00,0.418397,11,0,8,0,0.3806215,0.6688780000000001,0.418397
2025-08-18 12:00:00,0.43778700000000004,12,0,8,0,0.418397,0.6441435,0.43778700000000004
2025-08-18 13:00:00,0.4245605,13,0,8,0,0.43778700000000004,0.580209,0.4245605
2025-08-18 14:00:00,0.41054650000000004,14,0,8,0,0.4245605,0.539308,0.41054650000000004
2025-08-18 15:00:00,0.414995,15,0,8,0,0.41054650000000004,0.5163165000000001,0.414995
2025-08-18 16:00:00,0.445025,16,0,8,0,0.414995,0.5156935,0.445025
2025-08-18 17:00:00,0.50736,17,0,8,0,0.445025,0.5615015,0.50736
2025-08-18 18:00:00,0.5722745,18,0,8,0,0.50736,0.606788,0.5722745
2025-08-18 19:00:00,0.5941810000000001,19,0,8,0,0.5722745,0.6099625,0.5941810000000001
2025-08-18 20:00:00,0.5949545,20,0,8,0,0.5941810000000001,0.5990949999999999,0.5949545
2025-08-18 21:00:00,0.5747070000000001,21,0,8,0,0.5949545,0.576359,0.5747070000000001
2025-08-18 22:00:00,0.497938,22,0,8,0,0.5747070000000001,0.4935455,0.497938
2025-08-18 23:00:00,0.400309,23,0,8,0,0.497938,0.394142,0.400309
2025-08-19 00:00:00,0.325885,0,1,8,0,0.400309,0.325885,0.325885
2025-08-19 01:00:00,0.285796,1,1,8,0,0.325885,0.285796,0.285796
2025-08-19 02:00:00,0.2679355,2,1,8,0,0.285796,0.2679355,0.2679355
2025-08-19 03:00:00,0.263284,3,1,8,0,0.2679355,0.263284,0.263284
2025-08-19 04:00:00,0.27233850000000004,4,1,8,0,0.263284,0.27233850000000004,0.27233850000000004
2025-08-19 05:00:00,0.3077515,5,1,8,0,0.27233850000000004,0.3077515,0.3077515
2025-08-19 06:00:00,0.35636650000000003,6,1,8,0,0.3077515,0.35636650000000003,0.35636650000000003
2025-08-19 07:00:00,0.3770865,7,1,8,0,0.35636650000000003,0.3770865,0.3770865
2025-08-19 08:00:00,0.3686445,8,1,8,0,0.3770865,0.3686445,0.3686445
2025-08-19 09:00:00,0.373079,9,1,8,0,0.3686445,0.373079,0.373079
2025-08-19 10:00:00,0.3806215,10,1,8,0,0.373079,0.3806215,0.3806215
2025-08-19 11:00:00,0.418397,11,1,8,0,0.3806215,0.418397,0.418397
2025-08-19 12:00:00,0.43778700000000004,12,1,8,0,0.418397,0.43778700000000004,0.43778700000000004
2025-08-19 13:00:00,0.4245605,13,1,8,0,0.43778700000000004,0.4245605,0.4245605
2025-08-19 14:00:00,0.41054650000000004,14,1,8,0,0.4245605,0.41054650000000004,0.41054650000000004
2025-08-19 15:00:00,0.414995,15,1,8,0,0.41054650000000004,0.414995,0.414995
2025-08-19 16:00:00,0.445025,16,1,8,0,0.414995,0.445025,0.445025
2025-08-19 17:00:00,0.50736,17,1,8,0,0.445025,0.50736,0.50736
2025-08-19 18:00:00,0.5722745,18,1,8,0,0.50736,0.5722745,0.5722745
2025-08-19 19:00:00,0.5941810000000001,19,1,8,0,0.5722745,0.5941810000000001,0.5941810000000001
2025-08-19 20:00:00,0.5949545,20,1,8,0,0.5941810000000001,0.5949545,0.5949545
2025-08-19 21:00:00,0.5747070000000001,21,1,8,0,0.5949545,0.5747070000000001,0.5747070000000001
2025-08-19 22:00:00,0.497938,22,1,8,0,0.5747070000000001,0.497938,0.497938
2025-08-19 23:00:00,0.400309,23,1,8,0,0.497938,0.400309,0.400309
2025-08-20 00:00:00,0.325885,0,2,8,0,0.400309,0.325885,0.325885
2025-08-20 01:00:00,0.285796,1,2,8,0,0.325885,0.285796,0.285796
2025-08-20 02:00:00,0.2679355,2,2,8,0,0.285796,0.2679355,0.2679355
2025-08-20 03:00:00,0.263284,3,2,8,0,0.2679355,0.263284,0.263284
2025-08-20 04:00:00,0.27233850000000004,4,2,8,0,0.263284,0.27233850000000004,0.27233850000000004
2025-08-20 05:00:00,0.3077515,5,2,8,0,0.27233850000000004,0.3077515,0.3077515
2025-08-20 06:00:00,0.35636650000000003,6,2,8,0,0.3077515,0.35636650000000003,0.35636650000000003
2025-08-20 07:00:00,0.3770865,7,2,8,0,0.35636650000000003,0.3770865,0.3770865
2025-08-20 08:00:00,0.3686445,8,2,8,0,0.3770865,0.3686445,0.3686445
2025-08-20 09:00:00,0.373079,9,2,8,0,0.3686445,0.373079,0.373079
2025-08-20 10:00:00,0.3806215,10,2,8,0,0.373079,0.3806215,0.3806215
2025-08-20 11:00:00,0.418397,11,2,8,0,0.3806215,0.418397,0.418397
2025-08-20 12:00:00,0.43778700000000004,12,2,8,0,0.418397,0.43778700000000004,0.43778700000000004
2025-08-20 13:00:00,0.4245605,13,2,8,0,0.43778700000000004,0.4245605,0.4245605
2025-08-20 14:00:00,0.41054650000000004,14,2,8,0,0.4245605,0.41054650000000004,0.41054650000000004
2025-08-20 15:00:00,0.414995,15,2,8,0,0.41054650000000004,0.414995,0.414995
2025-08-20 16:00:00,0.445025,16,2,8,0,0.414995,0.445025,0.445025
2025-08-20 17:00:00,0.50736,17,2,8,0,0.445025,0.50736,0.50736
2025-08-20 18:00:00,0.5722745,18,2,8,0,0.50736,0.5722745,0.5722745
2025-08-20 19:00:00,0.5941810000000001,19,2,8,0,0.5722745,0.5941810000000001,0.5941810000000001
2025-08-20 20:00:00,0.5949545,20,2,8,0,0.5941810000000001,0.5949545,0.5949545
2025-08-20 21:00:00,0.5747070000000001,21,2,8,0,0.5949545,0.5747070000000001,0.5747070000000001
2025-08-20 22:00:00,0.497938,22,2,8,0,0.5747070000000001,0.497938,0.497938
2025-08-20 23:00:00,0.400309,23,2,8,0,0.497938,0.400309,0.400309
2025-08-21 00:00:00,0.325885,0,3,8,0,0.400309,0.325885,0.325885
2025-08-21 01:00:00,0.285796,1,3,8,0,0.325885,0.285796,0.285796
2025-08-21 02:00:00,0.2679355,2,3,8,0,0.285796,0.2679355,0.2679355
2025-08-21 03:00:00,0.263284,3,3,8,0,0.2679355,0.263284,0.263284
2025-08-21 04:00:00,0.27233850000000004,4,3,8,0,0.263284,0.27233850000000004,0.27233850000000004
2025-08-21 05:00:00,0.3077515,5,3,8,0,0.27233850000000004,0.3077515,0.3077515
2025-08-21 06:00:00,0.35636650000000003,6,3,8,0,0.3077515,0.35636650000000003,0.35636650000000003
2025-08-21 07:00:00,0.3770865,7,3,8,0,0.35636650000000003,0.3770865,0.3770865
2025-08-21 08:00:00,0.3686445,8,3,8,0,0.3770865,0.3686445,0.3686445
2025-08-21 09:00:00,0.373079,9,3,8,0,0.3686445,0.373079,0.373079
2025-08-21 10:00:00,0.3806215,10,3,8,0,0.373079,0.3806215,0.3806215
2025-08-21 11:00:00,0.418397,11,3,8,0,0.3806215,0.418397,0.418397
2025-08-21 12:00:00,0.43778700000000004,12,3,8,0,0.418397,0.43778700000000004,0.43778700000000004
2025-08-21 13:00:00,0.4245605,13,3,8,0,0.43778700000000004,0.4245605,0.4245605
2025-08-21 14:00:00,0.41054650000000004,14,3,8,0,0.4245605,0.41054650000000004,0.41054650000000004
2025-08-21 15:00:00,0.414995,15,3,8,0,0.41054650000000004,0.414995,0.414995
2025-08-21 16:00:00,0.445025,16,3,8,0,0.414995,0.445025,0.445025
2025-08-21 17:00:00,0.50736,17,3,8,0,0.445025,0.50736,0.50736
2025-08-21 18:00:00,0.5722745,18,3,8,0,0.50736,0.5722745,0.5722745
2025-08-21 19:00:00,0.5941810000000001,19,3,8,0,0.5722745,0.5941810000000001,0.5941810000000001
2025-08-21 20:00:00,0.5949545,20,3,8,0,0.5941810000000001,0.5949545,0.5949545
2025-08-21 21:00:00,0.5747070000000001,21,3,8,0,0.5949545,0.5747070000000001,0.5747070000000001
2025-08-21 22:00:00,0.497938,22,3,8,0,0.5747070000000001,0.497938,0.497938
2025-08-21 23:00:00,0.400309,23,3,8,0,0.497938,0.400309,0.400309
2025-08-22 00:00:00,0.325885,0,4,8,0,0.400309,0.325885,0.325885
2025-08-22 01:00:00,0.285796,1,4,8,0,0.325885,0.285796,0.285796
2025-08-22 02:00:00,0.2679355,2,4,8,0,0.285796,0.2679355,0.2679355
2025-08-22 03:00:00,0.263284,3,4,8,0,0.2679355,0.263284,0.263284
2025-08-22 04:00:00,0.27233850000000004,4,4,8,0,0.263284,0.27233850000000004,0.27233850000000004
2025-08-22 05:00:00,0.3077515,5,4,8,0,0.27233850000000004,0.3077515,0.3077515
2025-08-22 06:00:00,0.35636650000000003,6,4,8,0,0.3077515,0.35636650000000003,0.35636650000000003
2025-08-22 07:00:00,0.3770865,7,4,8,0,0.35636650000000003,0.3770865,0.3770865
2025-08-22 08:00:00,0.3686445,8,4,8,0,0.3770865,0.3686445,0.3686445
2025-08-22 09:00:00,0.373079,9,4,8,0,0.3686445,0.373079,0.373079
2025-08-22 10:00:00,0.3806215,10,4,8,0,0.373079,0.3806215,0.3806215
2025-08-22 11:00:00,0.418397,11,4,8,0,0.3806215,0.418397,0.418397
2025-08-22 12:00:00,0.43778700000000004,12,4,8,0,0.418397,0.43778700000000004,0.43778700000000004
2025-08-22 13:00:00,0.4245605,13,4,8,0,0.43778700000000004,0.4245605,0.4245605
2025-08-22 14:00:00,0.41054650000000004,14,4,8,0,0.4245605,0.41054650000000004,0.41054650000000004
2025-08-22 15:00:00,0.414995,15,4,8,0,0.41054650000000004,0.414995,0.414995
2025-08-22 16:00:00,0.445025,16,4,8,0,0.414995,0.445025,0.445025
2025-08-22 17:00:00,0.50736,17,4,8,0,0.445025,0.50736,0.50736
2025-08-22 18:00:00,0.5722745,18,4,8,0,0.50736,0.5722745,0.5722745
2025-08-22 19:00:00,0.5941810000000001,19,4,8,0,0.5722745,0.5941810000000001,0.5941810000000001
2025-08-22 20:00:00,0.5949545,20,4,8,0,0.5941810000000001,0.5949545,0.5949545
2025-08-22 21:00:00,0.5747070000000001,21,4,8,0,0.5949545,0.5747070000000001,0.5747070000000001
2025-08-22 22:00:00,0.497938,22,4,8,0,0.5747070000000001,0.497938,0.497938
2025-08-22 23:00:00,0.400309,23,4,8,0,0.497938,0.400309,0.400309
2025-08-23 00:00:00,0.35091,0,5,8,1,0.400309,0.325885,0.35091
2025-08-23 01:00:00,0.3052245,1,5,8,1,0.35091,0.285796,0.3052245
2025-08-23 02:00:00,0.2814945,2,5,8,1,0.3052245,0.2679355,0.2814945
2025-08-23 03:00:00,0.27144250000000003,3,5,8,1,0.2814945,0.263284,0.27144250000000003
2025-08-23 04:00:00,0.2712745,4,5,8,1,0.27144250000000003,0.27233850000000004,0.2712745
2025-08-23 05:00:00,0.28245699999999996,5,5,8,1,0.2712745,0.3077515,0.28245699999999996
2025-08-23 06:00:00,0.315462,6,5,8,1,0.28245699999999996,0.35636650000000003,0.315462
2025-08-23 07:00:00,0.38933650000000003,7,5,8,1,0.315462,0.3770865,0.38933650000000003
2025-08-23 08:00:00,0.465388,8,5,8,1,0.38933650000000003,0.3686445,0.465388
2025-08-23 09:00:00,0.5119555,9,5,8,1,0.465388,0.373079,0.5119555
2025-08-23 10:00:00,0.544775,10,5,8,1,0.5119555,0.3806215,0.544775
2025-08-23 11:00:00,0.587013,11,5,8,1,0.544775,0.418397,0.587013
2025-08-23 12:00:00,0.5864285,12,5,8,1,0.587013,0.43778700000000004,0.5864285
2025-08-23 13:00:00,0.55503,13,5,8,1,0.5864285,0.4245605,0.55503
2025-08-23 14:00:00,0.5371345000000001,14,5,8,1,0.55503,0.41054650000000004,0.5371345000000001
2025-08-23 15:00:00,0.5257315,15,5,8,1,0.5371345000000001,0.414995,0.5257315
2025-08-23 16:00:00,0.5283774999999999,16,5,8,1,0.5257315,0.445025,0.5283774999999999
2025-08-23 17:00:00,0.5541900000000001,17,5,8,1,0.5283774999999999,0.50736,0.5541900000000001
2025-08-23 18:00:00,0.5826835,18,5,8,1,0.5541900000000001,0.5722745,0.5826835
2025-08-23 19:00:00,0.5790715000000001,19,5,8,1,0.5826835,0.5941810000000001,0.5790715000000001
2025-08-23 20:00:00,0.5712105000000001,20,5,8,1,0.5790715000000001,0.5949545,0.5712105000000001
2025-08-23 21:00:00,0.558859,21,5,8,1,0.5712105000000001,0.5747070000000001,0.558859
2025-08-23 22:00:00,0.506632,22,5,8,1,0.558859,0.497938,0.506632
2025-08-23 23:00:00,0.43346100000000004,23,5,8,1,0.506632,0.400309,0.43346100000000004
2025-08-24 00:00:00,0.361914,0,6,8,1,0.43346100000000004,0.35091,0.361914
2025-08-24 01:00:00,0.3142825,1,6,8,1,0.361914,0.3052245,0.3142825
2025-08-24 02:00:00,0.287168,2,6,8,1,0.3142825,0.2814945,0.287168
2025-08-24 03:00:00,0.273385,3,6,8,1,0.287168,0.27144250000000003,0.273385
2025-08-24 04:00:00,0.268961,4,6,8,1,0.273385,0.2712745,0.268961
2025-08-24 05:00:00,0.277746,5,6,8,1,0.268961,0.28245699999999996,0.277746
2025-08-24 06:00:00,0.30002700000000004,6,6,8,1,0.277746,0.315462,0.30002700000000004
2025-08-24 07:00:00,0.37053800000000003,7,6,8,1,0.30002700000000004,0.38933650000000003,0.37053800000000003
2025-08-24 08:00:00,0.4713275,8,6,8,1,0.37053800000000003,0.465388,0.4713275
2025-08-24 09:00:00,0.5517225,9,6,8,1,0.4713275,0.5119555,0.5517225
2025-08-24 10:00:00,0.6067495,10,6,8,1,0.5517225,0.544775,0.6067495
2025-08-24 11:00:00,0.6688780000000001,11,6,8,1,0.6067495,0.587013,0.6688780000000001
2025-08-24 12:00:00,0.6441435,12,6,8,1,0.6688780000000001,0.5864285,0.6441435
2025-08-24 13:00:00,0.580209,13,6,8,1,0.6441435,0.55503,0.580209
2025-08-24 14:00:00,0.539308,14,6,8,1,0.580209,0.5371345000000001,0.539308
2025-08-24 15:00:00,0.5163165000000001,15,6,8,1,0.539308,0.5257315,0.5163165000000001
2025-08-24 16:00:00,0.5156935,16,6,8,1,0.5163165000000001,0.5283774999999999,0.5156935
2025-08-24 17:00:00,0.5615015,17,6,8,1,0.5156935,0.5541900000000001,0.5615015
2025-08-24 18:00:00,0.606788,18,6,8,1,0.5615015,0.5826835,0.606788
2025-08-24 19:00:00,0.6099625,19,6,8,1,0.606788,0.5790715000000001,0.6099625
2025-08-24 20:00:00,0.5990949999999999,20,6,8,1,0.6099625,0.5712105000000001,0.5990949999999999
2025-08-24 21:00:00,0.576359,21,6,8,1,0.5990949999999999,0.558859,0.576359
2025-08-24 22:00:00,0.4935455,22,6,8,1,0.576359,0.506632,0.4935455
2025-08-24 23:00:00,0.394142,23,6,8,1,0.4935455,0.43346100000000004,0.394142
2025-08-25 00:00:00,0.325885,0,0,8,0,0.394142,0.361914,0.325885
2025-08-25 01:00:00,0.285796,1,0,8,0,0.325885,0.3142825,0.285796
2025-08-25 02:00:00,0.2679355,2,0,8,0,0.285796,0.287168,0.2679355
2025-08-25 03:00:00,0.263284,3,0,8,0,0.2679355,0.273385,0.263284
2025-08-25 04:00:00,0.27233850000000004,4,0,8,0,0.263284,0.268961,0.27233850000000004
2025-08-25 05:00:00,0.3077515,5,0,8,0,0.27233850000000004,0.277746,0.3077515
2025-08-25 06:00:00,0.35636650000000003,6,0,8,0,0.3077515,0.30002700000000004,0.35636650000000003
2025-08-25 07:00:00,0.3770865,7,0,8,0,0.35636650000000003,0.37053800000000003,0.3770865
2025-08-25 08:00:00,0.3686445,8,0,8,0,0.3770865,0.4713275,0.3686445
2025-08-25 09:00:00,0.373079,9,0,8,0,0.3686445,0.5517225,0.373079
2025-08-25 10:00:00,0.3806215,10,0,8,0,0.373079,0.6067495,0.3806215
2025-08-25 11:00:00,0.418397,11,0,8,0,0.3806215,0.6688780000000001,0.418397
2025-08-25 12:00:00,0.43778700000000004,12,0,8,0,0.418397,0.6441435,0.43778700000000004
2025-08-25 13:00:00,0.4245605,13,0,8,0,0.43778700000000004,0.580209,0.4245605
2025-08-25 14:00:00,0.41054650000000004,14,0,8,0,0.4245605,0.539308,0.41054650000000004
2025-08-25 15:00:00,0.414995,15,0,8,0,0.41054650000000004,0.5163165000000001,0.414995
2025-08-25 16:00:00,0.445025,16,0,8,0,0.414995,0.5156935,0.445025
2025-08-25 17:00:00,0.50736,17,0,8,0,0.445025,0.5615015,0.50736
2025-08-25 18:00:00,0.5722745,18,0,8,0,0.50736,0.606788,0.5722745
2025-08-25 19:00:00,0.5941810000000001,19,0,8,0,0.5722745,0.6099625,0.5941810000000001
2025-08-25 20:00:00,0.5949545,20,0,8,0,0.5941810000000001,0.5990949999999999,0.5949545
2025-08-25 21:00:00,0.5747070000000001,21,0,8,0,0.5949545,0.576359,0.5747070000000001
2025-08-25 22:00:00,0.497938,22,0,8,0,0.5747070000000001,0.4935455,0.497938
2025-08-25 23:00:00,0.400309,23,0,8,0,0.497938,0.394142,0.400309
2025-08-26 00:00:00,0.325885,0,1,8,0,0.400309,0.325885,0.325885
2025-08-26 01:00:00,0.285796,1,1,8,0,0.325885,0.285796,0.285796
2025-08-26 02:00:00,0.2679355,2,1,8,0,0.285796,0.2679355,0.2679355
2025-08-26 03:00:00,0.263284,3,1,8,0,0.2679355,0.263284,0.263284
2025-08-26 04:00:00,0.27233850000000004,4,1,8,0,0.263284,0.27233850000000004,0.27233850000000004
2025-08-26 05:00:00,0.3077515,5,1,8,0,0.27233850000000004,0.3077515,0.3077515
2025-08-26 06:00:00,0.35636650000000003,6,1,8,0,0.3077515,0.35636650000000003,0.35636650000000003
2025-08-26 07:00:00,0.3770865,7,1,8,0,0.35636650000000003,0.3770865,0.3770865
2025-08-26 08:00:00,0.3686445,8,1,8,0,0.3770865,0.3686445,0.3686445
2025-08-26 09:00:00,0.373079,9,1,8,0,0.3686445,0.373079,0.373079
2025-08-26 10:00:00,0.3806215,10,1,8,0,0.373079,0.3806215,0.3806215
2025-08-26 11:00:00,0.418397,11,1,8,0,0.3806215,0.418397,0.418397
2025-08-26 12:00:00,0.43778700000000004,12,1,8,0,0.418397,0.43778700000000004,0.43778700000000004
2025-08-26 13:00:00,0.4245605,13,1,8,0,0.43778700000000004,0.4245605,0.4245605
2025-08-26 14:00:00,0.41054650000000004,14,1,8,0,0.4245605,0.41054650000000004,0.41054650000000004
2025-08-26 15:00:00,0.414995,15,1,8,0,0.41054650000000004,0.414995,0.414995
2025-08-26 16:00:00,0.445025,16,1,8,0,0.414995,0.445025,0.445025
2025-08-26 17:00:00,0.50736,17,1,8,0,0.445025,0.50736,0.50736
2025-08-26 18:00:00,0.5722745,18,1,8,0,0.50736,0.5722745,0.5722745
2025-08-26 19:00:00,0.5941810000000001,19,1,8,0,0.5722745,0.5941810000000001,0.5941810000000001
2025-08-26 20:00:00,0.5949545,20,1,8,0,0.5941810000000001,0.5949545,0.5949545
2025-08-26 21:00:00,0.5747070000000001,21,1,8,0,0.5949545,0.5747070000000001,0.5747070000000001
2025-08-26 22:00:00,0.497938,22,1,8,0,0.5747070000000001,0.497938,0.497938
2025-08-26 23:00:00,0.400309,23,1,8,0,0.497938,0.400309,0.400309
2025-08-27 00:00:00,0.325885,0,2,8,0,0.400309,0.325885,0.325885
2025-08-27 01:00:00,0.285796,1,2,8,0,0.325885,0.285796,0.285796
2025-08-27 02:00:00,0.2679355,2,2,8,0,0.285796,0.2679355,0.2679355
2025-08-27 03:00:00,0.263284,3,2,8,0,0.2679355,0.263284,0.263284
2025-08-27 04:00:00,0.27233850000000004,4,2,8,0,0.263284,0.27233850000000004,0.27233850000000004
2025-08-27 05:00:00,0.3077515,5,2,8,0,0.27233850000000004,0.3077515,0.3077515
2025-08-27 06:00:00,0.35636650000000003,6,2,8,0,0.3077515,0.35636650000000003,0.35636650000000003
2025-08-27 07:00:00,0.3770865,7,2,8,0,0.35636650000000003,0.3770865,0.3770865
2025-08-27 08:00:00,0.3686445,8,2,8,0,0.3770865,0.3686445,0.3686445
2025-08-27 09:00:00,0.373079,9,2,8,0,0.3686445,0.373079,0.373079
2025-08-27 10:00:00,0.3806215,10,2,8,0,0.373079,0.3806215,0.3806215
2025-08-27 11:00:00,0.418397,11,2,8,0,0.3806215,0.418397,0.418397
2025-08-27 12:00:00,0.43778700000000004,12,2,8,0,0.418397,0.43778700000000004,0.43778700000000004
2025-08-27 13:00:00,0.4245605,13,2,8,0,0.43778700000000004,0.4245605,0.4245605
2025-08-27 14:00:00,0.41054650000000004,14,2,8,0,0.4245605,0.41054650000000004,0.41054650000000004
2025-08-27 15:00:00,0.414995,15,2,8,0,0.41054650000000004,0.414995,0.414995
2025-08-27 16:00:00,0.445025,16,2,8,0,0.414995,0.445025,0.445025
2025-08-27 17:00:00,0.50736,17,2,8,0,0.445025,0.50736,0.50736
2025-08-27 18:00:00,0.5722745,18,2,8,0,0.50736,0.5722745,0.5722745
2025-08-27 19:00:00,0.5941810000000001,19,2,8,0,0.5722745,0.5941810000000001,0.5941810000000001
2025-08-27 20:00:00,0.5949545,20,2,8,0,0.5941810000000001,0.5949545,0.5949545
2025-08-27 21:00:00,0.5747070000000001,21,2,8,0,0.5949545,0.5747070000000001,0.5747070000000001
2025-08-27 22:00:00,0.497938,22,2,8,0,0.5747070000000001,0.497938,0.497938
2025-08-27 23:00:00,0.400309,23,2,8,0,0.497938,0.400309,0.400309
2025-08-28 00:00:00,0.325885,0,3,8,0,0.400309,0.325885,0.325885
2025-08-28 01:00:00,0.285796,1,3,8,0,0.325885,0.285796,0.285796
2025-08-28 02:00:00,0.2679355,2,3,8,0,0.285796,0.2679355,0.2679355
2025-08-28 03:00:00,0.263284,3,3,8,0,0.2679355,0.263284,0.263284
2025-08-28 04:00:00,0.27233850000000004,4,3,8,0,0.263284,0.27233850000000004,0.27233850000000004
2025-08-28 05:00:00,0.3077515,5,3,8,0,0.27233850000000004,0.3077515,0.3077515
2025-08-28 06:00:00,0.35636650000000003,6,3,8,0,0.3077515,0.35636650000000003,0.35636650000000003
2025-08-28 07:00:00,0.3770865,7,3,8,0,0.35636650000000003,0.3770865,0.3770865
2025-08-28 08:00:00,0.3686445,8,3,8,0,0.3770865,0.3686445,0.3686445
2025-08-28 09:00:00,0.373079,9,3,8,0,0.3686445,0.373079,0.373079
2025-08-28 10:00:00,0.3806215,10,3,8,0,0.373079,0.3806215,0.3806215
2025-08-28 11:00:00,0.418397,11,3,8,0,0.3806215,0.418397,0.418397
2025-08-28 12:00:00,0.43778700000000004,12,3,8,0,0.418397,0.43778700000000004,0.43778700000000004
2025-08-28 13:00:00,0.4245605,13,3,8,0,0.43778700000000004,0.4245605,0.4245605
2025-08-28 14:00:00,0.41054650000000004,14,3,8,0,0.4245605,0.41054650000000004,0.41054650000000004
2025-08-28 15:00:00,0.414995,15,3,8,0,0.41054650000000004,0.414995,0.414995
2025-08-28 16:00:00,0.445025,16,3,8,0,0.414995,0.445025,0.445025
2025-08-28 17:00:00,0.50736,17,3,8,0,0.445025,0.50736,0.50736
2025-08-28 18:00:00,0.5722745,18,3,8,0,0.50736,0.5722745,0.5722745
2025-08-28 19:00:00,0.5941810000000001,19,3,8,0,0.5722745,0.5941810000000001,0.5941810000000001
2025-08-28 20:00:00,0.5949545,20,3,8,0,0.5941810000000001,0.5949545,0.5949545
2025-08-28 21:00:00,0.5747070000000001,21,3,8,0,0.5949545,0.5747070000000001,0.5747070000000001
2025-08-28 22:00:00,0.497938,22,3,8,0,0.5747070000000001,0.497938,0.497938
2025-08-28 23:00:00,0.400309,23,3,8,0,0.497938,0.400309,0.400309
2025-08-29 00:00:00,0.325885,0,4,8,0,0.400309,0.325885,0.325885
2025-08-29 01:00:00,0.285796,1,4,8,0,0.325885,0.285796,0.285796
2025-08-29 02:00:00,0.2679355,2,4,8,0,0.285796,0.2679355,0.2679355
2025-08-29 03:00:00,0.263284,3,4,8,0,0.2679355,0.263284,0.263284
2025-08-29 04:00:00,0.27233850000000004,4,4,8,0,0.263284,0.27233850000000004,0.27233850000000004
2025-08-29 05:00:00,0.3077515,5,4,8,0,0.27233850000000004,0.3077515,0.3077515
2025-08-29 06:00:00,0.35636650000000003,6,4,8,0,0.3077515,0.35636650000000003,0.35636650000000003
2025-08-29 07:00:00,0.3770865,7,4,8,0,0.35636650000000003,0.3770865,0.3770865
2025-08-29 08:00:00,0.3686445,8,4,8,0,0.3770865,0.3686445,0.3686445
2025-08-29 09:00:00,0.373079,9,4,8,0,0.3686445,0.373079,0.373079
2025-08-29 10:00:00,0.3806215,10,4,8,0,0.373079,0.3806215,0.3806215
2025-08-29 11:00:00,0.418397,11,4,8,0,0.3806215,0.418397,0.418397
2025-08-29 12:00:00,0.43778700000000004,12,4,8,0,0.418397,0.43778700000000004,0.43778700000000004
2025-08-29 13:00:00,0.4245605,13,4,8,0,0.43778700000000004,0.4245605,0.4245605
2025-08-29 14:00:00,0.41054650000000004,14,4,8,0,0.4245605,0.41054650000000004,0.41054650000000004
2025-08-29 15:00:00,0.414995,15,4,8,0,0.41054650000000004,0.414995,0.414995
2025-08-29 16:00:00,0.445025,16,4,8,0,0.414995,0.445025,0.445025
2025-08-29 17:00:00,0.50736,17,4,8,0,0.445025,0.50736,0.50736
2025-08-29 18:00:00,0.5722745,18,4,8,0,0.50736,0.5722745,0.5722745
2025-08-29 19:00:00,0.5941810000000001,19,4,8,0,0.5722745,0.5941810000000001,0.5941810000000001
2025-08-29 20:00:00,0.5949545,20,4,8,0,0.5941810000000001,0.5949545,0.5949545
2025-08-29 21:00:00,0.5747070000000001,21,4,8,0,0.5949545,0.5747070000000001,0.5747070000000001
2025-08-29 22:00:00,0.497938,22,4,8,0,0.5747070000000001,0.497938,0.497938
2025-08-29 23:00:00,0.400309,23,4,8,0,0.497938,0.400309,0.400309
2025-08-30 00:00:00,0.35091,0,5,8,1,0.400309,0.325885,0.35091
2025-08-30 01:00:00,0.3052245,1,5,8,1,0.35091,0.285796,0.3052245
2025-08-30 02:00:00,0.2814945,2,5,8,1,0.3052245,0.2679355,0.2814945
2025-08-30 03:00:00,0.27144250000000003,3,5,8,1,0.2814945,0.263284,0.27144250000000003
2025-08-30 04:00:00,0.2712745,4,5,8,1,0.27144250000000003,0.27233850000000004,0.2712745
2025-08-30 05:00:00,0.28245699999999996,5,5,8,1,0.2712745,0.3077515,0.28245699999999996
2025-08-30 06:00:00,0.315462,6,5,8,1,0.28245699999999996,0.35636650000000003,0.315462
2025-08-30 07:00:00,0.38933650000000003,7,5,8,1,0.315462,0.3770865,0.38933650000000003
2025-08-30 08:00:00,0.465388,8,5,8,1,0.38933650000000003,0.3686445,0.465388
2025-08-30 09:00:00,0.5119555,9,5,8,1,0.465388,0.373079,0.5119555
2025-08-30 10:00:00,0.544775,10,5,8,1,0.5119555,0.3806215,0.544775
2025-08-30 11:00:00,0.587013,11,5,8,1,0.544775,0.418397,0.587013
2025-08-30 12:00:00,0.5864285,12,5,8,1,0.587013,0.43778700000000004,0.5864285
2025-08-30 13:00:00,0.55503,13,5,8,1,0.5864285,0.4245605,0.55503
2025-08-30 14:00:00,0.5371345000000001,14,5,8,1,0.55503,0.41054650000000004,0.5371345000000001
2025-08-30 15:00:00,0.5257315,15,5,8,1,0.5371345000000001,0.414995,0.5257315
2025-08-30 16:00:00,0.5283774999999999,16,5,8,1,0.5257315,0.445025,0.5283774999999999
2025-08-30 17:00:00,0.5541900000000001,17,5,8,1,0.5283774999999999,0.50736,0.5541900000000001
2025-08-30 18:00:00,0.5826835,18,5,8,1,0.5541900000000001,0.5722745,0.5826835
2025-08-30 19:00:00,0.5790715000000001,19,5,8,1,0.5826835,0.5941810000000001,0.5790715000000001
2025-08-30 20:00:00,0.5712105000000001,20,5,8,1,0.5790715000000001,0.5949545,0.5712105000000001
2025-08-30 21:00:00,0.558859,21,5,8,1,0.5712105000000001,0.5747070000000001,0.558859
2025-08-30 22:00:00,0.506632,22,5,8,1,0.558859,0.497938,0.506632
2025-08-30 23:00:00,0.43346100000000004,23,5,8,1,0.506632,0.400309,0.43346100000000004
2025-08-31 00:00:00,0.361914,0,6,8,1,0.43346100000000004,0.35091,0.361914
2025-08-31 01:00:00,0.3142825,1,6,8,1,0.361914,0.3052245,0.3142825
2025-08-31 02:00:00,0.287168,2,6,8,1,0.3142825,0.2814945,0.287168
2025-08-31 03:00:00,0.273385,3,6,8,1,0.287168,0.27144250000000003,0.273385
2025-08-31 04:00:00,0.268961,4,6,8,1,0.273385,0.2712745,0.268961
2025-08-31 05:00:00,0.277746,5,6,8,1,0.268961,0.28245699999999996,0.277746
2025-08-31 06:00:00,0.30002700000000004,6,6,8,1,0.277746,0.315462,0.30002700000000004
2025-08-31 07:00:00,0.37053800000000003,7,6,8,1,0.30002700000000004,0.38933650000000003,0.37053800000000003
2025-08-31 08:00:00,0.4713275,8,6,8,1,0.37053800000000003,0.465388,0.4713275
2025-08-31 09:00:00,0.5517225,9,6,8,1,0.4713275,0.5119555,0.5517225
2025-08-31 10:00:00,0.6067495,10,6,8,1,0.5517225,0.544775,0.6067495
2025-08-31 11:00:00,0.6688780000000001,11,6,8,1,0.6067495,0.587013,0.6688780000000001
2025-08-31 12:00:00,0.6441435,12,6,8,1,0.6688780000000001,0.5864285,0.6441435
2025-08-31 13:00:00,0.580209,13,6,8,1,0.6441435,0.55503,0.580209
2025-08-31 14:00:00,0.539308,14,6,8,1,0.580209,0.5371345000000001,0.539308
2025-08-31 15:00:00,0.5163165000000001,15,6,8,1,0.539308,0.5257315,0.5163165000000001
2025-08-31 16:00:00,0.5156935,16,6,8,1,0.5163165000000001,0.5283774999999999,0.5156935
2025-08-31 17:00:00,0.5615015,17,6,8,1,0.5156935,0.5541900000000001,0.5615015
2025-08-31 18:00:00,0.606788,18,6,8,1,0.5615015,0.5826835,0.606788
2025-08-31 19:00:00,0.6099625,19,6,8,1,0.606788,0.5790715000000001,0.6099625
2025-08-31 20:00:00,0.5990949999999999,20,6,8,1,0.6099625,0.5712105000000001,0.5990949999999999
2025-08-31 21:00:00,0.576359,21,6,8,1,0.5990949999999999,0.558859,0.576359
2025-08-31 22:00:00,0.4935455,22,6,8,1,0.576359,0.506632,0.4935455
2025-08-31 23:00:00,0.394142,23,6,8,1,0.4935455,0.43346100000000004,0.394142
2025-09-01 00:00:00,0.27900600000000003,0,0,9,0,0.394142,0.361914,0.325885
2025-09-01 01:00:00,0.243215,1,0,9,0,0.27900600000000003,0.3142825,0.285796
2025-09-01 02:00:00,0.22864450000000003,2,0,9,0,0.243215,0.287168,0.2679355
2025-09-01 03:00:00,0.2260615,3,0,9,0,0.22864450000000003,0.273385,0.263284
2025-09-01 04:00:00,0.236411,4,0,9,0,0.2260615,0.268961,0.27233850000000004
2025-09-01 05:00:00,0.282401,5,0,9,0,0.236411,0.277746,0.3077515
2025-09-01 06:00:00,0.3707935,6,0,9,0,0.282401,0.30002700000000004,0.35636650000000003
2025-09-01 07:00:00,0.382739,7,0,9,0,0.3707935,0.37053800000000003,0.3770865
2025-09-01 08:00:00,0.3570735,8,0,9,0,0.382739,0.4713275,0.3686445
2025-09-01 09:00:00,0.3516135,9,0,9,0,0.3570735,0.5517225,0.373079
2025-09-01 10:00:00,0.3539585,10,0,9,0,0.3516135,0.6067495,0.3806215
2025-09-01 11:00:00,0.3853885,11,0,9,0,0.3539585,0.6688780000000001,0.418397
2025-09-01 12:00:00,0.4011945,12,0,9,0,0.3853885,0.6441435,0.43778700000000004
2025-09-01 13:00:00,0.39083100000000004,13,0,9,0,0.4011945,0.580209,0.4245605
2025-09-01 14:00:00,0.37723,14,0,9,0,0.39083100000000004,0.539308,0.41054650000000004
2025-09-01 15:00:00,0.38491600000000004,15,0,9,0,0.37723,0.5163165000000001,0.414995
2025-09-01 16:00:00,0.4176935,16,0,9,0,0.38491600000000004,0.5156935,0.445025
2025-09-01 17:00:00,0.4865875,17,0,9,0,0.4176935,0.5615015,0.50736
2025-09-01 18:00:00,0.5629365,18,0,9,0,0.4865875,0.606788,0.5722745
2025-09-01 19:00:00,0.6148555,19,0,9,0,0.5629365,0.6099625,0.5941810000000001
2025-09-01 20:00:00,0.618576,20,0,9,0,0.6148555,0.5990949999999999,0.5949545
2025-09-01 21:00:00,0.5418805,21,0,9,0,0.618576,0.576359,0.5747070000000001
2025-09-01 22:00:00,0.449379,22,0,9,0,0.5418805,0.4935455,0.497938
2025-09-01 23:00:00,0.3528735,23,0,9,0,0.449379,0.394142,0.400309
2025-09-02 00:00:00,0.27900600000000003,0,1,9,0,0.3528735,0.27900600000000003,0.325885
2025-09-02 01:00:00,0.243215,1,1,9,0,0.27900600000000003,0.243215,0.285796
2025-09-02 02:00:00,0.22864450000000003,2,1,9,0,0.243215,0.22864450000000003,0.2679355
2025-09-02 03:00:00,0.2260615,3,1,9,0,0.22864450000000003,0.2260615,0.263284
2025-09-02 04:00:00,0.236411,4,1,9,0,0.2260615,0.236411,0.27233850000000004
2025-09-02 05:00:00,0.282401,5,1,9,0,0.236411,0.282401,0.3077515
2025-09-02 06:00:00,0.3707935,6,1,9,0,0.282401,0.3707935,0.35636650000000003
2025-09-02 07:00:00,0.382739,7,1,9,0,0.3707935,0.382739,0.3770865
2025-09-02 08:00:00,0.3570735,8,1,9,0,0.382739,0.3570735,0.3686445
2025-09-02 09:00:00,0.3516135,9,1,9,0,0.3570735,0.3516135,0.373079
2025-09-02 10:00:00,0.3539585,10,1,9,0,0.3516135,0.3539585,0.3806215
2025-09-02 11:00:00,0.3853885,11,1,9,0,0.3539585,0.3853885,0.418397
2025-09-02 12:00:00,0.4011945,12,1,9,0,0.3853885,0.4011945,0.43778700000000004
2025-09-02 13:00:00,0.39083100000000004,13,1,9,0,0.4011945,0.39083100000000004,0.4245605
2025-09-02 14:00:00,0.37723,14,1,9,0,0.39083100000000004,0.37723,0.41054650000000004
2025-09-02 15:00:00,0.38491600000000004,15,1,9,0,0.37723,0.38491600000000004,0.414995
2025-09-02 16:00:00,0.4176935,16,1,9,0,0.38491600000000004,0.4176935,0.445025
2025-09-02 17:00:00,0.4865875,17,1,9,0,0.4176935,0.4865875,0.50736
2025-09-02 18:00:00,0.5629365,18,1,9,0,0.4865875,0.5629365,0.5722745
2025-09-02 19:00:00,0.6148555,19,1,9,0,0.5629365,0.6148555,0.5941810000000001
2025-09-02 20:00:00,0.618576,20,1,9,0,0.6148555,0.618576,0.5949545
2025-09-02 21:00:00,0.5418805,21,1,9,0,0.618576,0.5418805,0.5747070000000001
2025-09-02 22:00:00,0.449379,22,1,9,0,0.5418805,0.449379,0.497938
2025-09-02 23:00:00,0.3528735,23,1,9,0,0.449379,0.3528735,0.400309
2025-09-03 00:00:00,0.27900600000000003,0,2,9,0,0.3528735,0.27900600000000003,0.325885
2025-09-03 01:00:00,0.243215,1,2,9,0,0.27900600000000003,0.243215,0.285796
2025-09-03 02:00:00,0.22864450000000003,2,2,9,0,0.243215,0.22864450000000003,0.2679355
2025-09-03 03:00:00,0.2260615,3,2,9,0,0.22864450000000003,0.2260615,0.263284
2025-09-03 04:00:00,0.236411,4,2,9,0,0.2260615,0.236411,0.27233850000000004
2025-09-03 05:00:00,0.282401,5,2,9,0,0.236411,0.282401,0.3077515
2025-09-03 06:00:00,0.3707935,6,2,9,0,0.282401,0.3707935,0.35636650000000003
2025-09-03 07:00:00,0.382739,7,2,9,0,0.3707935,0.382739,0.3770865
2025-09-03 08:00:00,0.3570735,8,2,9,0,0.382739,0.3570735,0.3686445
2025-09-03 09:00:00,0.3516135,9,2,9,0,0.3570735,0.3516135,0.373079
2025-09-03 10:00:00,0.3539585,10,2,9,0,0.3516135,0.3539585,0.3806215
2025-09-03 11:00:00,0.3853885,11,2,9,0,0.3539585,0.3853885,0.418397
2025-09-03 12:00:00,0.4011945,12,2,9,0,0.3853885,0.4011945,0.43778700000000004
2025-09-03 13:00:00,0.39083100000000004,13,2,9,0,0.4011945,0.39083100000000004,0.4245605
2025-09-03 14:00:00,0.37723,14,2,9,0,0.39083100000000004,0.37723,0.41054650000000004
2025-09-03 15:00:00,0.38491600000000004,15,2,9,0,0.37723,0.38491600000000004,0.414995
2025-09-03 16:00:00,0.4176935,16,2,9,0,0.38491600000000004,0.4176935,0.445025
2025-09-03 17:00:00,0.4865875,17,2,9,0,0.4176935,0.4865875,0.50736
2025-09-03 18:00:00,0.5629365,18,2,9,0,0.4865875,0.5629365,0.5722745
2025-09-03 19:00:00,0.6148555,19,2,9,0,0.5629365,0.6148555,0.5941810000000001
2025-09-03 20:00:00,0.618576,20,2,9,0,0.6148555,0.618576,0.5949545
2025-09-03 21:00:00,0.5418805,21,2,9,0,0.618576,0.5418805,0.5747070000000001
2025-09-03 22:00:00,0.449379,22,2,9,0,0.5418805,0.449379,0.497938
2025-09-03 23:00:00,0.3528735,23,2,9,0,0.449379,0.3528735,0.400309
2025-09-04 00:00:00,0.27900600000000003,0,3,9,0,0.3528735,0.27900600000000003,0.325885
2025-09-04 01:00:00,0.243215,1,3,9,0,0.27900600000000003,0.243215,0.285796
2025-09-04 02:00:00,0.22864450000000003,2,3,9,0,0.243215,0.22864450000000003,0.2679355
2025-09-04 03:00:00,0.2260615,3,3,9,0,0.22864450000000003,0.2260615,0.263284
2025-09-04 04:00:00,0.236411,4,3,9,0,0.2260615,0.236411,0.27233850000000004
2025-09-04 05:00:00,0.282401,5,3,9,0,0.236411,0.282401,0.3077515
2025-09-04 06:00:00,0.3707935,6,3,9,0,0.282401,0.3707935,0.35636650000000003
2025-09-04 07:00:00,0.382739,7,3,9,0,0.3707935,0.382739,0.3770865
2025-09-04 08:00:00,0.3570735,8,3,9,0,0.382739,0.3570735,0.3686445
2025-09-04 09:00:00,0.3516135,9,3,9,0,0.3570735,0.3516135,0.373079
2025-09-04 10:00:00,0.3539585,10,3,9,0,0.3516135,0.3539585,0.3806215
2025-09-04 11:00:00,0.3853885,11,3,9,0,0.3539585,0.3853885,0.418397
2025-09-04 12:00:00,0.4011945,12,3,9,0,0.3853885,0.4011945,0.43778700000000004
2025-09-04 13:00:00,0.39083100000000004,13,3,9,0,0.4011945,0.39083100000000004,0.4245605
2025-09-04 14:00:00,0.37723,14,3,9,0,0.39083100000000004,0.37723,0.41054650000000004
2025-09-04 15:00:00,0.38491600000000004,15,3,9,0,0.37723,0.38491600000000004,0.414995
2025-09-04 16:00:00,0.4176935,16,3,9,0,0.38491600000000004,0.4176935,0.445025
2025-09-04 17:00:00,0.4865875,17,3,9,0,0.4176935,0.4865875,0.50736
2025-09-04 18:00:00,0.5629365,18,3,9,0,0.4865875,0.5629365,0.5722745
2025-09-04 19:00:00,0.6148555,19,3,9,0,0.5629365,0.6148555,0.5941810000000001
2025-09-04 20:00:00,0.618576,20,3,9,0,0.6148555,0.618576,0.5949545
2025-09-04 21:00:00,0.5418805,21,3,9,0,0.618576,0.5418805,0.5747070000000001
2025-09-04 22:00:00,0.449379,22,3,9,0,0.5418805,0.449379,0.497938
2025-09-04 23:00:00,0.3528735,23,3,9,0,0.449379,0.3528735,0.400309
2025-09-05 00:00:00,0.27900600000000003,0,4,9,0,0.3528735,0.27900600000000003,0.325885
2025-09-05 01:00:00,0.243215,1,4,9,0,0.27900600000000003,0.243215,0.285796
2025-09-05 02:00:00,0.22864450000000003,2,4,9,0,0.243215,0.22864450000000003,0.2679355
2025-09-05 03:00:00,0.2260615,3,4,9,0,0.22864450000000003,0.2260615,0.263284
2025-09-05 04:00:00,0.236411,4,4,9,0,0.2260615,0.236411,0.27233850000000004
2025-09-05 05:00:00,0.282401,5,4,9,0,0.236411,0.282401,0.3077515
2025-09-05 06:00:00,0.3707935,6,4,9,0,0.282401,0.3707935,0.35636650000000003
2025-09-05 07:00:00,0.382739,7,4,9,0,0.3707935,0.382739,0.3770865
2025-09-05 08:00:00,0.3570735,8,4,9,0,0.382739,0.3570735,0.3686445
2025-09-05 09:00:00,0.3516135,9,4,9,0,0.3570735,0.3516135,0.373079
2025-09-05 10:00:00,0.3539585,10,4,9,0,0.3516135,0.3539585,0.3806215
2025-09-05 11:00:00,0.3853885,11,4,9,0,0.3539585,0.3853885,0.418397
2025-09-05 12:00:00,0.4011945,12,4,9,0,0.3853885,0.4011945,0.43778700000000004
2025-09-05 13:00:00,0.39083100000000004,13,4,9,0,0.4011945,0.39083100000000004,0.4245605
2025-09-05 14:00:00,0.37723,14,4,9,0,0.39083100000000004,0.37723,0.41054650000000004
2025-09-05 15:00:00,0.38491600000000004,15,4,9,0,0.37723,0.38491600000000004,0.414995
2025-09-05 16:00:00,0.4176935,16,4,9,0,0.38491600000000004,0.4176935,0.445025
2025-09-05 17:00:00,0.4865875,17,4,9,0,0.4176935,0.4865875,0.50736
2025-09-05 18:00:00,0.5629365,18,4,9,0,0.4865875,0.5629365,0.5722745
2025-09-05 19:00:00,0.6148555,19,4,9,0,0.5629365,0.6148555,0.5941810000000001
2025-09-05 20:00:00,0.618576,20,4,9,0,0.6148555,0.618576,0.5949545
2025-09-05 21:00:00,0.5418805,21,4,9,0,0.618576,0.5418805,0.5747070000000001
2025-09-05 22:00:00,0.449379,22,4,9,0,0.5418805,0.449379,0.497938
2025-09-05 23:00:00,0.3528735,23,4,9,0,0.449379,0.3528735,0.400309
2025-09-06 00:00:00,0.30707249999999997,0,5,9,1,0.3528735,0.27900600000000003,0.35091
2025-09-06 01:00:00,0.2618525,1,5,9,1,0.30707249999999997,0.243215,0.3052245
2025-09-06 02:00:00,0.24070550000000002,2,5,9,1,0.2618525,0.22864450000000003,0.2814945
2025-09-06 03:00:00,0.233961,3,5,9,1,0.24070550000000002,0.2260615,0.27144250000000003
2025-09-06 04:00:00,0.233562,4,5,9,1,0.233961,0.236411,0.2712745
2025-09-06 05:00:00,0.2477055,5,5,9,1,0.233562,0.282401,0.28245699999999996
2025-09-06 06:00:00,0.2992675,6,5,9,1,0.2477055,0.3707935,0.315462
2025-09-06 07:00:00,0.382536,7,5,9,1,0.2992675,0.382739,0.38933650000000003
2025-09-06 08:00:00,0.466746,8,5,9,1,0.382536,0.3570735,0.465388
2025-09-06 09:00:00,0.512428,9,5,9,1,0.466746,0.3516135,0.5119555
2025-09-06 10:00:00,0.537299,10,5,9,1,0.512428,0.3539585,0.544775
2025-09-06 11:00:00,0.575211,11,5,9,1,0.537299,0.3853885,0.587013
2025-09-06 12:00:00,0.564389,12,5,9,1,0.575211,0.4011945,0.5864285
2025-09-06 13:00:00,0.5295605,13,5,9,1,0.564389,0.39083100000000004,0.55503
2025-09-06 14:00:00,0.509117,14,5,9,1,0.5295605,0.37723,0.5371345000000001
2025-09-06 15:00:00,0.4994325,15,5,9,1,0.509117,0.38491600000000004,0.5257315
2025-09-06 16:00:00,0.501648,16,5,9,1,0.4994325,0.4176935,0.5283774999999999
2025-09-06 17:00:00,0.5371135,17,5,9,1,0.501648,0.4865875,0.5541900000000001
2025-09-06 18:00:00,0.5840695,18,5,9,1,0.5371135,0.5629365,0.5826835
2025-09-06 19:00:00,0.6152615,19,5,9,1,0.5840695,0.6148555,0.5790715000000001
2025-09-06 20:00:00,0.604877,20,5,9,1,0.6152615,0.618576,0.5712105000000001
2025-09-06 21:00:00,0.5364555,21,5,9,1,0.604877,0.5418805,0.558859
2025-09-06 22:00:00,0.46772600000000003,22,5,9,1,0.5364555,0.449379,0.506632
2025-09-06 23:00:00,0.39326700000000003,23,5,9,1,0.46772600000000003,0.3528735,0.43346100000000004
2025-09-07 00:00:00,0.326361,0,6,9,1,0.39326700000000003,0.30707249999999997,0.361914
2025-09-07 01:00:00,0.279258,1,6,9,1,0.326361,0.2618525,0.3142825
2025-09-07 02:00:00,0.255311,2,6,9,1,0.279258,0.24070550000000002,0.287168
2025-09-07 03:00:00,0.2434285,3,6,9,1,0.255311,0.233961,0.273385
2025-09-07 04:00:00,0.239092,4,6,9,1,0.2434285,0.233562,0.268961
2025-09-07 05:00:00,0.25067,5,6,9,1,0.239092,0.2477055,0.277746
2025-09-07 06:00:00,0.286279,6,6,9,1,0.25067,0.2992675,0.30002700000000004
2025-09-07 07:00:00,0.36005200000000004,7,6,9,1,0.286279,0.382536,0.37053800000000003
2025-09-07 08:00:00,0.470372,8,6,9,1,0.36005200000000004,0.466746,0.4713275
2025-09-07 09:00:00,0.554918,9,6,9,1,0.470372,0.512428,0.5517225
2025-09-07 10:00:00,0.6144425,10,6,9,1,0.554918,0.537299,0.6067495
2025-09-07 11:00:00,0.6778135000000001,11,6,9,1,0.6144425,0.575211,0.6688780000000001
2025-09-07 12:00:00,0.6478360000000001,12,6,9,1,0.6778135000000001,0.564389,0.6441435
2025-09-07 13:00:00,0.5797295,13,6,9,1,0.6478360000000001,0.5295605,0.580209
2025-09-07 14:00:00,0.538041,14,6,9,1,0.5797295,0.509117,0.539308
2025-09-07 15:00:00,0.513856,15,6,9,1,0.538041,0.4994325,0.5163165000000001
2025-09-07 16:00:00,0.515249,16,6,9,1,0.513856,0.501648,0.5156935
2025-09-07 17:00:00,0.568771,17,6,9,1,0.515249,0.5371135,0.5615015
2025-09-07 18:00:00,0.627193,18,6,9,1,0.568771,0.5840695,0.606788
2025-09-07 19:00:00,0.6518189999999999,19,6,9,1,0.627193,0.6152615,0.6099625
2025-09-07 20:00:00,0.6281380000000001,20,6,9,1,0.6518189999999999,0.604877,0.5990949999999999
2025-09-07 21:00:00,0.542976,21,6,9,1,0.6281380000000001,0.5364555,0.576359
2025-09-07 22:00:00,0.446117,22,6,9,1,0.542976,0.46772600000000003,0.4935455
2025-09-07 23:00:00,0.34881,23,6,9,1,0.446117,0.39326700000000003,0.394142
2025-09-08 00:00:00,0.27900600000000003,0,0,9,0,0.34881,0.326361,0.27900600000000003
2025-09-08 01:00:00,0.243215,1,0,9,0,0.27900600000000003,0.279258,0.243215
2025-09-08 02:00:00,0.22864450000000003,2,0,9,0,0.243215,0.255311,0.22864450000000003
2025-09-08 03:00:00,0.2260615,3,0,9,0,0.22864450000000003,0.2434285,0.2260615
2025-09-08 04:00:00,0.236411,4,0,9,0,0.2260615,0.239092,0.236411
2025-09-08 05:00:00,0.282401,5,0,9,0,0.236411,0.25067,0.282401
2025-09-08 06:00:00,0.3707935,6,0,9,0,0.282401,0.286279,0.3707935
2025-09-08 07:00:00,0.382739,7,0,9,0,0.3707935,0.36005200000000004,0.382739
2025-09-08 08:00:00,0.3570735,8,0,9,0,0.382739,0.470372,0.3570735
2025-09-08 09:00:00,0.3516135,9,0,9,0,0.3570735,0.554918,0.3516135
2025-09-08 10:00:00,0.3539585,10,0,9,0,0.3516135,0.6144425,0.3539585
2025-09-08 11:00:00,0.3853885,11,0,9,0,0.3539585,0.6778135000000001,0.3853885
2025-09-08 12:00:00,0.4011945,12,0,9,0,0.3853885,0.6478360000000001,0.4011945
2025-09-08 13:00:00,0.39083100000000004,13,0,9,0,0.4011945,0.5797295,0.39083100000000004
2025-09-08 14:00:00,0.37723,14,0,9,0,0.39083100000000004,0.538041,0.37723
2025-09-08 15:00:00,0.38491600000000004,15,0,9,0,0.37723,0.513856,0.38491600000000004
2025-09-08 16:00:00,0.4176935,16,0,9,0,0.38491600000000004,0.515249,0.4176935
2025-09-08 17:00:00,0.4865875,17,0,9,0,0.4176935,0.568771,0.4865875
2025-09-08 18:00:00,0.5629365,18,0,9,0,0.4865875,0.627193,0.5629365
2025-09-08 19:00:00,0.6148555,19,0,9,0,0.5629365,0.6518189999999999,0.6148555
2025-09-08 20:00:00,0.618576,20,0,9,0,0.6148555,0.6281380000000001,0.618576
2025-09-08 21:00:00,0.5418805,21,0,9,0,0.618576,0.542976,0.5418805
2025-09-08 22:00:00,0.449379,22,0,9,0,0.5418805,0.446117,0.449379
2025-09-08 23:00:00,0.3528735,23,0,9,0,0.449379,0.34881,0.3528735
2025-09-09 00:00:00,0.27900600000000003,0,1,9,0,0.3528735,0.27900600000000003,0.27900600000000003
2025-09-09 01:00:00,0.243215,1,1,9,0,0.27900600000000003,0.243215,0.243215
2025-09-09 02:00:00,0.22864450000000003,2,1,9,0,0.243215,0.22864450000000003,0.22864450000000003
2025-09-09 03:00:00,0.2260615,3,1,9,0,0.22864450000000003,0.2260615,0.2260615
2025-09-09 04:00:00,0.236411,4,1,9,0,0.2260615,0.236411,0.236411
2025-09-09 05:00:00,0.282401,5,1,9,0,0.236411,0.282401,0.282401
2025-09-09 06:00:00,0.3707935,6,1,9,0,0.282401,0.3707935,0.3707935
2025-09-09 07:00:00,0.382739,7,1,9,0,0.3707935,0.382739,0.382739
2025-09-09 08:00:00,0.3570735,8,1,9,0,0.382739,0.3570735,0.3570735
2025-09-09 09:00:00,0.3516135,9,1,9,0,0.3570735,0.3516135,0.3516135
2025-09-09 10:00:00,0.3539585,10,1,9,0,0.3516135,0.3539585,0.3539585
2025-09-09 11:00:00,0.3853885,11,1,9,0,0.3539585,0.3853885,0.3853885
2025-09-09 12:00:00,0.4011945,12,1,9,0,0.3853885,0.4011945,0.4011945
2025-09-09 13:00:00,0.39083100000000004,13,1,9,0,0.4011945,0.39083100000000004,0.39083100000000004
2025-09-09 14:00:00,0.37723,14,1,9,0,0.39083100000000004,0.37723,0.37723
2025-09-09 15:00:00,0.38491600000000004,15,1,9,0,0.37723,0.38491600000000004,0.38491600000000004
2025-09-09 16:00:00,0.4176935,16,1,9,0,0.38491600000000004,0.4176935,0.4176935
2025-09-09 17:00:00,0.4865875,17,1,9,0,0.4176935,0.4865875,0.4865875
2025-09-09 18:00:00,0.5629365,18,1,9,0,0.4865875,0.5629365,0.5629365
2025-09-09 19:00:00,0.6148555,19,1,9,0,0.5629365,0.6148555,0.6148555
2025-09-09 20:00:00,0.618576,20,1,9,0,0.6148555,0.618576,0.618576
2025-09-09 21:00:00,0.5418805,21,1,9,0,0.618576,0.5418805,0.5418805
2025-09-09 22:00:00,0.449379,22,1,9,0,0.5418805,0.449379,0.449379
2025-09-09 23:00:00,0.3528735,23,1,9,0,0.449379,0.3528735,0.3528735
2025-09-10 00:00:00,0.27900600000000003,0,2,9,0,0.3528735,0.27900600000000003,0.27900600000000003
2025-09-10 01:00:00,0.243215,1,2,9,0,0.27900600000000003,0.243215,0.243215
2025-09-10 02:00:00,0.22864450000000003,2,2,9,0,0.243215,0.22864450000000003,0.22864450000000003
2025-09-10 03:00:00,0.2260615,3,2,9,0,0.22864450000000003,0.2260615,0.2260615
2025-09-10 04:00:00,0.236411,4,2,9,0,0.2260615,0.236411,0.236411
2025-09-10 05:00:00,0.282401,5,2,9,0,0.236411,0.282401,0.282401
2025-09-10 06:00:00,0.3707935,6,2,9,0,0.282401,0.3707935,0.3707935
2025-09-10 07:00:00,0.382739,7,2,9,0,0.3707935,0.382739,0.382739
2025-09-10 08:00:00,0.3570735,8,2,9,0,0.382739,0.3570735,0.3570735
2025-09-10 09:00:00,0.3516135,9,2,9,0,0.3570735,0.3516135,0.3516135
2025-09-10 10:00:00,0.3539585,10,2,9,0,0.3516135,0.3539585,0.3539585
2025-09-10 11:00:00,0.3853885,11,2,9,0,0.3539585,0.3853885,0.3853885
2025-09-10 12:00:00,0.4011945,12,2,9,0,0.3853885,0.4011945,0.4011945
2025-09-10 13:00:00,0.39083100000000004,13,2,9,0,0.4011945,0.39083100000000004,0.39083100000000004
2025-09-10 14:00:00,0.37723,14,2,9,0,0.39083100000000004,0.37723,0.37723
2025-09-10 15:00:00,0.38491600000000004,15,2,9,0,0.37723,0.38491600000000004,0.38491600000000004
2025-09-10 16:00:00,0.4176935,16,2,9,0,0.38491600000000004,0.4176935,0.4176935
2025-09-10 17:00:00,0.4865875,17,2,9,0,0.4176935,0.4865875,0.4865875
2025-09-10 18:00:00,0.5629365,18,2,9,0,0.4865875,0.5629365,0.5629365
2025-09-10 19:00:00,0.6148555,19,2,9,0,0.5629365,0.6148555,0.6148555
2025-09-10 20:00:00,0.618576,20,2,9,0,0.6148555,0.618576,0.618576
2025-09-10 21:00:00,0.5418805,21,2,9,0,0.618576,0.5418805,0.5418805
2025-09-10 22:00:00,0.449379,22,2,9,0,0.5418805,0.449379,0.449379
2025-09-10 23:00:00,0.3528735,23,2,9,0,0.449379,0.3528735,0.3528735
2025-09-11 00:00:00,0.27900600000000003,0,3,9,0,0.3528735,0.27900600000000003,0.27900600000000003
2025-09-11 01:00:00,0.243215,1,3,9,0,0.27900600000000003,0.243215,0.243215
2025-09-11 02:00:00,0.22864450000000003,2,3,9,0,0.243215,0.22864450000000003,0.22864450000000003
2025-09-11 03:00:00,0.2260615,3,3,9,0,0.22864450000000003,0.2260615,0.2260615
2025-09-11 04:00:00,0.236411,4,3,9,0,0.2260615,0.236411,0.236411
2025-09-11 05:00:00,0.282401,5,3,9,0,0.236411,0.282401,0.282401
2025-09-11 06:00:00,0.3707935,6,3,9,0,0.282401,0.3707935,0.3707935
2025-09-11 07:00:00,0.382739,7,3,9,0,0.3707935,0.382739,0.382739
2025-09-11 08:00:00,0.3570735,8,3,9,0,0.382739,0.3570735,0.3570735
2025-09-11 09:00:00,0.3516135,9,3,9,0,0.3570735,0.3516135,0.3516135
2025-09-11 10:00:00,0.3539585,10,3,9,0,0.3516135,0.3539585,0.3539585
2025-09-11 11:00:00,0.3853885,11,3,9,0,0.3539585,0.3853885,0.3853885
2025-09-11 12:00:00,0.4011945,12,3,9,0,0.3853885,0.4011945,0.4011945
2025-09-11 13:00:00,0.39083100000000004,13,3,9,0,0.4011945,0.39083100000000004,0.39083100000000004
2025-09-11 14:00:00,0.37723,14,3,9,0,0.39083100000000004,0.37723,0.37723
2025-09-11 15:00:00,0.38491600000000004,15,3,9,0,0.37723,0.38491600000000004,0.38491600000000004
2025-09-11 16:00:00,0.4176935,16,3,9,0,0.38491600000000004,0.4176935,0.4176935
2025-09-11 17:00:00,0.4865875,17,3,9,0,0.4176935,0.4865875,0.4865875
2025-09-11 18:00:00,0.5629365,18,3,9,0,0.4865875,0.5629365,0.5629365
2025-09-11 19:00:00,0.6148555,19,3,9,0,0.5629365,0.6148555,0.6148555
2025-09-11 20:00:00,0.618576,20,3,9,0,0.6148555,0.618576,0.618576
2025-09-11 21:00:00,0.5418805,21,3,9,0,0.618576,0.5418805,0.5418805
2025-09-11 22:00:00,0.449379,22,3,9,0,0.5418805,0.449379,0.449379
2025-09-11 23:00:00,0.3528735,23,3,9,0,0.449379,0.3528735,0.3528735
2025-09-12 00:00:00,0.27900600000000003,0,4,9,0,0.3528735,0.27900600000000003,0.27900600000000003
2025-09-12 01:00:00,0.243215,1,4,9,0,0.27900600000000003,0.243215,0.243215
2025-09-12 02:00:00,0.22864450000000003,2,4,9,0,0.243215,0.22864450000000003,0.22864450000000003
2025-09-12 03:00:00,0.2260615,3,4,9,0,0.22864450000000003,0.2260615,0.2260615
2025-09-12 04:00:00,0.236411,4,4,9,0,0.2260615,0.236411,0.236411
2025-09-12 05:00:00,0.282401,5,4,9,0,0.236411,0.282401,0.282401
2025-09-12 06:00:00,0.3707935,6,4,9,0,0.282401,0.3707935,0.3707935
2025-09-12 07:00:00,0.382739,7,4,9,0,0.3707935,0.382739,0.382739
2025-09-12 08:00:00,0.3570735,8,4,9,0,0.382739,0.3570735,0.3570735
2025-09-12 09:00:00,0.3516135,9,4,9,0,0.3570735,0.3516135,0.3516135
2025-09-12 10:00:00,0.3539585,10,4,9,0,0.3516135,0.3539585,0.3539585
2025-09-12 11:00:00,0.3853885,11,4,9,0,0.3539585,0.3853885,0.3853885
2025-09-12 12:00:00,0.4011945,12,4,9,0,0.3853885,0.4011945,0.4011945
2025-09-12 13:00:00,0.39083100000000004,13,4,9,0,0.4011945,0.39083100000000004,0.39083100000000004
2025-09-12 14:00:00,0.37723,14,4,9,0,0.39083100000000004,0.37723,0.37723
2025-09-12 15:00:00,0.38491600000000004,15,4,9,0,0.37723,0.38491600000000004,0.38491600000000004
2025-09-12 16:00:00,0.4176935,16,4,9,0,0.38491600000000004,0.4176935,0.4176935
2025-09-12 17:00:00,0.4865875,17,4,9,0,0.4176935,0.4865875,0.4865875
2025-09-12 18:00:00,0.5629365,18,4,9,0,0.4865875,0.5629365,0.5629365
2025-09-12 19:00:00,0.6148555,19,4,9,0,0.5629365,0.6148555,0.6148555
2025-09-12 20:00:00,0.618576,20,4,9,0,0.6148555,0.618576,0.618576
2025-09-12 21:00:00,0.5418805,21,4,9,0,0.618576,0.5418805,0.5418805
2025-09-12 22:00:00,0.449379,22,4,9,0,0.5418805,0.449379,0.449379
2025-09-12 23:00:00,0.3528735,23,4,9,0,0.449379,0.3528735,0.3528735
2025-09-13 00:00:00,0.30707249999999997,0,5,9,1,0.3528735,0.27900600000000003,0.30707249999999997
2025-09-13 01:00:00,0.2618525,1,5,9,1,0.30707249999999997,0.243215,0.2618525
2025-09-13 02:00:00,0.24070550000000002,2,5,9,1,0.2618525,0.22864450000000003,0.24070550000000002
2025-09-13 03:00:00,0.233961,3,5,9,1,0.24070550000000002,0.2260615,0.233961
2025-09-13 04:00:00,0.233562,4,5,9,1,0.233961,0.236411,0.233562
2025-09-13 05:00:00,0.2477055,5,5,9,1,0.233562,0.282401,0.2477055
2025-09-13 06:00:00,0.2992675,6,5,9,1,0.2477055,0.3707935,0.2992675
2025-09-13 07:00:00,0.382536,7,5,9,1,0.2992675,0.382739,0.382536
2025-09-13 08:00:00,0.466746,8,5,9,1,0.382536,0.3570735,0.466746
2025-09-13 09:00:00,0.512428,9,5,9,1,0.466746,0.3516135,0.512428
2025-09-13 10:00:00,0.537299,10,5,9,1,0.512428,0.3539585,0.537299
2025-09-13 11:00:00,0.575211,11,5,9,1,0.537299,0.3853885,0.575211
2025-09-13 12:00:00,0.564389,12,5,9,1,0.575211,0.4011945,0.564389
2025-09-13 13:00:00,0.5295605,13,5,9,1,0.564389,0.39083100000000004,0.5295605
2025-09-13 14:00:00,0.509117,14,5,9,1,0.5295605,0.37723,0.509117
2025-09-13 15:00:00,0.4994325,15,5,9,1,0.509117,0.38491600000000004,0.4994325
2025-09-13 16:00:00,0.501648,16,5,9,1,0.4994325,0.4176935,0.501648
2025-09-13 17:00:00,0.5371135,17,5,9,1,0.501648,0.4865875,0.5371135
2025-09-13 18:00:00,0.5840695,18,5,9,1,0.5371135,0.5629365,0.5840695
2025-09-13 19:00:00,0.6152615,19,5,9,1,0.5840695,0.6148555,0.6152615
2025-09-13 20:00:00,0.604877,20,5,9,1,0.6152615,0.618576,0.604877
2025-09-13 21:00:00,0.5364555,21,5,9,1,0.604877,0.5418805,0.5364555
2025-09-13 22:00:00,0.46772600000000003,22,5,9,1,0.5364555,0.449379,0.46772600000000003
2025-09-13 23:00:00,0.39326700000000003,23,5,9,1,0.46772600000000003,0.3528735,0.39326700000000003
2025-09-14 00:00:00,0.326361,0,6,9,1,0.39326700000000003,0.30707249999999997,0.326361
2025-09-14 01:00:00,0.279258,1,6,9,1,0.326361,0.2618525,0.279258
2025-09-14 02:00:00,0.255311,2,6,9,1,0.279258,0.24070550000000002,0.255311
2025-09-14 03:00:00,0.2434285,3,6,9,1,0.255311,0.233961,0.2434285
2025-09-14 04:00:00,0.239092,4,6,9,1,0.2434285,0.233562,0.239092
2025-09-14 05:00:00,0.25067,5,6,9,1,0.239092,0.2477055,0.25067
2025-09-14 06:00:00,0.286279,6,6,9,1,0.25067,0.2992675,0.286279
2025-09-14 07:00:00,0.36005200000000004,7,6,9,1,0.286279,0.382536,0.36005200000000004
2025-09-14 08:00:00,0.470372,8,6,9,1,0.36005200000000004,0.466746,0.470372
2025-09-14 09:00:00,0.554918,9,6,9,1,0.470372,0.512428,0.554918
2025-09-14 10:00:00,0.6144425,10,6,9,1,0.554918,0.537299,0.6144425
2025-09-14 11:00:00,0.6778135000000001,11,6,9,1,0.6144425,0.575211,0.6778135000000001
2025-09-14 12:00:00,0.6478360000000001,12,6,9,1,0.6778135000000001,0.564389,0.6478360000000001
2025-09-14 13:00:00,0.5797295,13,6,9,1,0.6478360000000001,0.5295605,0.5797295
2025-09-14 14:00:00,0.538041,14,6,9,1,0.5797295,0.509117,0.538041
2025-09-14 15:00:00,0.513856,15,6,9,1,0.538041,0.4994325,0.513856
2025-09-14 16:00:00,0.515249,16,6,9,1,0.513856,0.501648,0.515249
2025-09-14 17:00:00,0.568771,17,6,9,1,0.515249,0.5371135,0.568771
2025-09-14 18:00:00,0.627193,18,6,9,1,0.568771,0.5840695,0.627193
2025-09-14 19:00:00,0.6518189999999999,19,6,9,1,0.627193,0.6152615,0.6518189999999999
2025-09-14 20:00:00,0.6281380000000001,20,6,9,1,0.6518189999999999,0.604877,0.6281380000000001
2025-09-14 21:00:00,0.542976,21,6,9,1,0.6281380000000001,0.5364555,0.542976
2025-09-14 22:00:00,0.446117,22,6,9,1,0.542976,0.46772600000000003,0.446117
2025-09-14 23:00:00,0.34881,23,6,9,1,0.446117,0.39326700000000003,0.34881
2025-09-15 00:00:00,0.27900600000000003,0,0,9,0,0.34881,0.326361,0.27900600000000003
2025-09-15 01:00:00,0.243215,1,0,9,0,0.27900600000000003,0.279258,0.243215
2025-09-15 02:00:00,0.22864450000000003,2,0,9,0,0.243215,0.255311,0.22864450000000003
2025-09-15 03:00:00,0.2260615,3,0,9,0,0.22864450000000003,0.2434285,0.2260615
2025-09-15 04:00:00,0.236411,4,0,9,0,0.2260615,0.239092,0.236411
2025-09-15 05:00:00,0.282401,5,0,9,0,0.236411,0.25067,0.282401
2025-09-15 06:00:00,0.3707935,6,0,9,0,0.282401,0.286279,0.3707935
2025-09-15 07:00:00,0.382739,7,0,9,0,0.3707935,0.36005200000000004,0.382739
2025-09-15 08:00:00,0.3570735,8,0,9,0,0.382739,0.470372,0.3570735
2025-09-15 09:00:00,0.3516135,9,0,9,0,0.3570735,0.554918,0.3516135
2025-09-15 10:00:00,0.3539585,10,0,9,0,0.3516135,0.6144425,0.3539585
2025-09-15 11:00:00,0.3853885,11,0,9,0,0.3539585,0.6778135000000001,0.3853885
2025-09-15 12:00:00,0.4011945,12,0,9,0,0.3853885,0.6478360000000001,0.4011945
2025-09-15 13:00:00,0.39083100000000004,13,0,9,0,0.4011945,0.5797295,0.39083100000000004
2025-09-15 14:00:00,0.37723,14,0,9,0,0.39083100000000004,0.538041,0.37723
2025-09-15 15:00:00,0.38491600000000004,15,0,9,0,0.37723,0.513856,0.38491600000000004
2025-09-15 16:00:00,0.4176935,16,0,9,0,0.38491600000000004,0.515249,0.4176935
2025-09-15 17:00:00,0.4865875,17,0,9,0,0.4176935,0.568771,0.4865875
2025-09-15 18:00:00,0.5629365,18,0,9,0,0.4865875,0.627193,0.5629365
2025-09-15 19:00:00,0.6148555,19,0,9,0,0.5629365,0.6518189999999999,0.6148555
2025-09-15 20:00:00,0.618576,20,0,9,0,0.6148555,0.6281380000000001,0.618576
2025-09-15 21:00:00,0.5418805,21,0,9,0,0.618576,0.542976,0.5418805
2025-09-15 22:00:00,0.449379,22,0,9,0,0.5418805,0.446117,0.449379
2025-09-15 23:00:00,0.3528735,23,0,9,0,0.449379,0.34881,0.3528735
2025-09-16 00:00:00,0.27900600000000003,0,1,9,0,0.3528735,0.27900600000000003,0.27900600000000003
2025-09-16 01:00:00,0.243215,1,1,9,0,0.27900600000000003,0.243215,0.243215
2025-09-16 02:00:00,0.22864450000000003,2,1,9,0,0.243215,0.22864450000000003,0.22864450000000003
2025-09-16 03:00:00,0.2260615,3,1,9,0,0.22864450000000003,0.2260615,0.2260615
2025-09-16 04:00:00,0.236411,4,1,9,0,0.2260615,0.236411,0.236411
2025-09-16 05:00:00,0.282401,5,1,9,0,0.236411,0.282401,0.282401
2025-09-16 06:00:00,0.3707935,6,1,9,0,0.282401,0.3707935,0.3707935
2025-09-16 07:00:00,0.382739,7,1,9,0,0.3707935,0.382739,0.382739
2025-09-16 08:00:00,0.3570735,8,1,9,0,0.382739,0.3570735,0.3570735
2025-09-16 09:00:00,0.3516135,9,1,9,0,0.3570735,0.3516135,0.3516135
2025-09-16 10:00:00,0.3539585,10,1,9,0,0.3516135,0.3539585,0.3539585
2025-09-16 11:00:00,0.3853885,11,1,9,0,0.3539585,0.3853885,0.3853885
2025-09-16 12:00:00,0.4011945,12,1,9,0,0.3853885,0.4011945,0.4011945
2025-09-16 13:00:00,0.39083100000000004,13,1,9,0,0.4011945,0.39083100000000004,0.39083100000000004
2025-09-16 14:00:00,0.37723,14,1,9,0,0.39083100000000004,0.37723,0.37723
2025-09-16 15:00:00,0.38491600000000004,15,1,9,0,0.37723,0.38491600000000004,0.38491600000000004
2025-09-16 16:00:00,0.4176935,16,1,9,0,0.38491600000000004,0.4176935,0.4176935
2025-09-16 17:00:00,0.4865875,17,1,9,0,0.4176935,0.4865875,0.4865875
2025-09-16 18:00:00,0.5629365,18,1,9,0,0.4865875,0.5629365,0.5629365
2025-09-16 19:00:00,0.6148555,19,1,9,0,0.5629365,0.6148555,0.6148555
2025-09-16 20:00:00,0.618576,20,1,9,0,0.6148555,0.618576,0.618576
2025-09-16 21:00:00,0.5418805,21,1,9,0,0.618576,0.5418805,0.5418805
2025-09-16 22:00:00,0.449379,22,1,9,0,0.5418805,0.449379,0.449379
2025-09-16 23:00:00,0.3528735,23,1,9,0,0.449379,0.3528735,0.3528735
2025-09-17 00:00:00,0.27900600000000003,0,2,9,0,0.3528735,0.27900600000000003,0.27900600000000003
2025-09-17 01:00:00,0.243215,1,2,9,0,0.27900600000000003,0.243215,0.243215
2025-09-17 02:00:00,0.22864450000000003,2,2,9,0,0.243215,0.22864450000000003,0.22864450000000003
2025-09-17 03:00:00,0.2260615,3,2,9,0,0.22864450000000003,0.2260615,0.2260615
2025-09-17 04:00:00,0.236411,4,2,9,0,0.2260615,0.236411,0.236411
2025-09-17 05:00:00,0.282401,5,2,9,0,0.236411,0.282401,0.282401
2025-09-17 06:00:00,0.3707935,6,2,9,0,0.282401,0.3707935,0.3707935
2025-09-17 07:00:00,0.382739,7,2,9,0,0.3707935,0.382739,0.382739
2025-09-17 08:00:00,0.3570735,8,2,9,0,0.382739,0.3570735,0.3570735
2025-09-17 09:00:00,0.3516135,9,2,9,0,0.3570735,0.3516135,0.3516135
2025-09-17 10:00:00,0.3539585,10,2,9,0,0.3516135,0.3539585,0.3539585
2025-09-17 11:00:00,0.3853885,11,2,9,0,0.3539585,0.3853885,0.3853885
2025-09-17 12:00:00,0.4011945,12,2,9,0,0.3853885,0.4011945,0.4011945
2025-09-17 13:00:00,0.39083100000000004,13,2,9,0,0.4011945,0.39083100000000004,0.39083100000000004
2025-09-17 14:00:00,0.37723,14,2,9,0,0.39083100000000004,0.37723,0.37723
2025-09-17 15:00:00,0.38491600000000004,15,2,9,0,0.37723,0.38491600000000004,0.38491600000000004
2025-09-17 16:00:00,0.4176935,16,2,9,0,0.38491600000000004,0.4176935,0.4176935
2025-09-17 17:00:00,0.4865875,17,2,9,0,0.4176935,0.4865875,0.4865875
2025-09-17 18:00:00,0.5629365,18,2,9,0,0.4865875,0.5629365,0.5629365
2025-09-17 19:00:00,0.6148555,19,2,9,0,0.5629365,0.6148555,0.6148555
2025-09-17 20:00:00,0.618576,20,2,9,0,0.6148555,0.618576,0.618576
2025-09-17 21:00:00,0.5418805,21,2,9,0,0.618576,0.5418805,0.5418805
2025-09-17 22:00:00,0.449379,22,2,9,0,0.5418805,0.449379,0.449379
2025-09-17 23:00:00,0.3528735,23,2,9,0,0.449379,0.3528735,0.3528735
2025-09-18 00:00:00,0.27900600000000003,0,3,9,0,0.3528735,0.27900600000000003,0.27900600000000003
2025-09-18 01:00:00,0.243215,1,3,9,0,0.27900600000000003,0.243215,0.243215
2025-09-18 02:00:00,0.22864450000000003,2,3,9,0,0.243215,0.22864450000000003,0.22864450000000003
2025-09-18 03:00:00,0.2260615,3,3,9,0,0.22864450000000003,0.2260615,0.2260615
2025-09-18 04:00:00,0.236411,4,3,9,0,0.2260615,0.236411,0.236411
2025-09-18 05:00:00,0.282401,5,3,9,0,0.236411,0.282401,0.282401
2025-09-18 06:00:00,0.3707935,6,3,9,0,0.282401,0.3707935,0.3707935
2025-09-18 07:00:00,0.382739,7,3,9,0,0.3707935,0.382739,0.382739
2025-09-18 08:00:00,0.3570735,8,3,9,0,0.382739,0.3570735,0.3570735
2025-09-18 09:00:00,0.3516135,9,3,9,0,0.3570735,0.3516135,0.3516135
2025-09-18 10:00:00,0.3539585,10,3,9,0,0.3516135,0.3539585,0.3539585
2025-09-18 11:00:00,0.3853885,11,3,9,0,0.3539585,0.3853885,0.3853885
2025-09-18 12:00:00,0.4011945,12,3,9,0,0.3853885,0.4011945,0.4011945
2025-09-18 13:00:00,0.39083100000000004,13,3,9,0,0.4011945,0.39083100000000004,0.39083100000000004
2025-09-18 14:00:00,0.37723,14,3,9,0,0.39083100000000004,0.37723,0.37723
2025-09-18 15:00:00,0.38491600000000004,15,3,9,0,0.37723,0.38491600000000004,0.38491600000000004
2025-09-18 16:00:00,0.4176935,16,3,9,0,0.38491600000000004,0.4176935,0.4176935
2025-09-18 17:00:00,0.4865875,17,3,9,0,0.4176935,0.4865875,0.4865875
2025-09-18 18:00:00,0.5629365,18,3,9,0,0.4865875,0.5629365,0.5629365
2025-09-18 19:00:00,0.6148555,19,3,9,0,0.5629365,0.6148555,0.6148555
2025-09-18 20:00:00,0.618576,20,3,9,0,0.6148555,0.618576,0.618576
2025-09-18 21:00:00,0.5418805,21,3,9,0,0.618576,0.5418805,0.5418805
2025-09-18 22:00:00,0.449379,22,3,9,0,0.5418805,0.449379,0.449379
2025-09-18 23:00:00,0.3528735,23,3,9,0,0.449379,0.3528735,0.3528735
2025-09-19 00:00:00,0.27900600000000003,0,4,9,0,0.3528735,0.27900600000000003,0.27900600000000003
2025-09-19 01:00:00,0.243215,1,4,9,0,0.27900600000000003,0.243215,0.243215
2025-09-19 02:00:00,0.22864450000000003,2,4,9,0,0.243215,0.22864450000000003,0.22864450000000003
2025-09-19 03:00:00,0.2260615,3,4,9,0,0.22864450000000003,0.2260615,0.2260615
2025-09-19 04:00:00,0.236411,4,4,9,0,0.2260615,0.236411,0.236411
2025-09-19 05:00:00,0.282401,5,4,9,0,0.236411,0.282401,0.282401
2025-09-19 06:00:00,0.3707935,6,4,9,0,0.282401,0.3707935,0.3707935
2025-09-19 07:00:00,0.382739,7,4,9,0,0.3707935,0.382739,0.382739
2025-09-19 08:00:00,0.3570735,8,4,9,0,0.382739,0.3570735,0.3570735
2025-09-19 09:00:00,0.3516135,9,4,9,0,0.3570735,0.3516135,0.3516135
2025-09-19 10:00:00,0.3539585,10,4,9,0,0.3516135,0.3539585,0.3539585
2025-09-19 11:00:00,0.3853885,11,4,9,0,0.3539585,0.3853885,0.3853885
2025-09-19 12:00:00,0.4011945,12,4,9,0,0.3853885,0.4011945,0.4011945
2025-09-19 13:00:00,0.39083100000000004,13,4,9,0,0.4011945,0.39083100000000004,0.39083100000000004
2025-09-19 14:00:00,0.37723,14,4,9,0,0.39083100000000004,0.37723,0.37723
2025-09-19 15:00:00,0.38491600000000004,15,4,9,0,0.37723,0.38491600000000004,0.38491600000000004
2025-09-19 16:00:00,0.4176935,16,4,9,0,0.38491600000000004,0.4176935,0.4176935
2025-09-19 17:00:00,0.4865875,17,4,9,0,0.4176935,0.4865875,0.4865875
2025-09-19 18:00:00,0.5629365,18,4,9,0,0.4865875,0.5629365,0.5629365
2025-09-19 19:00:00,0.6148555,19,4,9,0,0.5629365,0.6148555,0.6148555
2025-09-19 20:00:00,0.618576,20,4,9,0,0.6148555,0.618576,0.618576
2025-09-19 21:00:00,0.5418805,21,4,9,0,0.618576,0.5418805,0.5418805
2025-09-19 22:00:00,0.449379,22,4,9,0,0.5418805,0.449379,0.449379
2025-09-19 23:00:00,0.3528735,23,4,9,0,0.449379,0.3528735,0.3528735
2025-09-20 00:00:00,0.30707249999999997,0,5,9,1,0.3528735,0.27900600000000003,0.30707249999999997
2025-09-20 01:00:00,0.2618525,1,5,9,1,0.30707249999999997,0.243215,0.2618525
2025-09-20 02:00:00,0.24070550000000002,2,5,9,1,0.2618525,0.22864450000000003,0.24070550000000002
2025-09-20 03:00:00,0.233961,3,5,9,1,0.24070550000000002,0.2260615,0.233961
2025-09-20 04:00:00,0.233562,4,5,9,1,0.233961,0.236411,0.233562
2025-09-20 05:00:00,0.2477055,5,5,9,1,0.233562,0.282401,0.2477055
2025-09-20 06:00:00,0.2992675,6,5,9,1,0.2477055,0.3707935,0.2992675
2025-09-20 07:00:00,0.382536,7,5,9,1,0.2992675,0.382739,0.382536
2025-09-20 08:00:00,0.466746,8,5,9,1,0.382536,0.3570735,0.466746
2025-09-20 09:00:00,0.512428,9,5,9,1,0.466746,0.3516135,0.512428
2025-09-20 10:00:00,0.537299,10,5,9,1,0.512428,0.3539585,0.537299
2025-09-20 11:00:00,0.575211,11,5,9,1,0.537299,0.3853885,0.575211
2025-09-20 12:00:00,0.564389,12,5,9,1,0.575211,0.4011945,0.564389
2025-09-20 13:00:00,0.5295605,13,5,9,1,0.564389,0.39083100000000004,0.5295605
2025-09-20 14:00:00,0.509117,14,5,9,1,0.5295605,0.37723,0.509117
2025-09-20 15:00:00,0.4994325,15,5,9,1,0.509117,0.38491600000000004,0.4994325
2025-09-20 16:00:00,0.501648,16,5,9,1,0.4994325,0.4176935,0.501648
2025-09-20 17:00:00,0.5371135,17,5,9,1,0.501648,0.4865875,0.5371135
2025-09-20 18:00:00,0.5840695,18,5,9,1,0.5371135,0.5629365,0.5840695
2025-09-20 19:00:00,0.6152615,19,5,9,1,0.5840695,0.6148555,0.6152615
2025-09-20 20:00:00,0.604877,20,5,9,1,0.6152615,0.618576,0.604877
2025-09-20 21:00:00,0.5364555,21,5,9,1,0.604877,0.5418805,0.5364555
2025-09-20 22:00:00,0.46772600000000003,22,5,9,1,0.5364555,0.449379,0.46772600000000003
2025-09-20 23:00:00,0.39326700000000003,23,5,9,1,0.46772600000000003,0.3528735,0.39326700000000003
2025-09-21 00:00:00,0.326361,0,6,9,1,0.39326700000000003,0.30707249999999997,0.326361
2025-09-21 01:00:00,0.279258,1,6,9,1,0.326361,0.2618525,0.279258
2025-09-21 02:00:00,0.255311,2,6,9,1,0.279258,0.24070550000000002,0.255311
2025-09-21 03:00:00,0.2434285,3,6,9,1,0.255311,0.233961,0.2434285
2025-09-21 04:00:00,0.239092,4,6,9,1,0.2434285,0.233562,0.239092
2025-09-21 05:00:00,0.25067,5,6,9,1,0.239092,0.2477055,0.25067
2025-09-21 06:00:00,0.286279,6,6,9,1,0.25067,0.2992675,0.286279
2025-09-21 07:00:00,0.36005200000000004,7,6,9,1,0.286279,0.382536,0.36005200000000004
2025-09-21 08:00:00,0.470372,8,6,9,1,0.36005200000000004,0.466746,0.470372
2025-09-21 09:00:00,0.554918,9,6,9,1,0.470372,0.512428,0.554918
2025-09-21 10:00:00,0.6144425,10,6,9,1,0.554918,0.537299,0.6144425
2025-09-21 11:00:00,0.6778135000000001,11,6,9,1,0.6144425,0.575211,0.6778135000000001
2025-09-21 12:00:00,0.6478360000000001,12,6,9,1,0.6778135000000001,0.564389,0.6478360000000001
2025-09-21 13:00:00,0.5797295,13,6,9,1,0.6478360000000001,0.5295605,0.5797295
2025-09-21 14:00:00,0.538041,14,6,9,1,0.5797295,0.509117,0.538041
2025-09-21 15:00:00,0.513856,15,6,9,1,0.538041,0.4994325,0.513856
2025-09-21 16:00:00,0.515249,16,6,9,1,0.513856,0.501648,0.515249
2025-09-21 17:00:00,0.568771,17,6,9,1,0.515249,0.5371135,0.568771
2025-09-21 18:00:00,0.627193,18,6,9,1,0.568771,0.5840695,0.627193
2025-09-21 19:00:00,0.6518189999999999,19,6,9,1,0.627193,0.6152615,0.6518189999999999
2025-09-21 20:00:00,0.6281380000000001,20,6,9,1,0.6518189999999999,0.604877,0.6281380000000001
2025-09-21 21:00:00,0.542976,21,6,9,1,0.6281380000000001,0.5364555,0.542976
2025-09-21 22:00:00,0.446117,22,6,9,1,0.542976,0.46772600000000003,0.446117
2025-09-21 23:00:00,0.34881,23,6,9,1,0.446117,0.39326700000000003,0.34881
2025-09-22 00:00:00,0.27900600000000003,0,0,9,0,0.34881,0.326361,0.27900600000000003
2025-09-22 01:00:00,0.243215,1,0,9,0,0.27900600000000003,0.279258,0.243215
2025-09-22 02:00:00,0.22864450000000003,2,0,9,0,0.243215,0.255311,0.22864450000000003
2025-09-22 03:00:00,0.2260615,3,0,9,0,0.22864450000000003,0.2434285,0.2260615
2025-09-22 04:00:00,0.236411,4,0,9,0,0.2260615,0.239092,0.236411
2025-09-22 05:00:00,0.282401,5,0,9,0,0.236411,0.25067,0.282401
2025-09-22 06:00:00,0.3707935,6,0,9,0,0.282401,0.286279,0.3707935
2025-09-22 07:00:00,0.382739,7,0,9,0,0.3707935,0.36005200000000004,0.382739
2025-09-22 08:00:00,0.3570735,8,0,9,0,0.382739,0.470372,0.3570735
2025-09-22 09:00:00,0.3516135,9,0,9,0,0.3570735,0.554918,0.3516135
2025-09-22 10:00:00,0.3539585,10,0,9,0,0.3516135,0.6144425,0.3539585
2025-09-22 11:00:00,0.3853885,11,0,9,0,0.3539585,0.6778135000000001,0.3853885
2025-09-22 12:00:00,0.4011945,12,0,9,0,0.3853885,0.6478360000000001,0.4011945
2025-09-22 13:00:00,0.39083100000000004,13,0,9,0,0.4011945,0.5797295,0.39083100000000004
2025-09-22 14:00:00,0.37723,14,0,9,0,0.39083100000000004,0.538041,0.37723
2025-09-22 15:00:00,0.38491600000000004,15,0,9,0,0.37723,0.513856,0.38491600000000004
2025-09-22 16:00:00,0.4176935,16,0,9,0,0.38491600000000004,0.515249,0.4176935
2025-09-22 17:00:00,0.4865875,17,0,9,0,0.4176935,0.568771,0.4865875
2025-09-22 18:00:00,0.5629365,18,0,9,0,0.4865875,0.627193,0.5629365
2025-09-22 19:00:00,0.6148555,19,0,9,0,0.5629365,0.6518189999999999,0.6148555
2025-09-22 20:00:00,0.618576,20,0,9,0,0.6148555,0.6281380000000001,0.618576
2025-09-22 21:00:00,0.5418805,21,0,9,0,0.618576,0.542976,0.5418805
2025-09-22 22:00:00,0.449379,22,0,9,0,0.5418805,0.446117,0.449379
2025-09-22 23:00:00,0.3528735,23,0,9,0,0.449379,0.34881,0.3528735
2025-09-23 00:00:00,0.27900600000000003,0,1,9,0,0.3528735,0.27900600000000003,0.27900600000000003
2025-09-23 01:00:00,0.243215,1,1,9,0,0.27900600000000003,0.243215,0.243215
2025-09-23 02:00:00,0.22864450000000003,2,1,9,0,0.243215,0.22864450000000003,0.22864450000000003
2025-09-23 03:00:00,0.2260615,3,1,9,0,0.22864450000000003,0.2260615,0.2260615
2025-09-23 04:00:00,0.236411,4,1,9,0,0.2260615,0.236411,0.236411
2025-09-23 05:00:00,0.282401,5,1,9,0,0.236411,0.282401,0.282401
2025-09-23 06:00:00,0.3707935,6,1,9,0,0.282401,0.3707935,0.3707935
2025-09-23 07:00:00,0.382739,7,1,9,0,0.3707935,0.382739,0.382739
2025-09-23 08:00:00,0.3570735,8,1,9,0,0.382739,0.3570735,0.3570735
2025-09-23 09:00:00,0.3516135,9,1,9,0,0.3570735,0.3516135,0.3516135
2025-09-23 10:00:00,0.3539585,10,1,9,0,0.3516135,0.3539585,0.3539585
2025-09-23 11:00:00,0.3853885,11,1,9,0,0.3539585,0.3853885,0.3853885
2025-09-23 12:00:00,0.4011945,12,1,9,0,0.3853885,0.4011945,0.4011945
2025-09-23 13:00:00,0.39083100000000004,13,1,9,0,0.4011945,0.39083100000000004,0.39083100000000004
2025-09-23 14:00:00,0.37723,14,1,9,0,0.39083100000000004,0.37723,0.37723
2025-09-23 15:00:00,0.38491600000000004,15,1,9,0,0.37723,0.38491600000000004,0.38491600000000004
2025-09-23 16:00:00,0.4176935,16,1,9,0,0.38491600000000004,0.4176935,0.4176935
2025-09-23 17:00:00,0.4865875,17,1,9,0,0.4176935,0.4865875,0.4865875
2025-09-23 18:00:00,0.5629365,18,1,9,0,0.4865875,0.5629365,0.5629365
2025-09-23 19:00:00,0.6148555,19,1,9,0,0.5629365,0.6148555,0.6148555
2025-09-23 20:00:00,0.618576,20,1,9,0,0.6148555,0.618576,0.618576
2025-09-23 21:00:00,0.5418805,21,1,9,0,0.618576,0.5418805,0.5418805
2025-09-23 22:00:00,0.449379,22,1,9,0,0.5418805,0.449379,0.449379
2025-09-23 23:00:00,0.3528735,23,1,9,0,0.449379,0.3528735,0.3528735
2025-09-24 00:00:00,0.27900600000000003,0,2,9,0,0.3528735,0.27900600000000003,0.27900600000000003
2025-09-24 01:00:00,0.243215,1,2,9,0,0.27900600000000003,0.243215,0.243215
2025-09-24 02:00:00,0.22864450000000003,2,2,9,0,0.243215,0.22864450000000003,0.22864450000000003
2025-09-24 03:00:00,0.2260615,3,2,9,0,0.22864450000000003,0.2260615,0.2260615
2025-09-24 04:00:00,0.236411,4,2,9,0,0.2260615,0.236411,0.236411
2025-09-24 05:00:00,0.282401,5,2,9,0,0.236411,0.282401,0.282401
2025-09-24 06:00:00,0.3707935,6,2,9,0,0.282401,0.3707935,0.3707935
2025-09-24 07:00:00,0.382739,7,2,9,0,0.3707935,0.382739,0.382739
2025-09-24 08:00:00,0.3570735,8,2,9,0,0.382739,0.3570735,0.3570735
2025-09-24 09:00:00,0.3516135,9,2,9,0,0.3570735,0.3516135,0.3516135
2025-09-24 10:00:00,0.3539585,10,2,9,0,0.3516135,0.3539585,0.3539585
2025-09-24 11:00:00,0.3853885,11,2,9,0,0.3539585,0.3853885,0.3853885
2025-09-24 12:00:00,0.4011945,12,2,9,0,0.3853885,0.4011945,0.4011945
2025-09-24 13:00:00,0.39083100000000004,13,2,9,0,0.4011945,0.39083100000000004,0.39083100000000004
2025-09-24 14:00:00,0.37723,14,2,9,0,0.39083100000000004,0.37723,0.37723
2025-09-24 15:00:00,0.38491600000000004,15,2,9,0,0.37723,0.38491600000000004,0.38491600000000004
2025-09-24 16:00:00,0.4176935,16,2,9,0,0.38491600000000004,0.4176935,0.4176935
2025-09-24 17:00:00,0.4865875,17,2,9,0,0.4176935,0.4865875,0.4865875
2025-09-24 18:00:00,0.5629365,18,2,9,0,0.4865875,0.5629365,0.5629365
2025-09-24 19:00:00,0.6148555,19,2,9,0,0.5629365,0.6148555,0.6148555
2025-09-24 20:00:00,0.618576,20,2,9,0,0.6148555,0.618576,0.618576
2025-09-24 21:00:00,0.5418805,21,2,9,0,0.618576,0.5418805,0.5418805
2025-09-24 22:00:00,0.449379,22,2,9,0,0.5418805,0.449379,0.449379
2025-09-24 23:00:00,0.3528735,23,2,9,0,0.449379,0.3528735,0.3528735
2025-09-25 00:00:00,0.27900600000000003,0,3,9,0,0.3528735,0.27900600000000003,0.27900600000000003
2025-09-25 01:00:00,0.243215,1,3,9,0,0.27900600000000003,0.243215,0.243215
2025-09-25 02:00:00,0.22864450000000003,2,3,9,0,0.243215,0.22864450000000003,0.22864450000000003
2025-09-25 03:00:00,0.2260615,3,3,9,0,0.22864450000000003,0.2260615,0.2260615
2025-09-25 04:00:00,0.236411,4,3,9,0,0.2260615,0.236411,0.236411
2025-09-25 05:00:00,0.282401,5,3,9,0,0.236411,0.282401,0.282401
2025-09-25 06:00:00,0.3707935,6,3,9,0,0.282401,0.3707935,0.3707935
2025-09-25 07:00:00,0.382739,7,3,9,0,0.3707935,0.382739,0.382739
2025-09-25 08:00:00,0.3570735,8,3,9,0,0.382739,0.3570735,0.3570735
2025-09-25 09:00:00,0.3516135,9,3,9,0,0.3570735,0.3516135,0.3516135
2025-09-25 10:00:00,0.3539585,10,3,9,0,0.3516135,0.3539585,0.3539585
2025-09-25 11:00:00,0.3853885,11,3,9,0,0.3539585,0.3853885,0.3853885
2025-09-25 12:00:00,0.4011945,12,3,9,0,0.3853885,0.4011945,0.4011945
2025-09-25 13:00:00,0.39083100000000004,13,3,9,0,0.4011945,0.39083100000000004,0.39083100000000004
2025-09-25 14:00:00,0.37723,14,3,9,0,0.39083100000000004,0.37723,0.37723
2025-09-25 15:00:00,0.38491600000000004,15,3,9,0,0.37723,0.38491600000000004,0.38491600000000004
2025-09-25 16:00:00,0.4176935,16,3,9,0,0.38491600000000004,0.4176935,0.4176935
2025-09-25 17:00:00,0.4865875,17,3,9,0,0.4176935,0.4865875,0.4865875
2025-09-25 18:00:00,0.5629365,18,3,9,0,0.4865875,0.5629365,0.5629365
2025-09-25 19:00:00,0.6148555,19,3,9,0,0.5629365,0.6148555,0.6148555
2025-09-25 20:00:00,0.618576,20,3,9,0,0.6148555,0.618576,0.618576
2025-09-25 21:00:00,0.5418805,21,3,9,0,0.618576,0.5418805,0.5418805
2025-09-25 22:00:00,0.449379,22,3,9,0,0.5418805,0.449379,0.449379
2025-09-25 23:00:00,0.3528735,23,3,9,0,0.449379,0.3528735,0.3528735
2025-09-26 00:00:00,0.27900600000000003,0,4,9,0,0.3528735,0.27900600000000003,0.27900600000000003
2025-09-26 01:00:00,0.243215,1,4,9,0,0.27900600000000003,0.243215,0.243215
2025-09-26 02:00:00,0.22864450000000003,2,4,9,0,0.243215,0.22864450000000003,0.22864450000000003
2025-09-26 03:00:00,0.2260615,3,4,9,0,0.22864450000000003,0.2260615,0.2260615
2025-09-26 04:00:00,0.236411,4,4,9,0,0.2260615,0.236411,0.236411
2025-09-26 05:00:00,0.282401,5,4,9,0,0.236411,0.282401,0.282401
2025-09-26 06:00:00,0.3707935,6,4,9,0,0.282401,0.3707935,0.3707935
2025-09-26 07:00:00,0.382739,7,4,9,0,0.3707935,0.382739,0.382739
2025-09-26 08:00:00,0.3570735,8,4,9,0,0.382739,0.3570735,0.3570735
2025-09-26 09:00:00,0.3516135,9,4,9,0,0.3570735,0.3516135,0.3516135
2025-09-26 10:00:00,0.3539585,10,4,9,0,0.3516135,0.3539585,0.3539585
2025-09-26 11:00:00,0.3853885,11,4,9,0,0.3539585,0.3853885,0.3853885
2025-09-26 12:00:00,0.4011945,12,4,9,0,0.3853885,0.4011945,0.4011945
2025-09-26 13:00:00,0.39083100000000004,13,4,9,0,0.4011945,0.39083100000000004,0.39083100000000004
2025-09-26 14:00:00,0.37723,14,4,9,0,0.39083100000000004,0.37723,0.37723
2025-09-26 15:00:00,0.38491600000000004,15,4,9,0,0.37723,0.38491600000000004,0.38491600000000004
2025-09-26 16:00:00,0.4176935,16,4,9,0,0.38491600000000004,0.4176935,0.4176935
2025-09-26 17:00:00,0.4865875,17,4,9,0,0.4176935,0.4865875,0.4865875
2025-09-26 18:00:00,0.5629365,18,4,9,0,0.4865875,0.5629365,0.5629365
2025-09-26 19:00:00,0.6148555,19,4,9,0,0.5629365,0.6148555,0.6148555
2025-09-26 20:00:00,0.618576,20,4,9,0,0.6148555,0.618576,0.618576
2025-09-26 21:00:00,0.5418805,21,4,9,0,0.618576,0.5418805,0.5418805
2025-09-26 22:00:00,0.449379,22,4,9,0,0.5418805,0.449379,0.449379
2025-09-26 23:00:00,0.3528735,23,4,9,0,0.449379,0.3528735,0.3528735
2025-09-27 00:00:00,0.30707249999999997,0,5,9,1,0.3528735,0.27900600000000003,0.30707249999999997
2025-09-27 01:00:00,0.2618525,1,5,9,1,0.30707249999999997,0.243215,0.2618525
2025-09-27 02:00:00,0.24070550000000002,2,5,9,1,0.2618525,0.22864450000000003,0.24070550000000002
2025-09-27 03:00:00,0.233961,3,5,9,1,0.24070550000000002,0.2260615,0.233961
2025-09-27 04:00:00,0.233562,4,5,9,1,0.233961,0.236411,0.233562
2025-09-27 05:00:00,0.2477055,5,5,9,1,0.233562,0.282401,0.2477055
2025-09-27 06:00:00,0.2992675,6,5,9,1,0.2477055,0.3707935,0.2992675
2025-09-27 07:00:00,0.382536,7,5,9,1,0.2992675,0.382739,0.382536
2025-09-27 08:00:00,0.466746,8,5,9,1,0.382536,0.3570735,0.466746
2025-09-27 09:00:00,0.512428,9,5,9,1,0.466746,0.3516135,0.512428
2025-09-27 10:00:00,0.537299,10,5,9,1,0.512428,0.3539585,0.537299
2025-09-27 11:00:00,0.575211,11,5,9,1,0.537299,0.3853885,0.575211
2025-09-27 12:00:00,0.564389,12,5,9,1,0.575211,0.4011945,0.564389
2025-09-27 13:00:00,0.5295605,13,5,9,1,0.564389,0.39083100000000004,0.5295605
2025-09-27 14:00:00,0.509117,14,5,9,1,0.5295605,0.37723,0.509117
2025-09-27 15:00:00,0.4994325,15,5,9,1,0.509117,0.38491600000000004,0.4994325
2025-09-27 16:00:00,0.501648,16,5,9,1,0.4994325,0.4176935,0.501648
2025-09-27 17:00:00,0.5371135,17,5,9,1,0.501648,0.4865875,0.5371135
2025-09-27 18:00:00,0.5840695,18,5,9,1,0.5371135,0.5629365,0.5840695
2025-09-27 19:00:00,0.6152615,19,5,9,1,0.5840695,0.6148555,0.6152615
2025-09-27 20:00:00,0.604877,20,5,9,1,0.6152615,0.618576,0.604877
2025-09-27 21:00:00,0.5364555,21,5,9,1,0.604877,0.5418805,0.5364555
2025-09-27 22:00:00,0.46772600000000003,22,5,9,1,0.5364555,0.449379,0.46772600000000003
2025-09-27 23:00:00,0.39326700000000003,23,5,9,1,0.46772600000000003,0.3528735,0.39326700000000003
2025-09-28 00:00:00,0.326361,0,6,9,1,0.39326700000000003,0.30707249999999997,0.326361
2025-09-28 01:00:00,0.279258,1,6,9,1,0.326361,0.2618525,0.279258
2025-09-28 02:00:00,0.255311,2,6,9,1,0.279258,0.24070550000000002,0.255311
2025-09-28 03:00:00,0.2434285,3,6,9,1,0.255311,0.233961,0.2434285
2025-09-28 04:00:00,0.239092,4,6,9,1,0.2434285,0.233562,0.239092
2025-09-28 05:00:00,0.25067,5,6,9,1,0.239092,0.2477055,0.25067
2025-09-28 06:00:00,0.286279,6,6,9,1,0.25067,0.2992675,0.286279
2025-09-28 07:00:00,0.36005200000000004,7,6,9,1,0.286279,0.382536,0.36005200000000004
2025-09-28 08:00:00,0.470372,8,6,9,1,0.36005200000000004,0.466746,0.470372
2025-09-28 09:00:00,0.554918,9,6,9,1,0.470372,0.512428,0.554918
2025-09-28 10:00:00,0.6144425,10,6,9,1,0.554918,0.537299,0.6144425
2025-09-28 11:00:00,0.6778135000000001,11,6,9,1,0.6144425,0.575211,0.6778135000000001
2025-09-28 12:00:00,0.6478360000000001,12,6,9,1,0.6778135000000001,0.564389,0.6478360000000001
2025-09-28 13:00:00,0.5797295,13,6,9,1,0.6478360000000001,0.5295605,0.5797295
2025-09-28 14:00:00,0.538041,14,6,9,1,0.5797295,0.509117,0.538041
2025-09-28 15:00:00,0.513856,15,6,9,1,0.538041,0.4994325,0.513856
2025-09-28 16:00:00,0.515249,16,6,9,1,0.513856,0.501648,0.515249
2025-09-28 17:00:00,0.568771,17,6,9,1,0.515249,0.5371135,0.568771
2025-09-28 18:00:00,0.627193,18,6,9,1,0.568771,0.5840695,0.627193
2025-09-28 19:00:00,0.6518189999999999,19,6,9,1,0.627193,0.6152615,0.6518189999999999
2025-09-28 20:00:00,0.6281380000000001,20,6,9,1,0.6518189999999999,0.604877,0.6281380000000001
2025-09-28 21:00:00,0.542976,21,6,9,1,0.6281380000000001,0.5364555,0.542976
2025-09-28 22:00:00,0.446117,22,6,9,1,0.542976,0.46772600000000003,0.446117
2025-09-28 23:00:00,0.34881,23,6,9,1,0.446117,0.39326700000000003,0.34881
2025-09-29 00:00:00,0.27900600000000003,0,0,9,0,0.34881,0.326361,0.27900600000000003
2025-09-29 01:00:00,0.243215,1,0,9,0,0.27900600000000003,0.279258,0.243215
2025-09-29 02:00:00,0.22864450000000003,2,0,9,0,0.243215,0.255311,0.22864450000000003
2025-09-29 03:00:00,0.2260615,3,0,9,0,0.22864450000000003,0.2434285,0.2260615
2025-09-29 04:00:00,0.236411,4,0,9,0,0.2260615,0.239092,0.236411
2025-09-29 05:00:00,0.282401,5,0,9,0,0.236411,0.25067,0.282401
2025-09-29 06:00:00,0.3707935,6,0,9,0,0.282401,0.286279,0.3707935
2025-09-29 07:00:00,0.382739,7,0,9,0,0.3707935,0.36005200000000004,0.382739
2025-09-29 08:00:00,0.3570735,8,0,9,0,0.382739,0.470372,0.3570735
2025-09-29 09:00:00,0.3516135,9,0,9,0,0.3570735,0.554918,0.3516135
2025-09-29 10:00:00,0.3539585,10,0,9,0,0.3516135,0.6144425,0.3539585
2025-09-29 11:00:00,0.3853885,11,0,9,0,0.3539585,0.6778135000000001,0.3853885
2025-09-29 12:00:00,0.4011945,12,0,9,0,0.3853885,0.6478360000000001,0.4011945
2025-09-29 13:00:00,0.39083100000000004,13,0,9,0,0.4011945,0.5797295,0.39083100000000004
2025-09-29 14:00:00,0.37723,14,0,9,0,0.39083100000000004,0.538041,0.37723
2025-09-29 15:00:00,0.38491600000000004,15,0,9,0,0.37723,0.513856,0.38491600000000004
2025-09-29 16:00:00,0.4176935,16,0,9,0,0.38491600000000004,0.515249,0.4176935
2025-09-29 17:00:00,0.4865875,17,0,9,0,0.4176935,0.568771,0.4865875
2025-09-29 18:00:00,0.5629365,18,0,9,0,0.4865875,0.627193,0.5629365
2025-09-29 19:00:00,0.6148555,19,0,9,0,0.5629365,0.6518189999999999,0.6148555
2025-09-29 20:00:00,0.618576,20,0,9,0,0.6148555,0.6281380000000001,0.618576
2025-09-29 21:00:00,0.5418805,21,0,9,0,0.618576,0.542976,0.5418805
2025-09-29 22:00:00,0.449379,22,0,9,0,0.5418805,0.446117,0.449379
2025-09-29 23:00:00,0.3528735,23,0,9,0,0.449379,0.34881,0.3528735
2025-09-30 00:00:00,0.27900600000000003,0,1,9,0,0.3528735,0.27900600000000003,0.27900600000000003
2025-09-30 01:00:00,0.243215,1,1,9,0,0.27900600000000003,0.243215,0.243215
2025-09-30 02:00:00,0.22864450000000003,2,1,9,0,0.243215,0.22864450000000003,0.22864450000000003
2025-09-30 03:00:00,0.2260615,3,1,9,0,0.22864450000000003,0.2260615,0.2260615
2025-09-30 04:00:00,0.236411,4,1,9,0,0.2260615,0.236411,0.236411
2025-09-30 05:00:00,0.282401,5,1,9,0,0.236411,0.282401,0.282401
2025-09-30 06:00:00,0.3707935,6,1,9,0,0.282401,0.3707935,0.3707935
2025-09-30 07:00:00,0.382739,7,1,9,0,0.3707935,0.382739,0.382739
2025-09-30 08:00:00,0.3570735,8,1,9,0,0.382739,0.3570735,0.3570735
2025-09-30 09:00:00,0.3516135,9,1,9,0,0.3570735,0.3516135,0.3516135
2025-09-30 10:00:00,0.3539585,10,1,9,0,0.3516135,0.3539585,0.3539585
2025-09-30 11:00:00,0.3853885,11,1,9,0,0.3539585,0.3853885,0.3853885
2025-09-30 12:00:00,0.4011945,12,1,9,0,0.3853885,0.4011945,0.4011945
2025-09-30 13:00:00,0.39083100000000004,13,1,9,0,0.4011945,0.39083100000000004,0.39083100000000004
2025-09-30 14:00:00,0.37723,14,1,9,0,0.39083100000000004,0.37723,0.37723
2025-09-30 15:00:00,0.38491600000000004,15,1,9,0,0.37723,0.38491600000000004,0.38491600000000004
2025-09-30 16:00:00,0.4176935,16,1,9,0,0.38491600000000004,0.4176935,0.4176935
2025-09-30 17:00:00,0.4865875,17,1,9,0,0.4176935,0.4865875,0.4865875
2025-09-30 18:00:00,0.5629365,18,1,9,0,0.4865875,0.5629365,0.5629365
2025-09-30 19:00:00,0.6148555,19,1,9,0,0.5629365,0.6148555,0.6148555
2025-09-30 20:00:00,0.618576,20,1,9,0,0.6148555,0.618576,0.618576
2025-09-30 21:00:00,0.5418805,21,1,9,0,0.618576,0.5418805,0.5418805
2025-09-30 22:00:00,0.449379,22,1,9,0,0.5418805,0.449379,0.449379
2025-09-30 23:00:00,0.3528735,23,1,9,0,0.449379,0.3528735,0.3528735
2025-10-01 00:00:00,0.2664515,0,2,10,0,0.3528735,0.27900600000000003,0.27900600000000003
2025-10-01 01:00:00,0.22986600000000001,1,2,10,0,0.2664515,0.243215,0.243215
2025-10-01 02:00:00,0.2166045,2,2,10,0,0.22986600000000001,0.22864450000000003,0.22864450000000003
2025-10-01 03:00:00,0.21675850000000002,3,2,10,0,0.2166045,0.2260615,0.2260615
2025-10-01 04:00:00,0.231385,4,2,10,0,0.21675850000000002,0.236411,0.236411
2025-10-01 05:00:00,0.2746975,5,2,10,0,0.231385,0.282401,0.282401
2025-10-01 06:00:00,0.35555800000000004,6,2,10,0,0.2746975,0.3707935,0.3707935
2025-10-01 07:00:00,0.3806635,7,2,10,0,0.35555800000000004,0.382739,0.382739
2025-10-01 08:00:00,0.356622,8,2,10,0,0.3806635,0.3570735,0.3570735
2025-10-01 09:00:00,0.3486175,9,2,10,0,0.356622,0.3516135,0.3516135
2025-10-01 10:00:00,0.35116200000000003,10,2,10,0,0.3486175,0.3539585,0.3539585
2025-10-01 11:00:00,0.383726,11,2,10,0,0.35116200000000003,0.3853885,0.3853885
2025-10-01 12:00:00,0.39972450000000004,12,2,10,0,0.383726,0.4011945,0.4011945
2025-10-01 13:00:00,0.3894345,13,2,10,0,0.39972450000000004,0.39083100000000004,0.39083100000000004
2025-10-01 14:00:00,0.377118,14,2,10,0,0.3894345,0.37723,0.37723
2025-10-01 15:00:00,0.38334100000000004,15,2,10,0,0.377118,0.38491600000000004,0.38491600000000004
2025-10-01 16:00:00,0.416773,16,2,10,0,0.38334100000000004,0.4176935,0.4176935
2025-10-01 17:00:00,0.500143,17,2,10,0,0.416773,0.4865875,0.4865875
2025-10-01 18:00:00,0.6043205,18,2,10,0,0.500143,0.5629365,0.5629365
2025-10-01 19:00:00,0.64967,19,2,10,0,0.6043205,0.6148555,0.6148555
2025-10-01 20:00:00,0.5869325000000001,20,2,10,0,0.64967,0.618576,0.618576
2025-10-01 21:00:00,0.5129355,21,2,10,0,0.5869325000000001,0.5418805,0.5418805
2025-10-01 22:00:00,0.439026,22,2,10,0,0.5129355,0.449379,0.449379
2025-10-01 23:00:00,0.34598900000000005,23,2,10,0,0.439026,0.3528735,0.3528735
2025-10-02 00:00:00,0.2664515,0,3,10,0,0.34598900000000005,0.2664515,0.27900600000000003
2025-10-02 01:00:00,0.22986600000000001,1,3,10,0,0.2664515,0.22986600000000001,0.243215
2025-10-02 02:00:00,0.2166045,2,3,10,0,0.22986600000000001,0.2166045,0.22864450000000003
2025-10-02 03:00:00,0.21675850000000002,3,3,10,0,0.2166045,0.21675850000000002,0.2260615
2025-10-02 04:00:00,0.231385,4,3,10,0,0.21675850000000002,0.231385,0.236411
2025-10-02 05:00:00,0.2746975,5,3,10,0,0.231385,0.2746975,0.282401
2025-10-02 06:00:00,0.35555800000000004,6,3,10,0,0.2746975,0.35555800000000004,0.3707935
2025-10-02 07:00:00,0.3806635,7,3,10,0,0.35555800000000004,0.3806635,0.382739
2025-10-02 08:00:00,0.356622,8,3,10,0,0.3806635,0.356622,0.3570735
2025-10-02 09:00:00,0.3486175,9,3,10,0,0.356622,0.3486175,0.3516135
2025-10-02 10:00:00,0.35116200000000003,10,3,10,0,0.3486175,0.35116200000000003,0.3539585
2025-10-02 11:00:00,0.383726,11,3,10,0,0.35116200000000003,0.383726,0.3853885
2025-10-02 12:00:00,0.39972450000000004,12,3,10,0,0.383726,0.39972450000000004,0.4011945
2025-10-02 13:00:00,0.3894345,13,3,10,0,0.39972450000000004,0.3894345,0.39083100000000004
2025-10-02 14:00:00,0.377118,14,3,10,0,0.3894345,0.377118,0.37723
2025-10-02 15:00:00,0.38334100000000004,15,3,10,0,0.377118,0.38334100000000004,0.38491600000000004
2025-10-02 16:00:00,0.416773,16,3,10,0,0.38334100000000004,0.416773,0.4176935
2025-10-02 17:00:00,0.500143,17,3,10,0,0.416773,0.500143,0.4865875
2025-10-02 18:00:00,0.6043205,18,3,10,0,0.500143,0.6043205,0.5629365
2025-10-02 19:00:00,0.64967,19,3,10,0,0.6043205,0.64967,0.6148555
2025-10-02 20:00:00,0.5869325000000001,20,3,10,0,0.64967,0.5869325000000001,0.618576
2025-10-02 21:00:00,0.5129355,21,3,10,0,0.5869325000000001,0.5129355,0.5418805
2025-10-02 22:00:00,0.439026,22,3,10,0,0.5129355,0.439026,0.449379
2025-10-02 23:00:00,0.34598900000000005,23,3,10,0,0.439026,0.34598900000000005,0.3528735
2025-10-03 00:00:00,0.2664515,0,4,10,0,0.34598900000000005,0.2664515,0.27900600000000003
2025-10-03 01:00:00,0.22986600000000001,1,4,10,0,0.2664515,0.22986600000000001,0.243215
2025-10-03 02:00:00,0.2166045,2,4,10,0,0.22986600000000001,0.2166045,0.22864450000000003
2025-10-03 03:00:00,0.21675850000000002,3,4,10,0,0.2166045,0.21675850000000002,0.2260615
2025-10-03 04:00:00,0.231385,4,4,10,0,0.21675850000000002,0.231385,0.236411
2025-10-03 05:00:00,0.2746975,5,4,10,0,0.231385,0.2746975,0.282401
2025-10-03 06:00:00,0.35555800000000004,6,4,10,0,0.2746975,0.35555800000000004,0.3707935
2025-10-03 07:00:00,0.3806635,7,4,10,0,0.35555800000000004,0.3806635,0.382739
2025-10-03 08:00:00,0.356622,8,4,10,0,0.3806635,0.356622,0.3570735
2025-10-03 09:00:00,0.3486175,9,4,10,0,0.356622,0.3486175,0.3516135
2025-10-03 10:00:00,0.35116200000000003,10,4,10,0,0.3486175,0.35116200000000003,0.3539585
2025-10-03 11:00:00,0.383726,11,4,10,0,0.35116200000000003,0.383726,0.3853885
2025-10-03 12:00:00,0.39972450000000004,12,4,10,0,0.383726,0.39972450000000004,0.4011945
2025-10-03 13:00:00,0.3894345,13,4,10,0,0.39972450000000004,0.3894345,0.39083100000000004
2025-10-03 14:00:00,0.377118,14,4,10,0,0.3894345,0.377118,0.37723
2025-10-03 15:00:00,0.38334100000000004,15,4,10,0,0.377118,0.38334100000000004,0.38491600000000004
2025-10-03 16:00:00,0.416773,16,4,10,0,0.38334100000000004,0.416773,0.4176935
2025-10-03 17:00:00,0.500143,17,4,10,0,0.416773,0.500143,0.4865875
2025-10-03 18:00:00,0.6043205,18,4,10,0,0.500143,0.6043205,0.5629365
2025-10-03 19:00:00,0.64967,19,4,10,0,0.6043205,0.64967,0.6148555
2025-10-03 20:00:00,0.5869325000000001,20,4,10,0,0.64967,0.5869325000000001,0.618576
2025-10-03 21:00:00,0.5129355,21,4,10,0,0.5869325000000001,0.5129355,0.5418805
2025-10-03 22:00:00,0.439026,22,4,10,0,0.5129355,0.439026,0.449379
2025-10-03 23:00:00,0.34598900000000005,23,4,10,0,0.439026,0.34598900000000005,0.3528735
2025-10-04 00:00:00,0.29741249999999997,0,5,10,1,0.34598900000000005,0.2664515,0.30707249999999997
2025-10-04 01:00:00,0.2520105,1,5,10,1,0.29741249999999997,0.22986600000000001,0.2618525
2025-10-04 02:00:00,0.23173850000000001,2,5,10,1,0.2520105,0.2166045,0.24070550000000002
2025-10-04 03:00:00,0.22695750000000003,3,5,10,1,0.23173850000000001,0.21675850000000002,0.233961
2025-10-04 04:00:00,0.23195200000000002,4,5,10,1,0.22695750000000003,0.231385,0.233562
2025-10-04 05:00:00,0.24590299999999998,5,5,10,1,0.23195200000000002,0.2746975,0.2477055
2025-10-04 06:00:00,0.2893065,6,5,10,1,0.24590299999999998,0.35555800000000004,0.2992675
2025-10-04 07:00:00,0.3658515,7,5,10,1,0.2893065,0.3806635,0.382536
2025-10-04 08:00:00,0.4426905,8,5,10,1,0.3658515,0.356622,0.466746
2025-10-04 09:00:00,0.487767,9,5,10,1,0.4426905,0.3486175,0.512428
2025-10-04 10:00:00,0.515676,10,5,10,1,0.487767,0.35116200000000003,0.537299
2025-10-04 11:00:00,0.5509175000000001,11,5,10,1,0.515676,0.383726,0.575211
2025-10-04 12:00:00,0.5443725,12,5,10,1,0.5509175000000001,0.39972450000000004,0.564389
2025-10-04 13:00:00,0.5129915,13,5,10,1,0.5443725,0.3894345,0.5295605
2025-10-04 14:00:00,0.49305550000000004,14,5,10,1,0.5129915,0.377118,0.509117
2025-10-04 15:00:00,0.4861255,15,5,10,1,0.49305550000000004,0.38334100000000004,0.4994325
2025-10-04 16:00:00,0.494396,16,5,10,1,0.4861255,0.416773,0.501648
2025-10-04 17:00:00,0.541779,17,5,10,1,0.494396,0.500143,0.5371135
2025-10-04 18:00:00,0.6232065,18,5,10,1,0.541779,0.6043205,0.5840695
2025-10-04 19:00:00,0.6436324999999999,19,5,10,1,0.6232065,0.64967,0.6152615
2025-10-04 20:00:00,0.5749660000000001,20,5,10,1,0.6436324999999999,0.5869325000000001,0.604877
2025-10-04 21:00:00,0.5103875,21,5,10,1,0.5749660000000001,0.5129355,0.5364555
2025-10-04 22:00:00,0.457653,22,5,10,1,0.5103875,0.439026,0.46772600000000003
2025-10-04 23:00:00,0.3842335,23,5,10,1,0.457653,0.34598900000000005,0.39326700000000003
2025-10-05 00:00:00,0.3050145,0,6,10,1,0.3842335,0.29741249999999997,0.326361
2025-10-05 01:00:00,0.25975600000000004,1,6,10,1,0.3050145,0.2520105,0.279258
2025-10-05 02:00:00,0.23491650000000003,2,6,10,1,0.25975600000000004,0.23173850000000001,0.255311
2025-10-05 03:00:00,0.2276855,3,6,10,1,0.23491650000000003,0.22695750000000003,0.2434285
2025-10-05 04:00:00,0.22752450000000002,4,6,10,1,0.2276855,0.23195200000000002,0.239092
2025-10-05 05:00:00,0.239981,5,6,10,1,0.22752450000000002,0.24590299999999998,0.25067
2025-10-05 06:00:00,0.2833495,6,6,10,1,0.239981,0.2893065,0.286279
2025-10-05 07:00:00,0.3604825,7,6,10,1,0.2833495,0.3658515,0.36005200000000004
2025-10-05 08:00:00,0.46290299999999995,8,6,10,1,0.3604825,0.4426905,0.470372
2025-10-05 09:00:00,0.5411805000000001,9,6,10,1,0.46290299999999995,0.487767,0.554918
2025-10-05 10:00:00,0.5982165,10,6,10,1,0.5411805000000001,0.515676,0.6144425
2025-10-05 11:00:00,0.659568,11,6,10,1,0.5982165,0.5509175000000001,0.6778135000000001
2025-10-05 12:00:00,0.6297025,12,6,10,1,0.659568,0.5443725,0.6478360000000001
2025-10-05 13:00:00,0.5677559999999999,13,6,10,1,0.6297025,0.5129915,0.5797295
2025-10-05 14:00:00,0.527387,14,6,10,1,0.5677559999999999,0.49305550000000004,0.538041
2025-10-05 15:00:00,0.507682,15,6,10,1,0.527387,0.4861255,0.513856
2025-10-05 16:00:00,0.5176675,16,6,10,1,0.507682,0.494396,0.515249
2025-10-05 17:00:00,0.5872965,17,6,10,1,0.5176675,0.541779,0.568771
2025-10-05 18:00:00,0.6559945,18,6,10,1,0.5872965,0.6232065,0.627193
2025-10-05 19:00:00,0.669536,19,6,10,1,0.6559945,0.6436324999999999,0.6518189999999999
2025-10-05 20:00:00,0.592795,20,6,10,1,0.669536,0.5749660000000001,0.6281380000000001
2025-10-05 21:00:00,0.513597,21,6,10,1,0.592795,0.5103875,0.542976
2025-10-05 22:00:00,0.4341995,22,6,10,1,0.513597,0.457653,0.446117
2025-10-05 23:00:00,0.341166,23,6,10,1,0.4341995,0.3842335,0.34881
2025-10-06 00:00:00,0.2664515,0,0,10,0,0.341166,0.3050145,0.27900600000000003
2025-10-06 01:00:00,0.22986600000000001,1,0,10,0,0.2664515,0.25975600000000004,0.243215
2025-10-06 02:00:00,0.2166045,2,0,10,0,0.22986600000000001,0.23491650000000003,0.22864450000000003
2025-10-06 03:00:00,0.21675850000000002,3,0,10,0,0.2166045,0.2276855,0.2260615
2025-10-06 04:00:00,0.231385,4,0,10,0,0.21675850000000002,0.22752450000000002,0.236411
2025-10-06 05:00:00,0.2746975,5,0,10,0,0.231385,0.239981,0.282401
2025-10-06 06:00:00,0.35555800000000004,6,0,10,0,0.2746975,0.2833495,0.3707935
2025-10-06 07:00:00,0.3806635,7,0,10,0,0.35555800000000004,0.3604825,0.382739
2025-10-06 08:00:00,0.356622,8,0,10,0,0.3806635,0.46290299999999995,0.3570735
2025-10-06 09:00:00,0.3486175,9,0,10,0,0.356622,0.5411805000000001,0.3516135
2025-10-06 10:00:00,0.35116200000000003,10,0,10,0,0.3486175,0.5982165,0.3539585
2025-10-06 11:00:00,0.383726,11,0,10,0,0.35116200000000003,0.659568,0.3853885
2025-10-06 12:00:00,0.39972450000000004,12,0,10,0,0.383726,0.6297025,0.4011945
2025-10-06 13:00:00,0.3894345,13,0,10,0,0.39972450000000004,0.5677559999999999,0.39083100000000004
2025-10-06 14:00:00,0.377118,14,0,10,0,0.3894345,0.527387,0.37723
2025-10-06 15:00:00,0.38334100000000004,15,0,10,0,0.377118,0.507682,0.38491600000000004
2025-10-06 16:00:00,0.416773,16,0,10,0,0.38334100000000004,0.5176675,0.4176935
2025-10-06 17:00:00,0.500143,17,0,10,0,0.416773,0.5872965,0.4865875
2025-10-06 18:00:00,0.6043205,18,0,10,0,0.500143,0.6559945,0.5629365
2025-10-06 19:00:00,0.64967,19,0,10,0,0.6043205,0.669536,0.6148555
2025-10-06 20:00:00,0.5869325000000001,20,0,10,0,0.64967,0.592795,0.618576
2025-10-06 21:00:00,0.5129355,21,0,10,0,0.5869325000000001,0.513597,0.5418805
2025-10-06 22:00:00,0.439026,22,0,10,0,0.5129355,0.4341995,0.449379
2025-10-06 23:00:00,0.34598900000000005,23,0,10,0,0.439026,0.341166,0.3528735
2025-10-07 00:00:00,0.2664515,0,1,10,0,0.34598900000000005,0.2664515,0.27900600000000003
2025-10-07 01:00:00,0.22986600000000001,1,1,10,0,0.2664515,0.22986600000000001,0.243215
2025-10-07 02:00:00,0.2166045,2,1,10,0,0.22986600000000001,0.2166045,0.22864450000000003
2025-10-07 03:00:00,0.21675850000000002,3,1,10,0,0.2166045,0.21675850000000002,0.2260615
2025-10-07 04:00:00,0.231385,4,1,10,0,0.21675850000000002,0.231385,0.236411
2025-10-07 05:00:00,0.2746975,5,1,10,0,0.231385,0.2746975,0.282401
2025-10-07 06:00:00,0.35555800000000004,6,1,10,0,0.2746975,0.35555800000000004,0.3707935
2025-10-07 07:00:00,0.3806635,7,1,10,0,0.35555800000000004,0.3806635,0.382739
2025-10-07 08:00:00,0.356622,8,1,10,0,0.3806635,0.356622,0.3570735
2025-10-07 09:00:00,0.3486175,9,1,10,0,0.356622,0.3486175,0.3516135
2025-10-07 10:00:00,0.35116200000000003,10,1,10,0,0.3486175,0.35116200000000003,0.3539585
2025-10-07 11:00:00,0.383726,11,1,10,0,0.35116200000000003,0.383726,0.3853885
2025-10-07 12:00:00,0.39972450000000004,12,1,10,0,0.383726,0.39972450000000004,0.4011945
2025-10-07 13:00:00,0.3894345,13,1,10,0,0.39972450000000004,0.3894345,0.39083100000000004
2025-10-07 14:00:00,0.377118,14,1,10,0,0.3894345,0.377118,0.37723
2025-10-07 15:00:00,0.38334100000000004,15,1,10,0,0.377118,0.38334100000000004,0.38491600000000004
2025-10-07 16:00:00,0.416773,16,1,10,0,0.38334100000000004,0.416773,0.4176935
2025-10-07 17:00:00,0.500143,17,1,10,0,0.416773,0.500143,0.4865875
2025-10-07 18:00:00,0.6043205,18,1,10,0,0.500143,0.6043205,0.5629365
2025-10-07 19:00:00,0.64967,19,1,10,0,0.6043205,0.64967,0.6148555
2025-10-07 20:00:00,0.5869325000000001,20,1,10,0,0.64967,0.5869325000000001,0.618576
2025-10-07 21:00:00,0.5129355,21,1,10,0,0.5869325000000001,0.5129355,0.5418805
2025-10-07 22:00:00,0.439026,22,1,10,0,0.5129355,0.439026,0.449379
2025-10-07 23:00:00,0.34598900000000005,23,1,10,0,0.439026,0.34598900000000005,0.3528735
2025-10-08 00:00:00,0.2664515,0,2,10,0,0.34598900000000005,0.2664515,0.2664515
2025-10-08 01:00:00,0.22986600000000001,1,2,10,0,0.2664515,0.22986600000000001,0.22986600000000001
2025-10-08 02:00:00,0.2166045,2,2,10,0,0.22986600000000001,0.2166045,0.2166045
2025-10-08 03:00:00,0.21675850000000002,3,2,10,0,0.2166045,0.21675850000000002,0.21675850000000002
2025-10-08 04:00:00,0.231385,4,2,10,0,0.21675850000000002,0.231385,0.231385
2025-10-08 05:00:00,0.2746975,5,2,10,0,0.231385,0.2746975,0.2746975
2025-10-08 06:00:00,0.35555800000000004,6,2,10,0,0.2746975,0.35555800000000004,0.35555800000000004
2025-10-08 07:00:00,0.3806635,7,2,10,0,0.35555800000000004,0.3806635,0.3806635
2025-10-08 08:00:00,0.356622,8,2,10,0,0.3806635,0.356622,0.356622
2025-10-08 09:00:00,0.3486175,9,2,10,0,0.356622,0.3486175,0.3486175
2025-10-08 10:00:00,0.35116200000000003,10,2,10,0,0.3486175,0.35116200000000003,0.35116200000000003
2025-10-08 11:00:00,0.383726,11,2,10,0,0.35116200000000003,0.383726,0.383726
2025-10-08 12:00:00,0.39972450000000004,12,2,10,0,0.383726,0.39972450000000004,0.39972450000000004
2025-10-08 13:00:00,0.3894345,13,2,10,0,0.39972450000000004,0.3894345,0.3894345
2025-10-08 14:00:00,0.377118,14,2,10,0,0.3894345,0.377118,0.377118
2025-10-08 15:00:00,0.38334100000000004,15,2,10,0,0.377118,0.38334100000000004,0.38334100000000004
2025-10-08 16:00:00,0.416773,16,2,10,0,0.38334100000000004,0.416773,0.416773
2025-10-08 17:00:00,0.500143,17,2,10,0,0.416773,0.500143,0.500143
2025-10-08 18:00:00,0.6043205,18,2,10,0,0.500143,0.6043205,0.6043205
2025-10-08 19:00:00,0.64967,19,2,10,0,0.6043205,0.64967,0.64967
2025-10-08 20:00:00,0.5869325000000001,20,2,10,0,0.64967,0.5869325000000001,0.5869325000000001
2025-10-08 21:00:00,0.5129355,21,2,10,0,0.5869325000000001,0.5129355,0.5129355
2025-10-08 22:00:00,0.439026,22,2,10,0,0.5129355,0.439026,0.439026
2025-10-08 23:00:00,0.34598900000000005,23,2,10,0,0.439026,0.34598900000000005,0.34598900000000005
2025-10-09 00:00:00,0.2664515,0,3,10,0,0.34598900000000005,0.2664515,0.2664515
2025-10-09 01:00:00,0.22986600000000001,1,3,10,0,0.2664515,0.22986600000000001,0.22986600000000001
2025-10-09 02:00:00,0.2166045,2,3,10,0,0.22986600000000001,0.2166045,0.2166045
2025-10-09 03:00:00,0.21675850000000002,3,3,10,0,0.2166045,0.21675850000000002,0.21675850000000002
2025-10-09 04:00:00,0.231385,4,3,10,0,0.21675850000000002,0.231385,0.231385
2025-10-09 05:00:00,0.2746975,5,3,10,0,0.231385,0.2746975,0.2746975
2025-10-09 06:00:00,0.35555800000000004,6,3,10,0,0.2746975,0.35555800000000004,0.35555800000000004
2025-10-09 07:00:00,0.3806635,7,3,10,0,0.35555800000000004,0.3806635,0.3806635
2025-10-09 08:00:00,0.356622,8,3,10,0,0.3806635,0.356622,0.356622
2025-10-09 09:00:00,0.3486175,9,3,10,0,0.356622,0.3486175,0.3486175
2025-10-09 10:00:00,0.35116200000000003,10,3,10,0,0.3486175,0.35116200000000003,0.35116200000000003
2025-10-09 11:00:00,0.383726,11,3,10,0,0.35116200000000003,0.383726,0.383726
2025-10-09 12:00:00,0.39972450000000004,12,3,10,0,0.383726,0.39972450000000004,0.39972450000000004
2025-10-09 13:00:00,0.3894345,13,3,10,0,0.39972450000000004,0.3894345,0.3894345
2025-10-09 14:00:00,0.377118,14,3,10,0,0.3894345,0.377118,0.377118
2025-10-09 15:00:00,0.38334100000000004,15,3,10,0,0.377118,0.38334100000000004,0.38334100000000004
2025-10-09 16:00:00,0.416773,16,3,10,0,0.38334100000000004,0.416773,0.416773
2025-10-09 17:00:00,0.500143,17,3,10,0,0.416773,0.500143,0.500143
2025-10-09 18:00:00,0.6043205,18,3,10,0,0.500143,0.6043205,0.6043205
2025-10-09 19:00:00,0.64967,19,3,10,0,0.6043205,0.64967,0.64967
2025-10-09 20:00:00,0.5869325000000001,20,3,10,0,0.64967,0.5869325000000001,0.5869325000000001
2025-10-09 21:00:00,0.5129355,21,3,10,0,0.5869325000000001,0.5129355,0.5129355
2025-10-09 22:00:00,0.439026,22,3,10,0,0.5129355,0.439026,0.439026
2025-10-09 23:00:00,0.34598900000000005,23,3,10,0,0.439026,0.34598900000000005,0.34598900000000005
2025-10-10 00:00:00,0.2664515,0,4,10,0,0.34598900000000005,0.2664515,0.2664515
2025-10-10 01:00:00,0.22986600000000001,1,4,10,0,0.2664515,0.22986600000000001,0.22986600000000001
2025-10-10 02:00:00,0.2166045,2,4,10,0,0.22986600000000001,0.2166045,0.2166045
2025-10-10 03:00:00,0.21675850000000002,3,4,10,0,0.2166045,0.21675850000000002,0.21675850000000002
2025-10-10 04:00:00,0.231385,4,4,10,0,0.21675850000000002,0.231385,0.231385
2025-10-10 05:00:00,0.2746975,5,4,10,0,0.231385,0.2746975,0.2746975
2025-10-10 06:00:00,0.35555800000000004,6,4,10,0,0.2746975,0.35555800000000004,0.35555800000000004
2025-10-10 07:00:00,0.3806635,7,4,10,0,0.35555800000000004,0.3806635,0.3806635
2025-10-10 08:00:00,0.356622,8,4,10,0,0.3806635,0.356622,0.356622
2025-10-10 09:00:00,0.3486175,9,4,10,0,0.356622,0.3486175,0.3486175
2025-10-10 10:00:00,0.35116200000000003,10,4,10,0,0.3486175,0.35116200000000003,0.35116200000000003
2025-10-10 11:00:00,0.383726,11,4,10,0,0.35116200000000003,0.383726,0.383726
2025-10-10 12:00:00,0.39972450000000004,12,4,10,0,0.383726,0.39972450000000004,0.39972450000000004
2025-10-10 13:00:00,0.3894345,13,4,10,0,0.39972450000000004,0.3894345,0.3894345
2025-10-10 14:00:00,0.377118,14,4,10,0,0.3894345,0.377118,0.377118
2025-10-10 15:00:00,0.38334100000000004,15,4,10,0,0.377118,0.38334100000000004,0.38334100000000004
2025-10-10 16:00:00,0.416773,16,4,10,0,0.38334100000000004,0.416773,0.416773
2025-10-10 17:00:00,0.500143,17,4,10,0,0.416773,0.500143,0.500143
2025-10-10 18:00:00,0.6043205,18,4,10,0,0.500143,0.6043205,0.6043205
2025-10-10 19:00:00,0.64967,19,4,10,0,0.6043205,0.64967,0.64967
2025-10-10 20:00:00,0.5869325000000001,20,4,10,0,0.64967,0.5869325000000001,0.5869325000000001
2025-10-10 21:00:00,0.5129355,21,4,10,0,0.5869325000000001,0.5129355,0.5129355
2025-10-10 22:00:00,0.439026,22,4,10,0,0.5129355,0.439026,0.439026
2025-10-10 23:00:00,0.34598900000000005,23,4,10,0,0.439026,0.34598900000000005,0.34598900000000005
2025-10-11 00:00:00,0.29741249999999997,0,5,10,1,0.34598900000000005,0.2664515,0.29741249999999997
2025-10-11 01:00:00,0.2520105,1,5,10,1,0.29741249999999997,0.22986600000000001,0.2520105
2025-10-11 02:00:00,0.23173850000000001,2,5,10,1,0.2520105,0.2166045,0.23173850000000001
2025-10-11 03:00:00,0.22695750000000003,3,5,10,1,0.23173850000000001,0.21675850000000002,0.22695750000000003
2025-10-11 04:00:00,0.23195200000000002,4,5,10,1,0.22695750000000003,0.231385,0.23195200000000002
2025-10-11 05:00:00,0.24590299999999998,5,5,10,1,0.23195200000000002,0.2746975,0.24590299999999998
2025-10-11 06:00:00,0.2893065,6,5,10,1,0.24590299999999998,0.35555800000000004,0.2893065
2025-10-11 07:00:00,0.3658515,7,5,10,1,0.2893065,0.3806635,0.3658515
2025-10-11 08:00:00,0.4426905,8,5,10,1,0.3658515,0.356622,0.4426905
2025-10-11 09:00:00,0.487767,9,5,10,1,0.4426905,0.3486175,0.487767
2025-10-11 10:00:00,0.515676,10,5,10,1,0.487767,0.35116200000000003,0.515676
2025-10-11 11:00:00,0.5509175000000001,11,5,10,1,0.515676,0.383726,0.5509175000000001
2025-10-11 12:00:00,0.5443725,12,5,10,1,0.5509175000000001,0.39972450000000004,0.5443725
2025-10-11 13:00:00,0.5129915,13,5,10,1,0.5443725,0.3894345,0.5129915
2025-10-11 14:00:00,0.49305550000000004,14,5,10,1,0.5129915,0.377118,0.49305550000000004
2025-10-11 15:00:00,0.4861255,15,5,10,1,0.49305550000000004,0.38334100000000004,0.4861255
2025-10-11 16:00:00,0.494396,16,5,10,1,0.4861255,0.416773,0.494396
2025-10-11 17:00:00,0.541779,17,5,10,1,0.494396,0.500143,0.541779
2025-10-11 18:00:00,0.6232065,18,5,10,1,0.541779,0.6043205,0.6232065
2025-10-11 19:00:00,0.6436324999999999,19,5,10,1,0.6232065,0.64967,0.6436324999999999
2025-10-11 20:00:00,0.5749660000000001,20,5,10,1,0.6436324999999999,0.5869325000000001,0.5749660000000001
2025-10-11 21:00:00,0.5103875,21,5,10,1,0.5749660000000001,0.5129355,0.5103875
2025-10-11 22:00:00,0.457653,22,5,10,1,0.5103875,0.439026,0.457653
2025-10-11 23:00:00,0.3842335,23,5,10,1,0.457653,0.34598900000000005,0.3842335
2025-10-12 00:00:00,0.3050145,0,6,10,1,0.3842335,0.29741249999999997,0.3050145
2025-10-12 01:00:00,0.25975600000000004,1,6,10,1,0.3050145,0.2520105,0.25975600000000004
2025-10-12 02:00:00,0.23491650000000003,2,6,10,1,0.25975600000000004,0.23173850000000001,0.23491650000000003
2025-10-12 03:00:00,0.2276855,3,6,10,1,0.23491650000000003,0.22695750000000003,0.2276855
2025-10-12 04:00:00,0.22752450000000002,4,6,10,1,0.2276855,0.23195200000000002,0.22752450000000002
2025-10-12 05:00:00,0.239981,5,6,10,1,0.22752450000000002,0.24590299999999998,0.239981
2025-10-12 06:00:00,0.2833495,6,6,10,1,0.239981,0.2893065,0.2833495
2025-10-12 07:00:00,0.3604825,7,6,10,1,0.2833495,0.3658515,0.3604825
2025-10-12 08:00:00,0.46290299999999995,8,6,10,1,0.3604825,0.4426905,0.46290299999999995
2025-10-12 09:00:00,0.5411805000000001,9,6,10,1,0.46290299999999995,0.487767,0.5411805000000001
2025-10-12 10:00:00,0.5982165,10,6,10,1,0.5411805000000001,0.515676,0.5982165
2025-10-12 11:00:00,0.659568,11,6,10,1,0.5982165,0.5509175000000001,0.659568
2025-10-12 12:00:00,0.6297025,12,6,10,1,0.659568,0.5443725,0.6297025
2025-10-12 13:00:00,0.5677559999999999,13,6,10,1,0.6297025,0.5129915,0.5677559999999999
2025-10-12 14:00:00,0.527387,14,6,10,1,0.5677559999999999,0.49305550000000004,0.527387
2025-10-12 15:00:00,0.507682,15,6,10,1,0.527387,0.4861255,0.507682
2025-10-12 16:00:00,0.5176675,16,6,10,1,0.507682,0.494396,0.5176675
2025-10-12 17:00:00,0.5872965,17,6,10,1,0.5176675,0.541779,0.5872965
2025-10-12 18:00:00,0.6559945,18,6,10,1,0.5872965,0.6232065,0.6559945
2025-10-12 19:00:00,0.669536,19,6,10,1,0.6559945,0.6436324999999999,0.669536
2025-10-12 20:00:00,0.592795,20,6,10,1,0.669536,0.5749660000000001,0.592795
2025-10-12 21:00:00,0.513597,21,6,10,1,0.592795,0.5103875,0.513597
2025-10-12 22:00:00,0.4341995,22,6,10,1,0.513597,0.457653,0.4341995
2025-10-12 23:00:00,0.341166,23,6,10,1,0.4341995,0.3842335,0.341166
2025-10-13 00:00:00,0.2664515,0,0,10,0,0.341166,0.3050145,0.2664515
2025-10-13 01:00:00,0.22986600000000001,1,0,10,0,0.2664515,0.25975600000000004,0.22986600000000001
2025-10-13 02:00:00,0.2166045,2,0,10,0,0.22986600000000001,0.23491650000000003,0.2166045
2025-10-13 03:00:00,0.21675850000000002,3,0,10,0,0.2166045,0.2276855,0.21675850000000002
2025-10-13 04:00:00,0.231385,4,0,10,0,0.21675850000000002,0.22752450000000002,0.231385
2025-10-13 05:00:00,0.2746975,5,0,10,0,0.231385,0.239981,0.2746975
2025-10-13 06:00:00,0.35555800000000004,6,0,10,0,0.2746975,0.2833495,0.35555800000000004
2025-10-13 07:00:00,0.3806635,7,0,10,0,0.35555800000000004,0.3604825,0.3806635
2025-10-13 08:00:00,0.356622,8,0,10,0,0.3806635,0.46290299999999995,0.356622
2025-10-13 09:00:00,0.3486175,9,0,10,0,0.356622,0.5411805000000001,0.3486175
2025-10-13 10:00:00,0.35116200000000003,10,0,10,0,0.3486175,0.5982165,0.35116200000000003
2025-10-13 11:00:00,0.383726,11,0,10,0,0.35116200000000003,0.659568,0.383726
2025-10-13 12:00:00,0.39972450000000004,12,0,10,0,0.383726,0.6297025,0.39972450000000004
2025-10-13 13:00:00,0.3894345,13,0,10,0,0.39972450000000004,0.5677559999999999,0.3894345
2025-10-13 14:00:00,0.377118,14,0,10,0,0.3894345,0.527387,0.377118
2025-10-13 15:00:00,0.38334100000000004,15,0,10,0,0.377118,0.507682,0.38334100000000004
2025-10-13 16:00:00,0.416773,16,0,10,0,0.38334100000000004,0.5176675,0.416773
2025-10-13 17:00:00,0.500143,17,0,10,0,0.416773,0.5872965,0.500143
2025-10-13 18:00:00,0.6043205,18,0,10,0,0.500143,0.6559945,0.6043205
2025-10-13 19:00:00,0.64967,19,0,10,0,0.6043205,0.669536,0.64967
2025-10-13 20:00:00,0.5869325000000001,20,0,10,0,0.64967,0.592795,0.5869325000000001
2025-10-13 21:00:00,0.5129355,21,0,10,0,0.5869325000000001,0.513597,0.5129355
2025-10-13 22:00:00,0.439026,22,0,10,0,0.5129355,0.4341995,0.439026
2025-10-13 23:00:00,0.34598900000000005,23,0,10,0,0.439026,0.341166,0.34598900000000005
2025-10-14 00:00:00,0.2664515,0,1,10,0,0.34598900000000005,0.2664515,0.2664515
2025-10-14 01:00:00,0.22986600000000001,1,1,10,0,0.2664515,0.22986600000000001,0.22986600000000001
2025-10-14 02:00:00,0.2166045,2,1,10,0,0.22986600000000001,0.2166045,0.2166045
2025-10-14 03:00:00,0.21675850000000002,3,1,10,0,0.2166045,0.21675850000000002,0.21675850000000002
2025-10-14 04:00:00,0.231385,4,1,10,0,0.21675850000000002,0.231385,0.231385
2025-10-14 05:00:00,0.2746975,5,1,10,0,0.231385,0.2746975,0.2746975
2025-10-14 06:00:00,0.35555800000000004,6,1,10,0,0.2746975,0.35555800000000004,0.35555800000000004
2025-10-14 07:00:00,0.3806635,7,1,10,0,0.35555800000000004,0.3806635,0.3806635
2025-10-14 08:00:00,0.356622,8,1,10,0,0.3806635,0.356622,0.356622
2025-10-14 09:00:00,0.3486175,9,1,10,0,0.356622,0.3486175,0.3486175
2025-10-14 10:00:00,0.35116200000000003,10,1,10,0,0.3486175,0.35116200000000003,0.35116200000000003
2025-10-14 11:00:00,0.383726,11,1,10,0,0.35116200000000003,0.383726,0.383726
2025-10-14 12:00:00,0.39972450000000004,12,1,10,0,0.383726,0.39972450000000004,0.39972450000000004
2025-10-14 13:00:00,0.3894345,13,1,10,0,0.39972450000000004,0.3894345,0.3894345
2025-10-14 14:00:00,0.377118,14,1,10,0,0.3894345,0.377118,0.377118
2025-10-14 15:00:00,0.38334100000000004,15,1,10,0,0.377118,0.38334100000000004,0.38334100000000004
2025-10-14 16:00:00,0.416773,16,1,10,0,0.38334100000000004,0.416773,0.416773
2025-10-14 17:00:00,0.500143,17,1,10,0,0.416773,0.500143,0.500143
2025-10-14 18:00:00,0.6043205,18,1,10,0,0.500143,0.6043205,0.6043205
2025-10-14 19:00:00,0.64967,19,1,10,0,0.6043205,0.64967,0.64967
2025-10-14 20:00:00,0.5869325000000001,20,1,10,0,0.64967,0.5869325000000001,0.5869325000000001
2025-10-14 21:00:00,0.5129355,21,1,10,0,0.5869325000000001,0.5129355,0.5129355
2025-10-14 22:00:00,0.439026,22,1,10,0,0.5129355,0.439026,0.439026
2025-10-14 23:00:00,0.34598900000000005,23,1,10,0,0.439026,0.34598900000000005,0.34598900000000005
2025-10-15 00:00:00,0.2664515,0,2,10,0,0.34598900000000005,0.2664515,0.2664515
2025-10-15 01:00:00,0.22986600000000001,1,2,10,0,0.2664515,0.22986600000000001,0.22986600000000001
2025-10-15 02:00:00,0.2166045,2,2,10,0,0.22986600000000001,0.2166045,0.2166045
2025-10-15 03:00:00,0.21675850000000002,3,2,10,0,0.2166045,0.21675850000000002,0.21675850000000002
2025-10-15 04:00:00,0.231385,4,2,10,0,0.21675850000000002,0.231385,0.231385
2025-10-15 05:00:00,0.2746975,5,2,10,0,0.231385,0.2746975,0.2746975
2025-10-15 06:00:00,0.35555800000000004,6,2,10,0,0.2746975,0.35555800000000004,0.35555800000000004
2025-10-15 07:00:00,0.3806635,7,2,10,0,0.35555800000000004,0.3806635,0.3806635
2025-10-15 08:00:00,0.356622,8,2,10,0,0.3806635,0.356622,0.356622
2025-10-15 09:00:00,0.3486175,9,2,10,0,0.356622,0.3486175,0.3486175
2025-10-15 10:00:00,0.35116200000000003,10,2,10,0,0.3486175,0.35116200000000003,0.35116200000000003
2025-10-15 11:00:00,0.383726,11,2,10,0,0.35116200000000003,0.383726,0.383726
2025-10-15 12:00:00,0.39972450000000004,12,2,10,0,0.383726,0.39972450000000004,0.39972450000000004
2025-10-15 13:00:00,0.3894345,13,2,10,0,0.39972450000000004,0.3894345,0.3894345
2025-10-15 14:00:00,0.377118,14,2,10,0,0.3894345,0.377118,0.377118
2025-10-15 15:00:00,0.38334100000000004,15,2,10,0,0.377118,0.38334100000000004,0.38334100000000004
2025-10-15 16:00:00,0.416773,16,2,10,0,0.38334100000000004,0.416773,0.416773
2025-10-15 17:00:00,0.500143,17,2,10,0,0.416773,0.500143,0.500143
2025-10-15 18:00:00,0.6043205,18,2,10,0,0.500143,0.6043205,0.6043205
2025-10-15 19:00:00,0.64967,19,2,10,0,0.6043205,0.64967,0.64967
2025-10-15 20:00:00,0.5869325000000001,20,2,10,0,0.64967,0.5869325000000001,0.5869325000000001
2025-10-15 21:00:00,0.5129355,21,2,10,0,0.5869325000000001,0.5129355,0.5129355
2025-10-15 22:00:00,0.439026,22,2,10,0,0.5129355,0.439026,0.439026
2025-10-15 23:00:00,0.34598900000000005,23,2,10,0,0.439026,0.34598900000000005,0.34598900000000005
2025-10-16 00:00:00,0.2664515,0,3,10,0,0.34598900000000005,0.2664515,0.2664515
2025-10-16 01:00:00,0.22986600000000001,1,3,10,0,0.2664515,0.22986600000000001,0.22986600000000001
2025-10-16 02:00:00,0.2166045,2,3,10,0,0.22986600000000001,0.2166045,0.2166045
2025-10-16 03:00:00,0.21675850000000002,3,3,10,0,0.2166045,0.21675850000000002,0.21675850000000002
2025-10-16 04:00:00,0.231385,4,3,10,0,0.21675850000000002,0.231385,0.231385
2025-10-16 05:00:00,0.2746975,5,3,10,0,0.231385,0.2746975,0.2746975
2025-10-16 06:00:00,0.35555800000000004,6,3,10,0,0.2746975,0.35555800000000004,0.35555800000000004
2025-10-16 07:00:00,0.3806635,7,3,10,0,0.35555800000000004,0.3806635,0.3806635
2025-10-16 08:00:00,0.356622,8,3,10,0,0.3806635,0.356622,0.356622
2025-10-16 09:00:00,0.3486175,9,3,10,0,0.356622,0.3486175,0.3486175
2025-10-16 10:00:00,0.35116200000000003,10,3,10,0,0.3486175,0.35116200000000003,0.35116200000000003
2025-10-16 11:00:00,0.383726,11,3,10,0,0.35116200000000003,0.383726,0.383726
2025-10-16 12:00:00,0.39972450000000004,12,3,10,0,0.383726,0.39972450000000004,0.39972450000000004
2025-10-16 13:00:00,0.3894345,13,3,10,0,0.39972450000000004,0.3894345,0.3894345
2025-10-16 14:00:00,0.377118,14,3,10,0,0.3894345,0.377118,0.377118
2025-10-16 15:00:00,0.38334100000000004,15,3,10,0,0.377118,0.38334100000000004,0.38334100000000004
2025-10-16 16:00:00,0.416773,16,3,10,0,0.38334100000000004,0.416773,0.416773
2025-10-16 17:00:00,0.500143,17,3,10,0,0.416773,0.500143,0.500143
2025-10-16 18:00:00,0.6043205,18,3,10,0,0.500143,0.6043205,0.6043205
2025-10-16 19:00:00,0.64967,19,3,10,0,0.6043205,0.64967,0.64967
2025-10-16 20:00:00,0.5869325000000001,20,3,10,0,0.64967,0.5869325000000001,0.5869325000000001
2025-10-16 21:00:00,0.5129355,21,3,10,0,0.5869325000000001,0.5129355,0.5129355
2025-10-16 22:00:00,0.439026,22,3,10,0,0.5129355,0.439026,0.439026
2025-10-16 23:00:00,0.34598900000000005,23,3,10,0,0.439026,0.34598900000000005,0.34598900000000005
2025-10-17 00:00:00,0.2664515,0,4,10,0,0.34598900000000005,0.2664515,0.2664515
2025-10-17 01:00:00,0.22986600000000001,1,4,10,0,0.2664515,0.22986600000000001,0.22986600000000001
2025-10-17 02:00:00,0.2166045,2,4,10,0,0.22986600000000001,0.2166045,0.2166045
2025-10-17 03:00:00,0.21675850000000002,3,4,10,0,0.2166045,0.21675850000000002,0.21675850000000002
2025-10-17 04:00:00,0.231385,4,4,10,0,0.21675850000000002,0.231385,0.231385
2025-10-17 05:00:00,0.2746975,5,4,10,0,0.231385,0.2746975,0.2746975
2025-10-17 06:00:00,0.35555800000000004,6,4,10,0,0.2746975,0.35555800000000004,0.35555800000000004
2025-10-17 07:00:00,0.3806635,7,4,10,0,0.35555800000000004,0.3806635,0.3806635
2025-10-17 08:00:00,0.356622,8,4,10,0,0.3806635,0.356622,0.356622
2025-10-17 09:00:00,0.3486175,9,4,10,0,0.356622,0.3486175,0.3486175
2025-10-17 10:00:00,0.35116200000000003,10,4,10,0,0.3486175,0.35116200000000003,0.35116200000000003
2025-10-17 11:00:00,0.383726,11,4,10,0,0.35116200000000003,0.383726,0.383726
2025-10-17 12:00:00,0.39972450000000004,12,4,10,0,0.383726,0.39972450000000004,0.39972450000000004
2025-10-17 13:00:00,0.3894345,13,4,10,0,0.39972450000000004,0.3894345,0.3894345
2025-10-17 14:00:00,0.377118,14,4,10,0,0.3894345,0.377118,0.377118
2025-10-17 15:00:00,0.38334100000000004,15,4,10,0,0.377118,0.38334100000000004,0.38334100000000004
2025-10-17 16:00:00,0.416773,16,4,10,0,0.38334100000000004,0.416773,0.416773
2025-10-17 17:00:00,0.500143,17,4,10,0,0.416773,0.500143,0.500143
2025-10-17 18:00:00,0.6043205,18,4,10,0,0.500143,0.6043205,0.6043205
2025-10-17 19:00:00,0.64967,19,4,10,0,0.6043205,0.64967,0.64967
2025-10-17 20:00:00,0.5869325000000001,20,4,10,0,0.64967,0.5869325000000001,0.5869325000000001
2025-10-17 21:00:00,0.5129355,21,4,10,0,0.5869325000000001,0.5129355,0.5129355
2025-10-17 22:00:00,0.439026,22,4,10,0,0.5129355,0.439026,0.439026
2025-10-17 23:00:00,0.34598900000000005,23,4,10,0,0.439026,0.34598900000000005,0.34598900000000005
2025-10-18 00:00:00,0.29741249999999997,0,5,10,1,0.34598900000000005,0.2664515,0.29741249999999997
2025-10-18 01:00:00,0.2520105,1,5,10,1,0.29741249999999997,0.22986600000000001,0.2520105
2025-10-18 02:00:00,0.23173850000000001,2,5,10,1,0.2520105,0.2166045,0.23173850000000001
2025-10-18 03:00:00,0.22695750000000003,3,5,10,1,0.23173850000000001,0.21675850000000002,0.22695750000000003
2025-10-18 04:00:00,0.23195200000000002,4,5,10,1,0.22695750000000003,0.231385,0.23195200000000002
2025-10-18 05:00:00,0.24590299999999998,5,5,10,1,0.23195200000000002,0.2746975,0.24590299999999998
2025-10-18 06:00:00,0.2893065,6,5,10,1,0.24590299999999998,0.35555800000000004,0.2893065
2025-10-18 07:00:00,0.3658515,7,5,10,1,0.2893065,0.3806635,0.3658515
2025-10-18 08:00:00,0.4426905,8,5,10,1,0.3658515,0.356622,0.4426905
2025-10-18 09:00:00,0.487767,9,5,10,1,0.4426905,0.3486175,0.487767
2025-10-18 10:00:00,0.515676,10,5,10,1,0.487767,0.35116200000000003,0.515676
2025-10-18 11:00:00,0.5509175000000001,11,5,10,1,0.515676,0.383726,0.5509175000000001
2025-10-18 12:00:00,0.5443725,12,5,10,1,0.5509175000000001,0.39972450000000004,0.5443725
2025-10-18 13:00:00,0.5129915,13,5,10,1,0.5443725,0.3894345,0.5129915
2025-10-18 14:00:00,0.49305550000000004,14,5,10,1,0.5129915,0.377118,0.49305550000000004
2025-10-18 15:00:00,0.4861255,15,5,10,1,0.49305550000000004,0.38334100000000004,0.4861255
2025-10-18 16:00:00,0.494396,16,5,10,1,0.4861255,0.416773,0.494396
2025-10-18 17:00:00,0.541779,17,5,10,1,0.494396,0.500143,0.541779
2025-10-18 18:00:00,0.6232065,18,5,10,1,0.541779,0.6043205,0.6232065
2025-10-18 19:00:00,0.6436324999999999,19,5,10,1,0.6232065,0.64967,0.6436324999999999
2025-10-18 20:00:00,0.5749660000000001,20,5,10,1,0.6436324999999999,0.5869325000000001,0.5749660000000001
2025-10-18 21:00:00,0.5103875,21,5,10,1,0.5749660000000001,0.5129355,0.5103875
2025-10-18 22:00:00,0.457653,22,5,10,1,0.5103875,0.439026,0.457653
2025-10-18 23:00:00,0.3842335,23,5,10,1,0.457653,0.34598900000000005,0.3842335
2025-10-19 00:00:00,0.3050145,0,6,10,1,0.3842335,0.29741249999999997,0.3050145
2025-10-19 01:00:00,0.25975600000000004,1,6,10,1,0.3050145,0.2520105,0.25975600000000004
2025-10-19 02:00:00,0.23491650000000003,2,6,10,1,0.25975600000000004,0.23173850000000001,0.23491650000000003
2025-10-19 03:00:00,0.2276855,3,6,10,1,0.23491650000000003,0.22695750000000003,0.2276855
2025-10-19 04:00:00,0.22752450000000002,4,6,10,1,0.2276855,0.23195200000000002,0.22752450000000002
2025-10-19 05:00:00,0.239981,5,6,10,1,0.22752450000000002,0.24590299999999998,0.239981
2025-10-19 06:00:00,0.2833495,6,6,10,1,0.239981,0.2893065,0.2833495
2025-10-19 07:00:00,0.3604825,7,6,10,1,0.2833495,0.3658515,0.3604825
2025-10-19 08:00:00,0.46290299999999995,8,6,10,1,0.3604825,0.4426905,0.46290299999999995
2025-10-19 09:00:00,0.5411805000000001,9,6,10,1,0.46290299999999995,0.487767,0.5411805000000001
2025-10-19 10:00:00,0.5982165,10,6,10,1,0.5411805000000001,0.515676,0.5982165
2025-10-19 11:00:00,0.659568,11,6,10,1,0.5982165,0.5509175000000001,0.659568
2025-10-19 12:00:00,0.6297025,12,6,10,1,0.659568,0.5443725,0.6297025
2025-10-19 13:00:00,0.5677559999999999,13,6,10,1,0.6297025,0.5129915,0.5677559999999999
2025-10-19 14:00:00,0.527387,14,6,10,1,0.5677559999999999,0.49305550000000004,0.527387
2025-10-19 15:00:00,0.507682,15,6,10,1,0.527387,0.4861255,0.507682
2025-10-19 16:00:00,0.5176675,16,6,10,1,0.507682,0.494396,0.5176675
2025-10-19 17:00:00,0.5872965,17,6,10,1,0.5176675,0.541779,0.5872965
2025-10-19 18:00:00,0.6559945,18,6,10,1,0.5872965,0.6232065,0.6559945
2025-10-19 19:00:00,0.669536,19,6,10,1,0.6559945,0.6436324999999999,0.669536
2025-10-19 20:00:00,0.592795,20,6,10,1,0.669536,0.5749660000000001,0.592795
2025-10-19 21:00:00,0.513597,21,6,10,1,0.592795,0.5103875,0.513597
2025-10-19 22:00:00,0.4341995,22,6,10,1,0.513597,0.457653,0.4341995
2025-10-19 23:00:00,0.341166,23,6,10,1,0.4341995,0.3842335,0.341166
2025-10-20 00:00:00,0.2664515,0,0,10,0,0.341166,0.3050145,0.2664515
2025-10-20 01:00:00,0.22986600000000001,1,0,10,0,0.2664515,0.25975600000000004,0.22986600000000001
2025-10-20 02:00:00,0.2166045,2,0,10,0,0.22986600000000001,0.23491650000000003,0.2166045
2025-10-20 03:00:00,0.21675850000000002,3,0,10,0,0.2166045,0.2276855,0.21675850000000002
2025-10-20 04:00:00,0.231385,4,0,10,0,0.21675850000000002,0.22752450000000002,0.231385
2025-10-20 05:00:00,0.2746975,5,0,10,0,0.231385,0.239981,0.2746975
2025-10-20 06:00:00,0.35555800000000004,6,0,10,0,0.2746975,0.2833495,0.35555800000000004
2025-10-20 07:00:00,0.3806635,7,0,10,0,0.35555800000000004,0.3604825,0.3806635
2025-10-20 08:00:00,0.356622,8,0,10,0,0.3806635,0.46290299999999995,0.356622
2025-10-20 09:00:00,0.3486175,9,0,10,0,0.356622,0.5411805000000001,0.3486175
2025-10-20 10:00:00,0.35116200000000003,10,0,10,0,0.3486175,0.5982165,0.35116200000000003
2025-10-20 11:00:00,0.383726,11,0,10,0,0.35116200000000003,0.659568,0.383726
2025-10-20 12:00:00,0.39972450000000004,12,0,10,0,0.383726,0.6297025,0.39972450000000004
2025-10-20 13:00:00,0.3894345,13,0,10,0,0.39972450000000004,0.5677559999999999,0.3894345
2025-10-20 14:00:00,0.377118,14,0,10,0,0.3894345,0.527387,0.377118
2025-10-20 15:00:00,0.38334100000000004,15,0,10,0,0.377118,0.507682,0.38334100000000004
2025-10-20 16:00:00,0.416773,16,0,10,0,0.38334100000000004,0.5176675,0.416773
2025-10-20 17:00:00,0.500143,17,0,10,0,0.416773,0.5872965,0.500143
2025-10-20 18:00:00,0.6043205,18,0,10,0,0.500143,0.6559945,0.6043205
2025-10-20 19:00:00,0.64967,19,0,10,0,0.6043205,0.669536,0.64967
2025-10-20 20:00:00,0.5869325000000001,20,0,10,0,0.64967,0.592795,0.5869325000000001
2025-10-20 21:00:00,0.5129355,21,0,10,0,0.5869325000000001,0.513597,0.5129355
2025-10-20 22:00:00,0.439026,22,0,10,0,0.5129355,0.4341995,0.439026
2025-10-20 23:00:00,0.34598900000000005,23,0,10,0,0.439026,0.341166,0.34598900000000005
2025-10-21 00:00:00,0.2664515,0,1,10,0,0.34598900000000005,0.2664515,0.2664515
2025-10-21 01:00:00,0.22986600000000001,1,1,10,0,0.2664515,0.22986600000000001,0.22986600000000001
2025-10-21 02:00:00,0.2166045,2,1,10,0,0.22986600000000001,0.2166045,0.2166045
2025-10-21 03:00:00,0.21675850000000002,3,1,10,0,0.2166045,0.21675850000000002,0.21675850000000002
2025-10-21 04:00:00,0.231385,4,1,10,0,0.21675850000000002,0.231385,0.231385
2025-10-21 05:00:00,0.2746975,5,1,10,0,0.231385,0.2746975,0.2746975
2025-10-21 06:00:00,0.35555800000000004,6,1,10,0,0.2746975,0.35555800000000004,0.35555800000000004
2025-10-21 07:00:00,0.3806635,7,1,10,0,0.35555800000000004,0.3806635,0.3806635
2025-10-21 08:00:00,0.356622,8,1,10,0,0.3806635,0.356622,0.356622
2025-10-21 09:00:00,0.3486175,9,1,10,0,0.356622,0.3486175,0.3486175
2025-10-21 10:00:00,0.35116200000000003,10,1,10,0,0.3486175,0.35116200000000003,0.35116200000000003
2025-10-21 11:00:00,0.383726,11,1,10,0,0.35116200000000003,0.383726,0.383726
2025-10-21 12:00:00,0.39972450000000004,12,1,10,0,0.383726,0.39972450000000004,0.39972450000000004
2025-10-21 13:00:00,0.3894345,13,1,10,0,0.39972450000000004,0.3894345,0.3894345
2025-10-21 14:00:00,0.377118,14,1,10,0,0.3894345,0.377118,0.377118
2025-10-21 15:00:00,0.38334100000000004,15,1,10,0,0.377118,0.38334100000000004,0.38334100000000004
2025-10-21 16:00:00,0.416773,16,1,10,0,0.38334100000000004,0.416773,0.416773
2025-10-21 17:00:00,0.500143,17,1,10,0,0.416773,0.500143,0.500143
2025-10-21 18:00:00,0.6043205,18,1,10,0,0.500143,0.6043205,0.6043205
2025-10-21 19:00:00,0.64967,19,1,10,0,0.6043205,0.64967,0.64967
2025-10-21 20:00:00,0.5869325000000001,20,1,10,0,0.64967,0.5869325000000001,0.5869325000000001
2025-10-21 21:00:00,0.5129355,21,1,10,0,0.5869325000000001,0.5129355,0.5129355
2025-10-21 22:00:00,0.439026,22,1,10,0,0.5129355,0.439026,0.439026
2025-10-21 23:00:00,0.34598900000000005,23,1,10,0,0.439026,0.34598900000000005,0.34598900000000005
2025-10-22 00:00:00,0.2664515,0,2,10,0,0.34598900000000005,0.2664515,0.2664515
2025-10-22 01:00:00,0.22986600000000001,1,2,10,0,0.2664515,0.22986600000000001,0.22986600000000001
2025-10-22 02:00:00,0.2166045,2,2,10,0,0.22986600000000001,0.2166045,0.2166045
2025-10-22 03:00:00,0.21675850000000002,3,2,10,0,0.2166045,0.21675850000000002,0.21675850000000002
2025-10-22 04:00:00,0.231385,4,2,10,0,0.21675850000000002,0.231385,0.231385
2025-10-22 05:00:00,0.2746975,5,2,10,0,0.231385,0.2746975,0.2746975
2025-10-22 06:00:00,0.35555800000000004,6,2,10,0,0.2746975,0.35555800000000004,0.35555800000000004
2025-10-22 07:00:00,0.3806635,7,2,10,0,0.35555800000000004,0.3806635,0.3806635
2025-10-22 08:00:00,0.356622,8,2,10,0,0.3806635,0.356622,0.356622
2025-10-22 09:00:00,0.3486175,9,2,10,0,0.356622,0.3486175,0.3486175
2025-10-22 10:00:00,0.35116200000000003,10,2,10,0,0.3486175,0.35116200000000003,0.35116200000000003
2025-10-22 11:00:00,0.383726,11,2,10,0,0.35116200000000003,0.383726,0.383726
2025-10-22 12:00:00,0.39972450000000004,12,2,10,0,0.383726,0.39972450000000004,0.39972450000000004
2025-10-22 13:00:00,0.3894345,13,2,10,0,0.39972450000000004,0.3894345,0.3894345
2025-10-22 14:00:00,0.377118,14,2,10,0,0.3894345,0.377118,0.377118
2025-10-22 15:00:00,0.38334100000000004,15,2,10,0,0.377118,0.38334100000000004,0.38334100000000004
2025-10-22 16:00:00,0.416773,16,2,10,0,0.38334100000000004,0.416773,0.416773
2025-10-22 17:00:00,0.500143,17,2,10,0,0.416773,0.500143,0.500143
2025-10-22 18:00:00,0.6043205,18,2,10,0,0.500143,0.6043205,0.6043205
2025-10-22 19:00:00,0.64967,19,2,10,0,0.6043205,0.64967,0.64967
2025-10-22 20:00:00,0.5869325000000001,20,2,10,0,0.64967,0.5869325000000001,0.5869325000000001
2025-10-22 21:00:00,0.5129355,21,2,10,0,0.5869325000000001,0.5129355,0.5129355
2025-10-22 22:00:00,0.439026,22,2,10,0,0.5129355,0.439026,0.439026
2025-10-22 23:00:00,0.34598900000000005,23,2,10,0,0.439026,0.34598900000000005,0.34598900000000005
2025-10-23 00:00:00,0.2664515,0,3,10,0,0.34598900000000005,0.2664515,0.2664515
2025-10-23 01:00:00,0.22986600000000001,1,3,10,0,0.2664515,0.22986600000000001,0.22986600000000001
2025-10-23 02:00:00,0.2166045,2,3,10,0,0.22986600000000001,0.2166045,0.2166045
2025-10-23 03:00:00,0.21675850000000002,3,3,10,0,0.2166045,0.21675850000000002,0.21675850000000002
2025-10-23 04:00:00,0.231385,4,3,10,0,0.21675850000000002,0.231385,0.231385
2025-10-23 05:00:00,0.2746975,5,3,10,0,0.231385,0.2746975,0.2746975
2025-10-23 06:00:00,0.35555800000000004,6,3,10,0,0.2746975,0.35555800000000004,0.35555800000000004
2025-10-23 07:00:00,0.3806635,7,3,10,0,0.35555800000000004,0.3806635,0.3806635
2025-10-23 08:00:00,0.356622,8,3,10,0,0.3806635,0.356622,0.356622
2025-10-23 09:00:00,0.3486175,9,3,10,0,0.356622,0.3486175,0.3486175
2025-10-23 10:00:00,0.35116200000000003,10,3,10,0,0.3486175,0.35116200000000003,0.35116200000000003
2025-10-23 11:00:00,0.383726,11,3,10,0,0.35116200000000003,0.383726,0.383726
2025-10-23 12:00:00,0.39972450000000004,12,3,10,0,0.383726,0.39972450000000004,0.39972450000000004
2025-10-23 13:00:00,0.3894345,13,3,10,0,0.39972450000000004,0.3894345,0.3894345
2025-10-23 14:00:00,0.377118,14,3,10,0,0.3894345,0.377118,0.377118
2025-10-23 15:00:00,0.38334100000000004,15,3,10,0,0.377118,0.38334100000000004,0.38334100000000004
2025-10-23 16:00:00,0.416773,16,3,10,0,0.38334100000000004,0.416773,0.416773
2025-10-23 17:00:00,0.500143,17,3,10,0,0.416773,0.500143,0.500143
2025-10-23 18:00:00,0.6043205,18,3,10,0,0.500143,0.6043205,0.6043205
2025-10-23 19:00:00,0.64967,19,3,10,0,0.6043205,0.64967,0.64967
2025-10-23 20:00:00,0.5869325000000001,20,3,10,0,0.64967,0.5869325000000001,0.5869325000000001
2025-10-23 21:00:00,0.5129355,21,3,10,0,0.5869325000000001,0.5129355,0.5129355
2025-10-23 22:00:00,0.439026,22,3,10,0,0.5129355,0.439026,0.439026
2025-10-23 23:00:00,0.34598900000000005,23,3,10,0,0.439026,0.34598900000000005,0.34598900000000005
2025-10-24 00:00:00,0.2664515,0,4,10,0,0.34598900000000005,0.2664515,0.2664515
2025-10-24 01:00:00,0.22986600000000001,1,4,10,0,0.2664515,0.22986600000000001,0.22986600000000001
2025-10-24 02:00:00,0.2166045,2,4,10,0,0.22986600000000001,0.2166045,0.2166045
2025-10-24 03:00:00,0.21675850000000002,3,4,10,0,0.2166045,0.21675850000000002,0.21675850000000002
2025-10-24 04:00:00,0.231385,4,4,10,0,0.21675850000000002,0.231385,0.231385
2025-10-24 05:00:00,0.2746975,5,4,10,0,0.231385,0.2746975,0.2746975
2025-10-24 06:00:00,0.35555800000000004,6,4,10,0,0.2746975,0.35555800000000004,0.35555800000000004
2025-10-24 07:00:00,0.3806635,7,4,10,0,0.35555800000000004,0.3806635,0.3806635
2025-10-24 08:00:00,0.356622,8,4,10,0,0.3806635,0.356622,0.356622
2025-10-24 09:00:00,0.3486175,9,4,10,0,0.356622,0.3486175,0.3486175
2025-10-24 10:00:00,0.35116200000000003,10,4,10,0,0.3486175,0.35116200000000003,0.35116200000000003
2025-10-24 11:00:00,0.383726,11,4,10,0,0.35116200000000003,0.383726,0.383726
2025-10-24 12:00:00,0.39972450000000004,12,4,10,0,0.383726,0.39972450000000004,0.39972450000000004
2025-10-24 13:00:00,0.3894345,13,4,10,0,0.39972450000000004,0.3894345,0.3894345
2025-10-24 14:00:00,0.377118,14,4,10,0,0.3894345,0.377118,0.377118
2025-10-24 15:00:00,0.38334100000000004,15,4,10,0,0.377118,0.38334100000000004,0.38334100000000004
2025-10-24 16:00:00,0.416773,16,4,10,0,0.38334100000000004,0.416773,0.416773
2025-10-24 17:00:00,0.500143,17,4,10,0,0.416773,0.500143,0.500143
2025-10-24 18:00:00,0.6043205,18,4,10,0,0.500143,0.6043205,0.6043205
2025-10-24 19:00:00,0.64967,19,4,10,0,0.6043205,0.64967,0.64967
2025-10-24 20:00:00,0.5869325000000001,20,4,10,0,0.64967,0.5869325000000001,0.5869325000000001
2025-10-24 21:00:00,0.5129355,21,4,10,0,0.5869325000000001,0.5129355,0.5129355
2025-10-24 22:00:00,0.439026,22,4,10,0,0.5129355,0.439026,0.439026
2025-10-24 23:00:00,0.34598900000000005,23,4,10,0,0.439026,0.34598900000000005,0.34598900000000005
2025-10-25 00:00:00,0.29741249999999997,0,5,10,1,0.34598900000000005,0.2664515,0.29741249999999997
2025-10-25 01:00:00,0.2520105,1,5,10,1,0.29741249999999997,0.22986600000000001,0.2520105
2025-10-25 02:00:00,0.23173850000000001,2,5,10,1,0.2520105,0.2166045,0.23173850000000001
2025-10-25 03:00:00,0.22695750000000003,3,5,10,1,0.23173850000000001,0.21675850000000002,0.22695750000000003
2025-10-25 04:00:00,0.23195200000000002,4,5,10,1,0.22695750000000003,0.231385,0.23195200000000002
2025-10-25 05:00:00,0.24590299999999998,5,5,10,1,0.23195200000000002,0.2746975,0.24590299999999998
2025-10-25 06:00:00,0.2893065,6,5,10,1,0.24590299999999998,0.35555800000000004,0.2893065
2025-10-25 07:00:00,0.3658515,7,5,10,1,0.2893065,0.3806635,0.3658515
2025-10-25 08:00:00,0.4426905,8,5,10,1,0.3658515,0.356622,0.4426905
2025-10-25 09:00:00,0.487767,9,5,10,1,0.4426905,0.3486175,0.487767
2025-10-25 10:00:00,0.515676,10,5,10,1,0.487767,0.35116200000000003,0.515676
2025-10-25 11:00:00,0.5509175000000001,11,5,10,1,0.515676,0.383726,0.5509175000000001
2025-10-25 12:00:00,0.5443725,12,5,10,1,0.5509175000000001,0.39972450000000004,0.5443725
2025-10-25 13:00:00,0.5129915,13,5,10,1,0.5443725,0.3894345,0.5129915
2025-10-25 14:00:00,0.49305550000000004,14,5,10,1,0.5129915,0.377118,0.49305550000000004
2025-10-25 15:00:00,0.4861255,15,5,10,1,0.49305550000000004,0.38334100000000004,0.4861255
2025-10-25 16:00:00,0.494396,16,5,10,1,0.4861255,0.416773,0.494396
2025-10-25 17:00:00,0.541779,17,5,10,1,0.494396,0.500143,0.541779
2025-10-25 18:00:00,0.6232065,18,5,10,1,0.541779,0.6043205,0.6232065
2025-10-25 19:00:00,0.6436324999999999,19,5,10,1,0.6232065,0.64967,0.6436324999999999
2025-10-25 20:00:00,0.5749660000000001,20,5,10,1,0.6436324999999999,0.5869325000000001,0.5749660000000001
2025-10-25 21:00:00,0.5103875,21,5,10,1,0.5749660000000001,0.5129355,0.5103875
2025-10-25 22:00:00,0.457653,22,5,10,1,0.5103875,0.439026,0.457653
2025-10-25 23:00:00,0.3842335,23,5,10,1,0.457653,0.34598900000000005,0.3842335
2025-10-26 00:00:00,0.3050145,0,6,10,1,0.3842335,0.29741249999999997,0.3050145
2025-10-26 01:00:00,0.25975600000000004,1,6,10,1,0.3050145,0.2520105,0.25975600000000004
2025-10-26 02:00:00,0.23491650000000003,2,6,10,1,0.25975600000000004,0.23173850000000001,0.23491650000000003
2025-10-26 03:00:00,0.2276855,3,6,10,1,0.23491650000000003,0.22695750000000003,0.2276855
2025-10-26 04:00:00,0.22752450000000002,4,6,10,1,0.2276855,0.23195200000000002,0.22752450000000002
2025-10-26 05:00:00,0.239981,5,6,10,1,0.22752450000000002,0.24590299999999998,0.239981
2025-10-26 06:00:00,0.2833495,6,6,10,1,0.239981,0.2893065,0.2833495
2025-10-26 07:00:00,0.3604825,7,6,10,1,0.2833495,0.3658515,0.3604825
2025-10-26 08:00:00,0.46290299999999995,8,6,10,1,0.3604825,0.4426905,0.46290299999999995
2025-10-26 09:00:00,0.5411805000000001,9,6,10,1,0.46290299999999995,0.487767,0.5411805000000001
2025-10-26 10:00:00,0.5982165,10,6,10,1,0.5411805000000001,0.515676,0.5982165
2025-10-26 11:00:00,0.659568,11,6,10,1,0.5982165,0.5509175000000001,0.659568
2025-10-26 12:00:00,0.6297025,12,6,10,1,0.659568,0.5443725,0.6297025
2025-10-26 13:00:00,0.5677559999999999,13,6,10,1,0.6297025,0.5129915,0.5677559999999999
2025-10-26 14:00:00,0.527387,14,6,10,1,0.5677559999999999,0.49305550000000004,0.527387
2025-10-26 15:00:00,0.507682,15,6,10,1,0.527387,0.4861255,0.507682
2025-10-26 16:00:00,0.5176675,16,6,10,1,0.507682,0.494396,0.5176675
2025-10-26 17:00:00,0.5872965,17,6,10,1,0.5176675,0.541779,0.5872965
2025-10-26 18:00:00,0.6559945,18,6,10,1,0.5872965,0.6232065,0.6559945
2025-10-26 19:00:00,0.669536,19,6,10,1,0.6559945,0.6436324999999999,0.669536
2025-10-26 20:00:00,0.592795,20,6,10,1,0.669536,0.5749660000000001,0.592795
2025-10-26 21:00:00,0.513597,21,6,10,1,0.592795,0.5103875,0.513597
2025-10-26 22:00:00,0.4341995,22,6,10,1,0.513597,0.457653,0.4341995
2025-10-26 23:00:00,0.341166,23,6,10,1,0.4341995,0.3842335,0.341166
2025-10-27 00:00:00,0.2664515,0,0,10,0,0.341166,0.3050145,0.2664515
2025-10-27 01:00:00,0.22986600000000001,1,0,10,0,0.2664515,0.25975600000000004,0.22986600000000001
2025-10-27 02:00:00,0.2166045,2,0,10,0,0.22986600000000001,0.23491650000000003,0.2166045
2025-10-27 03:00:00,0.21675850000000002,3,0,10,0,0.2166045,0.2276855,0.21675850000000002
2025-10-27 04:00:00,0.231385,4,0,10,0,0.21675850000000002,0.22752450000000002,0.231385
2025-10-27 05:00:00,0.2746975,5,0,10,0,0.231385,0.239981,0.2746975
2025-10-27 06:00:00,0.35555800000000004,6,0,10,0,0.2746975,0.2833495,0.35555800000000004
2025-10-27 07:00:00,0.3806635,7,0,10,0,0.35555800000000004,0.3604825,0.3806635
2025-10-27 08:00:00,0.356622,8,0,10,0,0.3806635,0.46290299999999995,0.356622
2025-10-27 09:00:00,0.3486175,9,0,10,0,0.356622,0.5411805000000001,0.3486175
2025-10-27 10:00:00,0.35116200000000003,10,0,10,0,0.3486175,0.5982165,0.35116200000000003
2025-10-27 11:00:00,0.383726,11,0,10,0,0.35116200000000003,0.659568,0.383726
2025-10-27 12:00:00,0.39972450000000004,12,0,10,0,0.383726,0.6297025,0.39972450000000004
2025-10-27 13:00:00,0.3894345,13,0,10,0,0.39972450000000004,0.5677559999999999,0.3894345
2025-10-27 14:00:00,0.377118,14,0,10,0,0.3894345,0.527387,0.377118
2025-10-27 15:00:00,0.38334100000000004,15,0,10,0,0.377118,0.507682,0.38334100000000004
2025-10-27 16:00:00,0.416773,16,0,10,0,0.38334100000000004,0.5176675,0.416773
2025-10-27 17:00:00,0.500143,17,0,10,0,0.416773,0.5872965,0.500143
2025-10-27 18:00:00,0.6043205,18,0,10,0,0.500143,0.6559945,0.6043205
2025-10-27 19:00:00,0.64967,19,0,10,0,0.6043205,0.669536,0.64967
2025-10-27 20:00:00,0.5869325000000001,20,0,10,0,0.64967,0.592795,0.5869325000000001
2025-10-27 21:00:00,0.5129355,21,0,10,0,0.5869325000000001,0.513597,0.5129355
2025-10-27 22:00:00,0.439026,22,0,10,0,0.5129355,0.4341995,0.439026
2025-10-27 23:00:00,0.34598900000000005,23,0,10,0,0.439026,0.341166,0.34598900000000005
2025-10-28 00:00:00,0.2664515,0,1,10,0,0.34598900000000005,0.2664515,0.2664515
2025-10-28 01:00:00,0.22986600000000001,1,1,10,0,0.2664515,0.22986600000000001,0.22986600000000001
2025-10-28 02:00:00,0.2166045,2,1,10,0,0.22986600000000001,0.2166045,0.2166045
2025-10-28 03:00:00,0.21675850000000002,3,1,10,0,0.2166045,0.21675850000000002,0.21675850000000002
2025-10-28 04:00:00,0.231385,4,1,10,0,0.21675850000000002,0.231385,0.231385
2025-10-28 05:00:00,0.2746975,5,1,10,0,0.231385,0.2746975,0.2746975
2025-10-28 06:00:00,0.35555800000000004,6,1,10,0,0.2746975,0.35555800000000004,0.35555800000000004
2025-10-28 07:00:00,0.3806635,7,1,10,0,0.35555800000000004,0.3806635,0.3806635
2025-10-28 08:00:00,0.356622,8,1,10,0,0.3806635,0.356622,0.356622
2025-10-28 09:00:00,0.3486175,9,1,10,0,0.356622,0.3486175,0.3486175
2025-10-28 10:00:00,0.35116200000000003,10,1,10,0,0.3486175,0.35116200000000003,0.35116200000000003
2025-10-28 11:00:00,0.383726,11,1,10,0,0.35116200000000003,0.383726,0.383726
2025-10-28 12:00:00,0.39972450000000004,12,1,10,0,0.383726,0.39972450000000004,0.39972450000000004
2025-10-28 13:00:00,0.3894345,13,1,10,0,0.39972450000000004,0.3894345,0.3894345
2025-10-28 14:00:00,0.377118,14,1,10,0,0.3894345,0.377118,0.377118
2025-10-28 15:00:00,0.38334100000000004,15,1,10,0,0.377118,0.38334100000000004,0.38334100000000004
2025-10-28 16:00:00,0.416773,16,1,10,0,0.38334100000000004,0.416773,0.416773
2025-10-28 17:00:00,0.500143,17,1,10,0,0.416773,0.500143,0.500143
2025-10-28 18:00:00,0.6043205,18,1,10,0,0.500143,0.6043205,0.6043205
2025-10-28 19:00:00,0.64967,19,1,10,0,0.6043205,0.64967,0.64967
2025-10-28 20:00:00,0.5869325000000001,20,1,10,0,0.64967,0.5869325000000001,0.5869325000000001
2025-10-28 21:00:00,0.5129355,21,1,10,0,0.5869325000000001,0.5129355,0.5129355
2025-10-28 22:00:00,0.439026,22,1,10,0,0.5129355,0.439026,0.439026
2025-10-28 23:00:00,0.34598900000000005,23,1,10,0,0.439026,0.34598900000000005,0.34598900000000005
2025-10-29 00:00:00,0.2664515,0,2,10,0,0.34598900000000005,0.2664515,0.2664515
2025-10-29 01:00:00,0.22986600000000001,1,2,10,0,0.2664515,0.22986600000000001,0.22986600000000001
2025-10-29 02:00:00,0.2166045,2,2,10,0,0.22986600000000001,0.2166045,0.2166045
2025-10-29 03:00:00,0.21675850000000002,3,2,10,0,0.2166045,0.21675850000000002,0.21675850000000002
2025-10-29 04:00:00,0.231385,4,2,10,0,0.21675850000000002,0.231385,0.231385
2025-10-29 05:00:00,0.2746975,5,2,10,0,0.231385,0.2746975,0.2746975
2025-10-29 06:00:00,0.35555800000000004,6,2,10,0,0.2746975,0.35555800000000004,0.35555800000000004
2025-10-29 07:00:00,0.3806635,7,2,10,0,0.35555800000000004,0.3806635,0.3806635
2025-10-29 08:00:00,0.356622,8,2,10,0,0.3806635,0.356622,0.356622
2025-10-29 09:00:00,0.3486175,9,2,10,0,0.356622,0.3486175,0.3486175
2025-10-29 10:00:00,0.35116200000000003,10,2,10,0,0.3486175,0.35116200000000003,0.35116200000000003
2025-10-29 11:00:00,0.383726,11,2,10,0,0.35116200000000003,0.383726,0.383726
2025-10-29 12:00:00,0.39972450000000004,12,2,10,0,0.383726,0.39972450000000004,0.39972450000000004
2025-10-29 13:00:00,0.3894345,13,2,10,0,0.39972450000000004,0.3894345,0.3894345
2025-10-29 14:00:00,0.377118,14,2,10,0,0.3894345,0.377118,0.377118
2025-10-29 15:00:00,0.38334100000000004,15,2,10,0,0.377118,0.38334100000000004,0.38334100000000004
2025-10-29 16:00:00,0.416773,16,2,10,0,0.38334100000000004,0.416773,0.416773
2025-10-29 17:00:00,0.500143,17,2,10,0,0.416773,0.500143,0.500143
2025-10-29 18:00:00,0.6043205,18,2,10,0,0.500143,0.6043205,0.6043205
2025-10-29 19:00:00,0.64967,19,2,10,0,0.6043205,0.64967,0.64967
2025-10-29 20:00:00,0.5869325000000001,20,2,10,0,0.64967,0.5869325000000001,0.5869325000000001
2025-10-29 21:00:00,0.5129355,21,2,10,0,0.5869325000000001,0.5129355,0.5129355
2025-10-29 22:00:00,0.439026,22,2,10,0,0.5129355,0.439026,0.439026
2025-10-29 23:00:00,0.34598900000000005,23,2,10,0,0.439026,0.34598900000000005,0.34598900000000005
2025-10-30 00:00:00,0.2664515,0,3,10,0,0.34598900000000005,0.2664515,0.2664515
2025-10-30 01:00:00,0.22986600000000001,1,3,10,0,0.2664515,0.22986600000000001,0.22986600000000001
2025-10-30 02:00:00,0.2166045,2,3,10,0,0.22986600000000001,0.2166045,0.2166045
2025-10-30 03:00:00,0.21675850000000002,3,3,10,0,0.2166045,0.21675850000000002,0.21675850000000002
2025-10-30 04:00:00,0.231385,4,3,10,0,0.21675850000000002,0.231385,0.231385
2025-10-30 05:00:00,0.2746975,5,3,10,0,0.231385,0.2746975,0.2746975
2025-10-30 06:00:00,0.35555800000000004,6,3,10,0,0.2746975,0.35555800000000004,0.35555800000000004
2025-10-30 07:00:00,0.3806635,7,3,10,0,0.35555800000000004,0.3806635,0.3806635
2025-10-30 08:00:00,0.356622,8,3,10,0,0.3806635,0.356622,0.356622
2025-10-30 09:00:00,0.3486175,9,3,10,0,0.356622,0.3486175,0.3486175
2025-10-30 10:00:00,0.35116200000000003,10,3,10,0,0.3486175,0.35116200000000003,0.35116200000000003
2025-10-30 11:00:00,0.383726,11,3,10,0,0.35116200000000003,0.383726,0.383726
2025-10-30 12:00:00,0.39972450000000004,12,3,10,0,0.383726,0.39972450000000004,0.39972450000000004
2025-10-30 13:00:00,0.3894345,13,3,10,0,0.39972450000000004,0.3894345,0.3894345
2025-10-30 14:00:00,0.377118,14,3,10,0,0.3894345,0.377118,0.377118
2025-10-30 15:00:00,0.38334100000000004,15,3,10,0,0.377118,0.38334100000000004,0.38334100000000004
2025-10-30 16:00:00,0.416773,16,3,10,0,0.38334100000000004,0.416773,0.416773
2025-10-30 17:00:00,0.500143,17,3,10,0,0.416773,0.500143,0.500143
2025-10-30 18:00:00,0.6043205,18,3,10,0,0.500143,0.6043205,0.6043205
2025-10-30 19:00:00,0.64967,19,3,10,0,0.6043205,0.64967,0.64967
2025-10-30 20:00:00,0.5869325000000001,20,3,10,0,0.64967,0.5869325000000001,0.5869325000000001
2025-10-30 21:00:00,0.5129355,21,3,10,0,0.5869325000000001,0.5129355,0.5129355
2025-10-30 22:00:00,0.439026,22,3,10,0,0.5129355,0.439026,0.439026
2025-10-30 23:00:00,0.34598900000000005,23,3,10,0,0.439026,0.34598900000000005,0.34598900000000005
2025-10-31 00:00:00,0.2664515,0,4,10,0,0.34598900000000005,0.2664515,0.2664515
2025-10-31 01:00:00,0.22986600000000001,1,4,10,0,0.2664515,0.22986600000000001,0.22986600000000001
2025-10-31 02:00:00,0.2166045,2,4,10,0,0.22986600000000001,0.2166045,0.2166045
2025-10-31 03:00:00,0.21675850000000002,3,4,10,0,0.2166045,0.21675850000000002,0.21675850000000002
2025-10-31 04:00:00,0.231385,4,4,10,0,0.21675850000000002,0.231385,0.231385
2025-10-31 05:00:00,0.2746975,5,4,10,0,0.231385,0.2746975,0.2746975
2025-10-31 06:00:00,0.35555800000000004,6,4,10,0,0.2746975,0.35555800000000004,0.35555800000000004
2025-10-31 07:00:00,0.3806635,7,4,10,0,0.35555800000000004,0.3806635,0.3806635
2025-10-31 08:00:00,0.356622,8,4,10,0,0.3806635,0.356622,0.356622
2025-10-31 09:00:00,0.3486175,9,4,10,0,0.356622,0.3486175,0.3486175
2025-10-31 10:00:00,0.35116200000000003,10,4,10,0,0.3486175,0.35116200000000003,0.35116200000000003
2025-10-31 11:00:00,0.383726,11,4,10,0,0.35116200000000003,0.383726,0.383726
2025-10-31 12:00:00,0.39972450000000004,12,4,10,0,0.383726,0.39972450000000004,0.39972450000000004
2025-10-31 13:00:00,0.3894345,13,4,10,0,0.39972450000000004,0.3894345,0.3894345
2025-10-31 14:00:00,0.377118,14,4,10,0,0.3894345,0.377118,0.377118
2025-10-31 15:00:00,0.38334100000000004,15,4,10,0,0.377118,0.38334100000000004,0.38334100000000004
2025-10-31 16:00:00,0.416773,16,4,10,0,0.38334100000000004,0.416773,0.416773
2025-10-31 17:00:00,0.500143,17,4,10,0,0.416773,0.500143,0.500143
2025-10-31 18:00:00,0.6043205,18,4,10,0,0.500143,0.6043205,0.6043205
2025-10-31 19:00:00,0.64967,19,4,10,0,0.6043205,0.64967,0.64967
2025-10-31 20:00:00,0.5869325000000001,20,4,10,0,0.64967,0.5869325000000001,0.5869325000000001
2025-10-31 21:00:00,0.5129355,21,4,10,0,0.5869325000000001,0.5129355,0.5129355
2025-10-31 22:00:00,0.439026,22,4,10,0,0.5129355,0.439026,0.439026
2025-10-31 23:00:00,0.34598900000000005,23,4,10,0,0.439026,0.34598900000000005,0.34598900000000005
2025-11-01 00:00:00,0.279006,0,5,11,1,0.34598900000000005,0.2664515,0.29741249999999997
2025-11-01 01:00:00,0.2372265,1,5,11,1,0.279006,0.22986600000000001,0.2520105
2025-11-01 02:00:00,0.219653,2,5,11,1,0.2372265,0.2166045,0.23173850000000001
2025-11-01 03:00:00,0.214354,3,5,11,1,0.219653,0.21675850000000002,0.22695750000000003
2025-11-01 04:00:00,0.21664650000000002,4,5,11,1,0.214354,0.231385,0.23195200000000002
2025-11-01 05:00:00,0.22370250000000003,5,5,11,1,0.21664650000000002,0.2746975,0.24590299999999998
2025-11-01 06:00:00,0.273595,6,5,11,1,0.22370250000000003,0.35555800000000004,0.2893065
2025-11-01 07:00:00,0.3581515,7,5,11,1,0.273595,0.3806635,0.3658515
2025-11-01 08:00:00,0.43941450000000004,8,5,11,1,0.3581515,0.356622,0.4426905
2025-11-01 09:00:00,0.4764795,9,5,11,1,0.43941450000000004,0.3486175,0.487767
2025-11-01 10:00:00,0.5025405000000001,10,5,11,1,0.4764795,0.35116200000000003,0.515676
2025-11-01 11:00:00,0.5404175,11,5,11,1,0.5025405000000001,0.383726,0.5509175000000001
2025-11-01 12:00:00,0.5357974999999999,12,5,11,1,0.5404175,0.39972450000000004,0.5443725
2025-11-01 13:00:00,0.5102055,13,5,11,1,0.5357974999999999,0.3894345,0.5129915
2025-11-01 14:00:00,0.497154,14,5,11,1,0.5102055,0.377118,0.49305550000000004
2025-11-01 15:00:00,0.5024145,15,5,11,1,0.497154,0.38334100000000004,0.4861255
2025-11-01 16:00:00,0.5467139999999999,16,5,11,1,0.5024145,0.416773,0.494396
2025-11-01 17:00:00,0.637028,17,5,11,1,0.5467139999999999,0.500143,0.541779
2025-11-01 18:00:00,0.6487845,18,5,11,1,0.637028,0.6043205,0.6232065
2025-11-01 19:00:00,0.6058535,19,5,11,1,0.6487845,0.64967,0.6436324999999999
2025-11-01 20:00:00,0.543228,20,5,11,1,0.6058535,0.5869325000000001,0.5749660000000001
2025-11-01 21:00:00,0.4886595,21,5,11,1,0.543228,0.5129355,0.5103875
2025-11-01 22:00:00,0.4426065,22,5,11,1,0.4886595,0.439026,0.457653
2025-11-01 23:00:00,0.3658655,23,5,11,1,0.4426065,0.34598900000000005,0.3842335
2025-11-02 00:00:00,0.2919875,0,6,11,1,0.3658655,0.279006,0.3050145
2025-11-02 01:00:00,0.2489795,1,6,11,1,0.2919875,0.2372265,0.25975600000000004
2025-11-02 02:00:00,0.228942,2,6,11,1,0.2489795,0.219653,0.23491650000000003
2025-11-02 03:00:00,0.221018,3,6,11,1,0.228942,0.214354,0.2276855
2025-11-02 04:00:00,0.2191525,4,6,11,1,0.221018,0.21664650000000002,0.22752450000000002
2025-11-02 05:00:00,0.22491,5,6,11,1,0.2191525,0.22370250000000003,0.239981
2025-11-02 06:00:00,0.260883,6,6,11,1,0.22491,0.273595,0.2833495
2025-11-02 07:00:00,0.331961,7,6,11,1,0.260883,0.3581515,0.3604825
2025-11-02 08:00:00,0.433398,8,6,11,1,0.331961,0.43941450000000004,0.46290299999999995
2025-11-02 09:00:00,0.5088055,9,6,11,1,0.433398,0.4764795,0.5411805000000001
2025-11-02 10:00:00,0.5679065,10,6,11,1,0.5088055,0.5025405000000001,0.5982165
2025-11-02 11:00:00,0.6372415,11,6,11,1,0.5679065,0.5404175,0.659568
2025-11-02 12:00:00,0.6139525,12,6,11,1,0.6372415,0.5357974999999999,0.6297025
2025-11-02 13:00:00,0.55489,13,6,11,1,0.6139525,0.5102055,0.5677559999999999
2025-11-02 14:00:00,0.519232,14,6,11,1,0.55489,0.497154,0.527387
2025-11-02 15:00:00,0.5133415,15,6,11,1,0.519232,0.5024145,0.507682
2025-11-02 16:00:00,0.5514600000000001,16,6,11,1,0.5133415,0.5467139999999999,0.5176675
2025-11-02 17:00:00,0.6514095,17,6,11,1,0.5514600000000001,0.637028,0.5872965
2025-11-02 18:00:00,0.6696795,18,6,11,1,0.6514095,0.6487845,0.6559945
2025-11-02 19:00:00,0.625856,19,6,11,1,0.6696795,0.6058535,0.669536
2025-11-02 20:00:00,0.55517,20,6,11,1,0.625856,0.543228,0.592795
2025-11-02 21:00:00,0.482846,21,6,11,1,0.55517,0.4886595,0.513597
2025-11-02 22:00:00,0.413679,22,6,11,1,0.482846,0.4426065,0.4341995
2025-11-02 23:00:00,0.323687,23,6,11,1,0.413679,0.3658655,0.341166
2025-11-03 00:00:00,0.2517585,0,0,11,0,0.323687,0.2919875,0.2664515
2025-11-03 01:00:00,0.215915,1,0,11,0,0.2517585,0.2489795,0.22986600000000001
2025-11-03 02:00:00,0.2063355,2,0,11,0,0.215915,0.228942,0.2166045
2025-11-03 03:00:00,0.2078965,3,0,11,0,0.2063355,0.221018,0.21675850000000002
2025-11-03 04:00:00,0.22155,4,0,11,0,0.2078965,0.2191525,0.231385
2025-11-03 05:00:00,0.258118,5,0,11,0,0.22155,0.22491,0.2746975
2025-11-03 06:00:00,0.3451455,6,0,11,0,0.258118,0.260883,0.35555800000000004
2025-11-03 07:00:00,0.368361,7,0,11,0,0.3451455,0.331961,0.3806635
2025-11-03 08:00:00,0.3349185,8,0,11,0,0.368361,0.433398,0.356622
2025-11-03 09:00:00,0.317226,9,0,11,0,0.3349185,0.5088055,0.3486175
2025-11-03 10:00:00,0.317268,10,0,11,0,0.317226,0.5679065,0.35116200000000003
2025-11-03 11:00:00,0.349489,11,0,11,0,0.317268,0.6372415,0.383726
2025-11-03 12:00:00,0.3681825,12,0,11,0,0.349489,0.6139525,0.39972450000000004
2025-11-03 13:00:00,0.3669435,13,0,11,0,0.3681825,0.55489,0.3894345
2025-11-03 14:00:00,0.36007300000000003,14,0,11,0,0.3669435,0.519232,0.377118
2025-11-03 15:00:00,0.37855300000000003,15,0,11,0,0.36007300000000003,0.5133415,0.38334100000000004
2025-11-03 16:00:00,0.4455815,16,0,11,0,0.37855300000000003,0.5514600000000001,0.416773
2025-11-03 17:00:00,0.5628455,17,0,11,0,0.4455815,0.6514095,0.500143
2025-11-03 18:00:00,0.6159405,18,0,11,0,0.5628455,0.6696795,0.6043205
2025-11-03 19:00:00,0.607145,19,0,11,0,0.6159405,0.625856,0.64967
2025-11-03 20:00:00,0.5523629999999999,20,0,11,0,0.607145,0.55517,0.5869325000000001
2025-11-03 21:00:00,0.487774,21,0,11,0,0.5523629999999999,0.482846,0.5129355
2025-11-03 22:00:00,0.4231955,22,0,11,0,0.487774,0.413679,0.439026
2025-11-03 23:00:00,0.333942,23,0,11,0,0.4231955,0.323687,0.34598900000000005
2025-11-04 00:00:00,0.2517585,0,1,11,0,0.333942,0.2517585,0.2664515
2025-11-04 01:00:00,0.215915,1,1,11,0,0.2517585,0.215915,0.22986600000000001
2025-11-04 02:00:00,0.2063355,2,1,11,0,0.215915,0.2063355,0.2166045
2025-11-04 03:00:00,0.2078965,3,1,11,0,0.2063355,0.2078965,0.21675850000000002
2025-11-04 04:00:00,0.22155,4,1,11,0,0.2078965,0.22155,0.231385
2025-11-04 05:00:00,0.258118,5,1,11,0,0.22155,0.258118,0.2746975
2025-11-04 06:00:00,0.3451455,6,1,11,0,0.258118,0.3451455,0.35555800000000004
2025-11-04 07:00:00,0.368361,7,1,11,0,0.3451455,0.368361,0.3806635
2025-11-04 08:00:00,0.3349185,8,1,11,0,0.368361,0.3349185,0.356622
2025-11-04 09:00:00,0.317226,9,1,11,0,0.3349185,0.317226,0.3486175
2025-11-04 10:00:00,0.317268,10,1,11,0,0.317226,0.317268,0.35116200000000003
2025-11-04 11:00:00,0.349489,11,1,11,0,0.317268,0.349489,0.383726
2025-11-04 12:00:00,0.3681825,12,1,11,0,0.349489,0.3681825,0.39972450000000004
2025-11-04 13:00:00,0.3669435,13,1,11,0,0.3681825,0.3669435,0.3894345
2025-11-04 14:00:00,0.36007300000000003,14,1,11,0,0.3669435,0.36007300000000003,0.377118
2025-11-04 15:00:00,0.37855300000000003,15,1,11,0,0.36007300000000003,0.37855300000000003,0.38334100000000004
2025-11-04 16:00:00,0.4455815,16,1,11,0,0.37855300000000003,0.4455815,0.416773
2025-11-04 17:00:00,0.5628455,17,1,11,0,0.4455815,0.5628455,0.500143
2025-11-04 18:00:00,0.6159405,18,1,11,0,0.5628455,0.6159405,0.6043205
2025-11-04 19:00:00,0.607145,19,1,11,0,0.6159405,0.607145,0.64967
2025-11-04 20:00:00,0.5523629999999999,20,1,11,0,0.607145,0.5523629999999999,0.5869325000000001
2025-11-04 21:00:00,0.487774,21,1,11,0,0.5523629999999999,0.487774,0.5129355
2025-11-04 22:00:00,0.4231955,22,1,11,0,0.487774,0.4231955,0.439026
2025-11-04 23:00:00,0.333942,23,1,11,0,0.4231955,0.333942,0.34598900000000005
2025-11-05 00:00:00,0.2517585,0,2,11,0,0.333942,0.2517585,0.2664515
2025-11-05 01:00:00,0.215915,1,2,11,0,0.2517585,0.215915,0.22986600000000001
2025-11-05 02:00:00,0.2063355,2,2,11,0,0.215915,0.2063355,0.2166045
2025-11-05 03:00:00,0.2078965,3,2,11,0,0.2063355,0.2078965,0.21675850000000002
2025-11-05 04:00:00,0.22155,4,2,11,0,0.2078965,0.22155,0.231385
2025-11-05 05:00:00,0.258118,5,2,11,0,0.22155,0.258118,0.2746975
2025-11-05 06:00:00,0.3451455,6,2,11,0,0.258118,0.3451455,0.35555800000000004
2025-11-05 07:00:00,0.368361,7,2,11,0,0.3451455,0.368361,0.3806635
2025-11-05 08:00:00,0.3349185,8,2,11,0,0.368361,0.3349185,0.356622
2025-11-05 09:00:00,0.317226,9,2,11,0,0.3349185,0.317226,0.3486175
2025-11-05 10:00:00,0.317268,10,2,11,0,0.317226,0.317268,0.35116200000000003
2025-11-05 11:00:00,0.349489,11,2,11,0,0.317268,0.349489,0.383726
2025-11-05 12:00:00,0.3681825,12,2,11,0,0.349489,0.3681825,0.39972450000000004
2025-11-05 13:00:00,0.3669435,13,2,11,0,0.3681825,0.3669435,0.3894345
2025-11-05 14:00:00,0.36007300000000003,14,2,11,0,0.3669435,0.36007300000000003,0.377118
2025-11-05 15:00:00,0.37855300000000003,15,2,11,0,0.36007300000000003,0.37855300000000003,0.38334100000000004
2025-11-05 16:00:00,0.4455815,16,2,11,0,0.37855300000000003,0.4455815,0.416773
2025-11-05 17:00:00,0.5628455,17,2,11,0,0.4455815,0.5628455,0.500143
2025-11-05 18:00:00,0.6159405,18,2,11,0,0.5628455,0.6159405,0.6043205
2025-11-05 19:00:00,0.607145,19,2,11,0,0.6159405,0.607145,0.64967
2025-11-05 20:00:00,0.5523629999999999,20,2,11,0,0.607145,0.5523629999999999,0.5869325000000001
2025-11-05 21:00:00,0.487774,21,2,11,0,0.5523629999999999,0.487774,0.5129355
2025-11-05 22:00:00,0.4231955,22,2,11,0,0.487774,0.4231955,0.439026
2025-11-05 23:00:00,0.333942,23,2,11,0,0.4231955,0.333942,0.34598900000000005
2025-11-06 00:00:00,0.2517585,0,3,11,0,0.333942,0.2517585,0.2664515
2025-11-06 01:00:00,0.215915,1,3,11,0,0.2517585,0.215915,0.22986600000000001
2025-11-06 02:00:00,0.2063355,2,3,11,0,0.215915,0.2063355,0.2166045
2025-11-06 03:00:00,0.2078965,3,3,11,0,0.2063355,0.2078965,0.21675850000000002
2025-11-06 04:00:00,0.22155,4,3,11,0,0.2078965,0.22155,0.231385
2025-11-06 05:00:00,0.258118,5,3,11,0,0.22155,0.258118,0.2746975
2025-11-06 06:00:00,0.3451455,6,3,11,0,0.258118,0.3451455,0.35555800000000004
2025-11-06 07:00:00,0.368361,7,3,11,0,0.3451455,0.368361,0.3806635
2025-11-06 08:00:00,0.3349185,8,3,11,0,0.368361,0.3349185,0.356622
2025-11-06 09:00:00,0.317226,9,3,11,0,0.3349185,0.317226,0.3486175
2025-11-06 10:00:00,0.317268,10,3,11,0,0.317226,0.317268,0.35116200000000003
2025-11-06 11:00:00,0.349489,11,3,11,0,0.317268,0.349489,0.383726
2025-11-06 12:00:00,0.3681825,12,3,11,0,0.349489,0.3681825,0.39972450000000004
2025-11-06 13:00:00,0.3669435,13,3,11,0,0.3681825,0.3669435,0.3894345
2025-11-06 14:00:00,0.36007300000000003,14,3,11,0,0.3669435,0.36007300000000003,0.377118
2025-11-06 15:00:00,0.37855300000000003,15,3,11,0,0.36007300000000003,0.37855300000000003,0.38334100000000004
2025-11-06 16:00:00,0.4455815,16,3,11,0,0.37855300000000003,0.4455815,0.416773
2025-11-06 17:00:00,0.5628455,17,3,11,0,0.4455815,0.5628455,0.500143
2025-11-06 18:00:00,0.6159405,18,3,11,0,0.5628455,0.6159405,0.6043205
2025-11-06 19:00:00,0.607145,19,3,11,0,0.6159405,0.607145,0.64967
2025-11-06 20:00:00,0.5523629999999999,20,3,11,0,0.607145,0.5523629999999999,0.5869325000000001
2025-11-06 21:00:00,0.487774,21,3,11,0,0.5523629999999999,0.487774,0.5129355
2025-11-06 22:00:00,0.4231955,22,3,11,0,0.487774,0.4231955,0.439026
2025-11-06 23:00:00,0.333942,23,3,11,0,0.4231955,0.333942,0.34598900000000005
2025-11-07 00:00:00,0.2517585,0,4,11,0,0.333942,0.2517585,0.2664515
2025-11-07 01:00:00,0.215915,1,4,11,0,0.2517585,0.215915,0.22986600000000001
2025-11-07 02:00:00,0.2063355,2,4,11,0,0.215915,0.2063355,0.2166045
2025-11-07 03:00:00,0.2078965,3,4,11,0,0.2063355,0.2078965,0.21675850000000002
2025-11-07 04:00:00,0.22155,4,4,11,0,0.2078965,0.22155,0.231385
2025-11-07 05:00:00,0.258118,5,4,11,0,0.22155,0.258118,0.2746975
2025-11-07 06:00:00,0.3451455,6,4,11,0,0.258118,0.3451455,0.35555800000000004
2025-11-07 07:00:00,0.368361,7,4,11,0,0.3451455,0.368361,0.3806635
2025-11-07 08:00:00,0.3349185,8,4,11,0,0.368361,0.3349185,0.356622
2025-11-07 09:00:00,0.317226,9,4,11,0,0.3349185,0.317226,0.3486175
2025-11-07 10:00:00,0.317268,10,4,11,0,0.317226,0.317268,0.35116200000000003
2025-11-07 11:00:00,0.349489,11,4,11,0,0.317268,0.349489,0.383726
2025-11-07 12:00:00,0.3681825,12,4,11,0,0.349489,0.3681825,0.39972450000000004
2025-11-07 13:00:00,0.3669435,13,4,11,0,0.3681825,0.3669435,0.3894345
2025-11-07 14:00:00,0.36007300000000003,14,4,11,0,0.3669435,0.36007300000000003,0.377118
2025-11-07 15:00:00,0.37855300000000003,15,4,11,0,0.36007300000000003,0.37855300000000003,0.38334100000000004
2025-11-07 16:00:00,0.4455815,16,4,11,0,0.37855300000000003,0.4455815,0.416773
2025-11-07 17:00:00,0.5628455,17,4,11,0,0.4455815,0.5628455,0.500143
2025-11-07 18:00:00,0.6159405,18,4,11,0,0.5628455,0.6159405,0.6043205
2025-11-07 19:00:00,0.607145,19,4,11,0,0.6159405,0.607145,0.64967
2025-11-07 20:00:00,0.5523629999999999,20,4,11,0,0.607145,0.5523629999999999,0.5869325000000001
2025-11-07 21:00:00,0.487774,21,4,11,0,0.5523629999999999,0.487774,0.5129355
2025-11-07 22:00:00,0.4231955,22,4,11,0,0.487774,0.4231955,0.439026
2025-11-07 23:00:00,0.333942,23,4,11,0,0.4231955,0.333942,0.34598900000000005
2025-11-08 00:00:00,0.279006,0,5,11,1,0.333942,0.2517585,0.279006
2025-11-08 01:00:00,0.2372265,1,5,11,1,0.279006,0.215915,0.2372265
2025-11-08 02:00:00,0.219653,2,5,11,1,0.2372265,0.2063355,0.219653
2025-11-08 03:00:00,0.214354,3,5,11,1,0.219653,0.2078965,0.214354
2025-11-08 04:00:00,0.21664650000000002,4,5,11,1,0.214354,0.22155,0.21664650000000002
2025-11-08 05:00:00,0.22370250000000003,5,5,11,1,0.21664650000000002,0.258118,0.22370250000000003
2025-11-08 06:00:00,0.273595,6,5,11,1,0.22370250000000003,0.3451455,0.273595
2025-11-08 07:00:00,0.3581515,7,5,11,1,0.273595,0.368361,0.3581515
2025-11-08 08:00:00,0.43941450000000004,8,5,11,1,0.3581515,0.3349185,0.43941450000000004
2025-11-08 09:00:00,0.4764795,9,5,11,1,0.43941450000000004,0.317226,0.4764795
2025-11-08 10:00:00,0.5025405000000001,10,5,11,1,0.4764795,0.317268,0.5025405000000001
2025-11-08 11:00:00,0.5404175,11,5,11,1,0.5025405000000001,0.349489,0.5404175
2025-11-08 12:00:00,0.5357974999999999,12,5,11,1,0.5404175,0.3681825,0.5357974999999999
2025-11-08 13:00:00,0.5102055,13,5,11,1,0.5357974999999999,0.3669435,0.5102055
2025-11-08 14:00:00,0.497154,14,5,11,1,0.5102055,0.36007300000000003,0.497154
2025-11-08 15:00:00,0.5024145,15,5,11,1,0.497154,0.37855300000000003,0.5024145
2025-11-08 16:00:00,0.5467139999999999,16,5,11,1,0.5024145,0.4455815,0.5467139999999999
2025-11-08 17:00:00,0.637028,17,5,11,1,0.5467139999999999,0.5628455,0.637028
2025-11-08 18:00:00,0.6487845,18,5,11,1,0.637028,0.6159405,0.6487845
2025-11-08 19:00:00,0.6058535,19,5,11,1,0.6487845,0.607145,0.6058535
2025-11-08 20:00:00,0.543228,20,5,11,1,0.6058535,0.5523629999999999,0.543228
2025-11-08 21:00:00,0.4886595,21,5,11,1,0.543228,0.487774,0.4886595
2025-11-08 22:00:00,0.4426065,22,5,11,1,0.4886595,0.4231955,0.4426065
2025-11-08 23:00:00,0.3658655,23,5,11,1,0.4426065,0.333942,0.3658655
2025-11-09 00:00:00,0.2919875,0,6,11,1,0.3658655,0.279006,0.2919875
2025-11-09 01:00:00,0.2489795,1,6,11,1,0.2919875,0.2372265,0.2489795
2025-11-09 02:00:00,0.228942,2,6,11,1,0.2489795,0.219653,0.228942
2025-11-09 03:00:00,0.221018,3,6,11,1,0.228942,0.214354,0.221018
2025-11-09 04:00:00,0.2191525,4,6,11,1,0.221018,0.21664650000000002,0.2191525
2025-11-09 05:00:00,0.22491,5,6,11,1,0.2191525,0.22370250000000003,0.22491
2025-11-09 06:00:00,0.260883,6,6,11,1,0.22491,0.273595,0.260883
2025-11-09 07:00:00,0.331961,7,6,11,1,0.260883,0.3581515,0.331961
2025-11-09 08:00:00,0.433398,8,6,11,1,0.331961,0.43941450000000004,0.433398
2025-11-09 09:00:00,0.5088055,9,6,11,1,0.433398,0.4764795,0.5088055
2025-11-09 10:00:00,0.5679065,10,6,11,1,0.5088055,0.5025405000000001,0.5679065
2025-11-09 11:00:00,0.6372415,11,6,11,1,0.5679065,0.5404175,0.6372415
2025-11-09 12:00:00,0.6139525,12,6,11,1,0.6372415,0.5357974999999999,0.6139525
2025-11-09 13:00:00,0.55489,13,6,11,1,0.6139525,0.5102055,0.55489
2025-11-09 14:00:00,0.519232,14,6,11,1,0.55489,0.497154,0.519232
2025-11-09 15:00:00,0.5133415,15,6,11,1,0.519232,0.5024145,0.5133415
2025-11-09 16:00:00,0.5514600000000001,16,6,11,1,0.5133415,0.5467139999999999,0.5514600000000001
2025-11-09 17:00:00,0.6514095,17,6,11,1,0.5514600000000001,0.637028,0.6514095
2025-11-09 18:00:00,0.6696795,18,6,11,1,0.6514095,0.6487845,0.6696795
2025-11-09 19:00:00,0.625856,19,6,11,1,0.6696795,0.6058535,0.625856
2025-11-09 20:00:00,0.55517,20,6,11,1,0.625856,0.543228,0.55517
2025-11-09 21:00:00,0.482846,21,6,11,1,0.55517,0.4886595,0.482846
2025-11-09 22:00:00,0.413679,22,6,11,1,0.482846,0.4426065,0.413679
2025-11-09 23:00:00,0.323687,23,6,11,1,0.413679,0.3658655,0.323687
2025-11-10 00:00:00,0.2517585,0,0,11,0,0.323687,0.2919875,0.2517585
2025-11-10 01:00:00,0.215915,1,0,11,0,0.2517585,0.2489795,0.215915
2025-11-10 02:00:00,0.2063355,2,0,11,0,0.215915,0.228942,0.2063355
2025-11-10 03:00:00,0.2078965,3,0,11,0,0.2063355,0.221018,0.2078965
2025-11-10 04:00:00,0.22155,4,0,11,0,0.2078965,0.2191525,0.22155
2025-11-10 05:00:00,0.258118,5,0,11,0,0.22155,0.22491,0.258118
2025-11-10 06:00:00,0.3451455,6,0,11,0,0.258118,0.260883,0.3451455
2025-11-10 07:00:00,0.368361,7,0,11,0,0.3451455,0.331961,0.368361
2025-11-10 08:00:00,0.3349185,8,0,11,0,0.368361,0.433398,0.3349185
2025-11-10 09:00:00,0.317226,9,0,11,0,0.3349185,0.5088055,0.317226
2025-11-10 10:00:00,0.317268,10,0,11,0,0.317226,0.5679065,0.317268
2025-11-10 11:00:00,0.349489,11,0,11,0,0.317268,0.6372415,0.349489
2025-11-10 12:00:00,0.3681825,12,0,11,0,0.349489,0.6139525,0.3681825
2025-11-10 13:00:00,0.3669435,13,0,11,0,0.3681825,0.55489,0.3669435
2025-11-10 14:00:00,0.36007300000000003,14,0,11,0,0.3669435,0.519232,0.36007300000000003
2025-11-10 15:00:00,0.37855300000000003,15,0,11,0,0.36007300000000003,0.5133415,0.37855300000000003
2025-11-10 16:00:00,0.4455815,16,0,11,0,0.37855300000000003,0.5514600000000001,0.4455815
2025-11-10 17:00:00,0.5628455,17,0,11,0,0.4455815,0.6514095,0.5628455
2025-11-10 18:00:00,0.6159405,18,0,11,0,0.5628455,0.6696795,0.6159405
2025-11-10 19:00:00,0.607145,19,0,11,0,0.6159405,0.625856,0.607145
2025-11-10 20:00:00,0.5523629999999999,20,0,11,0,0.607145,0.55517,0.5523629999999999
2025-11-10 21:00:00,0.487774,21,0,11,0,0.5523629999999999,0.482846,0.487774
2025-11-10 22:00:00,0.4231955,22,0,11,0,0.487774,0.413679,0.4231955
2025-11-10 23:00:00,0.333942,23,0,11,0,0.4231955,0.323687,0.333942
2025-11-11 00:00:00,0.2517585,0,1,11,0,0.333942,0.2517585,0.2517585
2025-11-11 01:00:00,0.215915,1,1,11,0,0.2517585,0.215915,0.215915
2025-11-11 02:00:00,0.2063355,2,1,11,0,0.215915,0.2063355,0.2063355
2025-11-11 03:00:00,0.2078965,3,1,11,0,0.2063355,0.2078965,0.2078965
2025-11-11 04:00:00,0.22155,4,1,11,0,0.2078965,0.22155,0.22155
2025-11-11 05:00:00,0.258118,5,1,11,0,0.22155,0.258118,0.258118
2025-11-11 06:00:00,0.3451455,6,1,11,0,0.258118,0.3451455,0.3451455
2025-11-11 07:00:00,0.368361,7,1,11,0,0.3451455,0.368361,0.368361
2025-11-11 08:00:00,0.3349185,8,1,11,0,0.368361,0.3349185,0.3349185
2025-11-11 09:00:00,0.317226,9,1,11,0,0.3349185,0.317226,0.317226
2025-11-11 10:00:00,0.317268,10,1,11,0,0.317226,0.317268,0.317268
2025-11-11 11:00:00,0.349489,11,1,11,0,0.317268,0.349489,0.349489
2025-11-11 12:00:00,0.3681825,12,1,11,0,0.349489,0.3681825,0.3681825
2025-11-11 13:00:00,0.3669435,13,1,11,0,0.3681825,0.3669435,0.3669435
2025-11-11 14:00:00,0.36007300000000003,14,1,11,0,0.3669435,0.36007300000000003,0.36007300000000003
2025-11-11 15:00:00,0.37855300000000003,15,1,11,0,0.36007300000000003,0.37855300000000003,0.37855300000000003
2025-11-11 16:00:00,0.4455815,16,1,11,0,0.37855300000000003,0.4455815,0.4455815
2025-11-11 17:00:00,0.5628455,17,1,11,0,0.4455815,0.5628455,0.5628455
2025-11-11 18:00:00,0.6159405,18,1,11,0,0.5628455,0.6159405,0.6159405
2025-11-11 19:00:00,0.607145,19,1,11,0,0.6159405,0.607145,0.607145
2025-11-11 20:00:00,0.5523629999999999,20,1,11,0,0.607145,0.5523629999999999,0.5523629999999999
2025-11-11 21:00:00,0.487774,21,1,11,0,0.5523629999999999,0.487774,0.487774
2025-11-11 22:00:00,0.4231955,22,1,11,0,0.487774,0.4231955,0.4231955
2025-11-11 23:00:00,0.333942,23,1,11,0,0.4231955,0.333942,0.333942
2025-11-12 00:00:00,0.2517585,0,2,11,0,0.333942,0.2517585,0.2517585
2025-11-12 01:00:00,0.215915,1,2,11,0,0.2517585,0.215915,0.215915
2025-11-12 02:00:00,0.2063355,2,2,11,0,0.215915,0.2063355,0.2063355
2025-11-12 03:00:00,0.2078965,3,2,11,0,0.2063355,0.2078965,0.2078965
2025-11-12 04:00:00,0.22155,4,2,11,0,0.2078965,0.22155,0.22155
2025-11-12 05:00:00,0.258118,5,2,11,0,0.22155,0.258118,0.258118
2025-11-12 06:00:00,0.3451455,6,2,11,0,0.258118,0.3451455,0.3451455
2025-11-12 07:00:00,0.368361,7,2,11,0,0.3451455,0.368361,0.368361
2025-11-12 08:00:00,0.3349185,8,2,11,0,0.368361,0.3349185,0.3349185
2025-11-12 09:00:00,0.317226,9,2,11,0,0.3349185,0.317226,0.317226
2025-11-12 10:00:00,0.317268,10,2,11,0,0.317226,0.317268,0.317268
2025-11-12 11:00:00,0.349489,11,2,11,0,0.317268,0.349489,0.349489
2025-11-12 12:00:00,0.3681825,12,2,11,0,0.349489,0.3681825,0.3681825
2025-11-12 13:00:00,0.3669435,13,2,11,0,0.3681825,0.3669435,0.3669435
2025-11-12 14:00:00,0.36007300000000003,14,2,11,0,0.3669435,0.36007300000000003,0.36007300000000003
2025-11-12 15:00:00,0.37855300000000003,15,2,11,0,0.36007300000000003,0.37855300000000003,0.37855300000000003
2025-11-12 16:00:00,0.4455815,16,2,11,0,0.37855300000000003,0.4455815,0.4455815
2025-11-12 17:00:00,0.5628455,17,2,11,0,0.4455815,0.5628455,0.5628455
2025-11-12 18:00:00,0.6159405,18,2,11,0,0.5628455,0.6159405,0.6159405
2025-11-12 19:00:00,0.607145,19,2,11,0,0.6159405,0.607145,0.607145
2025-11-12 20:00:00,0.5523629999999999,20,2,11,0,0.607145,0.5523629999999999,0.5523629999999999
2025-11-12 21:00:00,0.487774,21,2,11,0,0.5523629999999999,0.487774,0.487774
2025-11-12 22:00:00,0.4231955,22,2,11,0,0.487774,0.4231955,0.4231955
2025-11-12 23:00:00,0.333942,23,2,11,0,0.4231955,0.333942,0.333942
2025-11-13 00:00:00,0.2517585,0,3,11,0,0.333942,0.2517585,0.2517585
2025-11-13 01:00:00,0.215915,1,3,11,0,0.2517585,0.215915,0.215915
2025-11-13 02:00:00,0.2063355,2,3,11,0,0.215915,0.2063355,0.2063355
2025-11-13 03:00:00,0.2078965,3,3,11,0,0.2063355,0.2078965,0.2078965
2025-11-13 04:00:00,0.22155,4,3,11,0,0.2078965,0.22155,0.22155
2025-11-13 05:00:00,0.258118,5,3,11,0,0.22155,0.258118,0.258118
2025-11-13 06:00:00,0.3451455,6,3,11,0,0.258118,0.3451455,0.3451455
2025-11-13 07:00:00,0.368361,7,3,11,0,0.3451455,0.368361,0.368361
2025-11-13 08:00:00,0.3349185,8,3,11,0,0.368361,0.3349185,0.3349185
2025-11-13 09:00:00,0.317226,9,3,11,0,0.3349185,0.317226,0.317226
2025-11-13 10:00:00,0.317268,10,3,11,0,0.317226,0.317268,0.317268
2025-11-13 11:00:00,0.349489,11,3,11,0,0.317268,0.349489,0.349489
2025-11-13 12:00:00,0.3681825,12,3,11,0,0.349489,0.3681825,0.3681825
2025-11-13 13:00:00,0.3669435,13,3,11,0,0.3681825,0.3669435,0.3669435
2025-11-13 14:00:00,0.36007300000000003,14,3,11,0,0.3669435,0.36007300000000003,0.36007300000000003
2025-11-13 15:00:00,0.37855300000000003,15,3,11,0,0.36007300000000003,0.37855300000000003,0.37855300000000003
2025-11-13 16:00:00,0.4455815,16,3,11,0,0.37855300000000003,0.4455815,0.4455815
2025-11-13 17:00:00,0.5628455,17,3,11,0,0.4455815,0.5628455,0.5628455
2025-11-13 18:00:00,0.6159405,18,3,11,0,0.5628455,0.6159405,0.6159405
2025-11-13 19:00:00,0.607145,19,3,11,0,0.6159405,0.607145,0.607145
2025-11-13 20:00:00,0.5523629999999999,20,3,11,0,0.607145,0.5523629999999999,0.5523629999999999
2025-11-13 21:00:00,0.487774,21,3,11,0,0.5523629999999999,0.487774,0.487774
2025-11-13 22:00:00,0.4231955,22,3,11,0,0.487774,0.4231955,0.4231955
2025-11-13 23:00:00,0.333942,23,3,11,0,0.4231955,0.333942,0.333942
2025-11-14 00:00:00,0.2517585,0,4,11,0,0.333942,0.2517585,0.2517585
2025-11-14 01:00:00,0.215915,1,4,11,0,0.2517585,0.215915,0.215915
2025-11-14 02:00:00,0.2063355,2,4,11,0,0.215915,0.2063355,0.2063355
2025-11-14 03:00:00,0.2078965,3,4,11,0,0.2063355,0.2078965,0.2078965
2025-11-14 04:00:00,0.22155,4,4,11,0,0.2078965,0.22155,0.22155
2025-11-14 05:00:00,0.258118,5,4,11,0,0.22155,0.258118,0.258118
2025-11-14 06:00:00,0.3451455,6,4,11,0,0.258118,0.3451455,0.3451455
2025-11-14 07:00:00,0.368361,7,4,11,0,0.3451455,0.368361,0.368361
2025-11-14 08:00:00,0.3349185,8,4,11,0,0.368361,0.3349185,0.3349185
2025-11-14 09:00:00,0.317226,9,4,11,0,0.3349185,0.317226,0.317226
2025-11-14 10:00:00,0.317268,10,4,11,0,0.317226,0.317268,0.317268
2025-11-14 11:00:00,0.349489,11,4,11,0,0.317268,0.349489,0.349489
2025-11-14 12:00:00,0.3681825,12,4,11,0,0.349489,0.3681825,0.3681825
2025-11-14 13:00:00,0.3669435,13,4,11,0,0.3681825,0.3669435,0.3669435
2025-11-14 14:00:00,0.36007300000000003,14,4,11,0,0.3669435,0.36007300000000003,0.36007300000000003
2025-11-14 15:00:00,0.37855300000000003,15,4,11,0,0.36007300000000003,0.37855300000000003,0.37855300000000003
2025-11-14 16:00:00,0.4455815,16,4,11,0,0.37855300000000003,0.4455815,0.4455815
2025-11-14 17:00:00,0.5628455,17,4,11,0,0.4455815,0.5628455,0.5628455
2025-11-14 18:00:00,0.6159405,18,4,11,0,0.5628455,0.6159405,0.6159405
2025-11-14 19:00:00,0.607145,19,4,11,0,0.6159405,0.607145,0.607145
2025-11-14 20:00:00,0.5523629999999999,20,4,11,0,0.607145,0.5523629999999999,0.5523629999999999
2025-11-14 21:00:00,0.487774,21,4,11,0,0.5523629999999999,0.487774,0.487774
2025-11-14 22:00:00,0.4231955,22,4,11,0,0.487774,0.4231955,0.4231955
2025-11-14 23:00:00,0.333942,23,4,11,0,0.4231955,0.333942,0.333942
2025-11-15 00:00:00,0.279006,0,5,11,1,0.333942,0.2517585,0.279006
2025-11-15 01:00:00,0.2372265,1,5,11,1,0.279006,0.215915,0.2372265
2025-11-15 02:00:00,0.219653,2,5,11,1,0.2372265,0.2063355,0.219653
2025-11-15 03:00:00,0.214354,3,5,11,1,0.219653,0.2078965,0.214354
2025-11-15 04:00:00,0.21664650000000002,4,5,11,1,0.214354,0.22155,0.21664650000000002
2025-11-15 05:00:00,0.22370250000000003,5,5,11,1,0.21664650000000002,0.258118,0.22370250000000003
2025-11-15 06:00:00,0.273595,6,5,11,1,0.22370250000000003,0.3451455,0.273595
2025-11-15 07:00:00,0.3581515,7,5,11,1,0.273595,0.368361,0.3581515
2025-11-15 08:00:00,0.43941450000000004,8,5,11,1,0.3581515,0.3349185,0.43941450000000004
2025-11-15 09:00:00,0.4764795,9,5,11,1,0.43941450000000004,0.317226,0.4764795
2025-11-15 10:00:00,0.5025405000000001,10,5,11,1,0.4764795,0.317268,0.5025405000000001
2025-11-15 11:00:00,0.5404175,11,5,11,1,0.5025405000000001,0.349489,0.5404175
2025-11-15 12:00:00,0.5357974999999999,12,5,11,1,0.5404175,0.3681825,0.5357974999999999
2025-11-15 13:00:00,0.5102055,13,5,11,1,0.5357974999999999,0.3669435,0.5102055
2025-11-15 14:00:00,0.497154,14,5,11,1,0.5102055,0.36007300000000003,0.497154
2025-11-15 15:00:00,0.5024145,15,5,11,1,0.497154,0.37855300000000003,0.5024145
2025-11-15 16:00:00,0.5467139999999999,16,5,11,1,0.5024145,0.4455815,0.5467139999999999
2025-11-15 17:00:00,0.637028,17,5,11,1,0.5467139999999999,0.5628455,0.637028
2025-11-15 18:00:00,0.6487845,18,5,11,1,0.637028,0.6159405,0.6487845
2025-11-15 19:00:00,0.6058535,19,5,11,1,0.6487845,0.607145,0.6058535
2025-11-15 20:00:00,0.543228,20,5,11,1,0.6058535,0.5523629999999999,0.543228
2025-11-15 21:00:00,0.4886595,21,5,11,1,0.543228,0.487774,0.4886595
2025-11-15 22:00:00,0.4426065,22,5,11,1,0.4886595,0.4231955,0.4426065
2025-11-15 23:00:00,0.3658655,23,5,11,1,0.4426065,0.333942,0.3658655
2025-11-16 00:00:00,0.2919875,0,6,11,1,0.3658655,0.279006,0.2919875
2025-11-16 01:00:00,0.2489795,1,6,11,1,0.2919875,0.2372265,0.2489795
2025-11-16 02:00:00,0.228942,2,6,11,1,0.2489795,0.219653,0.228942
2025-11-16 03:00:00,0.221018,3,6,11,1,0.228942,0.214354,0.221018
2025-11-16 04:00:00,0.2191525,4,6,11,1,0.221018,0.21664650000000002,0.2191525
2025-11-16 05:00:00,0.22491,5,6,11,1,0.2191525,0.22370250000000003,0.22491
2025-11-16 06:00:00,0.260883,6,6,11,1,0.22491,0.273595,0.260883
2025-11-16 07:00:00,0.331961,7,6,11,1,0.260883,0.3581515,0.331961
2025-11-16 08:00:00,0.433398,8,6,11,1,0.331961,0.43941450000000004,0.433398
2025-11-16 09:00:00,0.5088055,9,6,11,1,0.433398,0.4764795,0.5088055
2025-11-16 10:00:00,0.5679065,10,6,11,1,0.5088055,0.5025405000000001,0.5679065
2025-11-16 11:00:00,0.6372415,11,6,11,1,0.5679065,0.5404175,0.6372415
2025-11-16 12:00:00,0.6139525,12,6,11,1,0.6372415,0.5357974999999999,0.6139525
2025-11-16 13:00:00,0.55489,13,6,11,1,0.6139525,0.5102055,0.55489
2025-11-16 14:00:00,0.519232,14,6,11,1,0.55489,0.497154,0.519232
2025-11-16 15:00:00,0.5133415,15,6,11,1,0.519232,0.5024145,0.5133415
2025-11-16 16:00:00,0.5514600000000001,16,6,11,1,0.5133415,0.5467139999999999,0.5514600000000001
2025-11-16 17:00:00,0.6514095,17,6,11,1,0.5514600000000001,0.637028,0.6514095
2025-11-16 18:00:00,0.6696795,18,6,11,1,0.6514095,0.6487845,0.6696795
2025-11-16 19:00:00,0.625856,19,6,11,1,0.6696795,0.6058535,0.625856
2025-11-16 20:00:00,0.55517,20,6,11,1,0.625856,0.543228,0.55517
2025-11-16 21:00:00,0.482846,21,6,11,1,0.55517,0.4886595,0.482846
2025-11-16 22:00:00,0.413679,22,6,11,1,0.482846,0.4426065,0.413679
2025-11-16 23:00:00,0.323687,23,6,11,1,0.413679,0.3658655,0.323687
2025-11-17 00:00:00,0.2517585,0,0,11,0,0.323687,0.2919875,0.2517585
2025-11-17 01:00:00,0.215915,1,0,11,0,0.2517585,0.2489795,0.215915
2025-11-17 02:00:00,0.2063355,2,0,11,0,0.215915,0.228942,0.2063355
2025-11-17 03:00:00,0.2078965,3,0,11,0,0.2063355,0.221018,0.2078965
2025-11-17 04:00:00,0.22155,4,0,11,0,0.2078965,0.2191525,0.22155
2025-11-17 05:00:00,0.258118,5,0,11,0,0.22155,0.22491,0.258118
2025-11-17 06:00:00,0.3451455,6,0,11,0,0.258118,0.260883,0.3451455
2025-11-17 07:00:00,0.368361,7,0,11,0,0.3451455,0.331961,0.368361
2025-11-17 08:00:00,0.3349185,8,0,11,0,0.368361,0.433398,0.3349185
2025-11-17 09:00:00,0.317226,9,0,11,0,0.3349185,0.5088055,0.317226
2025-11-17 10:00:00,0.317268,10,0,11,0,0.317226,0.5679065,0.317268
2025-11-17 11:00:00,0.349489,11,0,11,0,0.317268,0.6372415,0.349489
2025-11-17 12:00:00,0.3681825,12,0,11,0,0.349489,0.6139525,0.3681825
2025-11-17 13:00:00,0.3669435,13,0,11,0,0.3681825,0.55489,0.3669435
2025-11-17 14:00:00,0.36007300000000003,14,0,11,0,0.3669435,0.519232,0.36007300000000003
2025-11-17 15:00:00,0.37855300000000003,15,0,11,0,0.36007300000000003,0.5133415,0.37855300000000003
2025-11-17 16:00:00,0.4455815,16,0,11,0,0.37855300000000003,0.5514600000000001,0.4455815
2025-11-17 17:00:00,0.5628455,17,0,11,0,0.4455815,0.6514095,0.5628455
2025-11-17 18:00:00,0.6159405,18,0,11,0,0.5628455,0.6696795,0.6159405
2025-11-17 19:00:00,0.607145,19,0,11,0,0.6159405,0.625856,0.607145
2025-11-17 20:00:00,0.5523629999999999,20,0,11,0,0.607145,0.55517,0.5523629999999999
2025-11-17 21:00:00,0.487774,21,0,11,0,0.5523629999999999,0.482846,0.487774
2025-11-17 22:00:00,0.4231955,22,0,11,0,0.487774,0.413679,0.4231955
2025-11-17 23:00:00,0.333942,23,0,11,0,0.4231955,0.323687,0.333942
2025-11-18 00:00:00,0.2517585,0,1,11,0,0.333942,0.2517585,0.2517585
2025-11-18 01:00:00,0.215915,1,1,11,0,0.2517585,0.215915,0.215915
2025-11-18 02:00:00,0.2063355,2,1,11,0,0.215915,0.2063355,0.2063355
2025-11-18 03:00:00,0.2078965,3,1,11,0,0.2063355,0.2078965,0.2078965
2025-11-18 04:00:00,0.22155,4,1,11,0,0.2078965,0.22155,0.22155
2025-11-18 05:00:00,0.258118,5,1,11,0,0.22155,0.258118,0.258118
2025-11-18 06:00:00,0.3451455,6,1,11,0,0.258118,0.3451455,0.3451455
2025-11-18 07:00:00,0.368361,7,1,11,0,0.3451455,0.368361,0.368361
2025-11-18 08:00:00,0.3349185,8,1,11,0,0.368361,0.3349185,0.3349185
2025-11-18 09:00:00,0.317226,9,1,11,0,0.3349185,0.317226,0.317226
2025-11-18 10:00:00,0.317268,10,1,11,0,0.317226,0.317268,0.317268
2025-11-18 11:00:00,0.349489,11,1,11,0,0.317268,0.349489,0.349489
2025-11-18 12:00:00,0.3681825,12,1,11,0,0.349489,0.3681825,0.3681825
2025-11-18 13:00:00,0.3669435,13,1,11,0,0.3681825,0.3669435,0.3669435
2025-11-18 14:00:00,0.36007300000000003,14,1,11,0,0.3669435,0.36007300000000003,0.36007300000000003
2025-11-18 15:00:00,0.37855300000000003,15,1,11,0,0.36007300000000003,0.37855300000000003,0.37855300000000003
2025-11-18 16:00:00,0.4455815,16,1,11,0,0.37855300000000003,0.4455815,0.4455815
2025-11-18 17:00:00,0.5628455,17,1,11,0,0.4455815,0.5628455,0.5628455
2025-11-18 18:00:00,0.6159405,18,1,11,0,0.5628455,0.6159405,0.6159405
2025-11-18 19:00:00,0.607145,19,1,11,0,0.6159405,0.607145,0.607145
2025-11-18 20:00:00,0.5523629999999999,20,1,11,0,0.607145,0.5523629999999999,0.5523629999999999
2025-11-18 21:00:00,0.487774,21,1,11,0,0.5523629999999999,0.487774,0.487774
2025-11-18 22:00:00,0.4231955,22,1,11,0,0.487774,0.4231955,0.4231955
2025-11-18 23:00:00,0.333942,23,1,11,0,0.4231955,0.333942,0.333942
2025-11-19 00:00:00,0.2517585,0,2,11,0,0.333942,0.2517585,0.2517585
2025-11-19 01:00:00,0.215915,1,2,11,0,0.2517585,0.215915,0.215915
2025-11-19 02:00:00,0.2063355,2,2,11,0,0.215915,0.2063355,0.2063355
2025-11-19 03:00:00,0.2078965,3,2,11,0,0.2063355,0.2078965,0.2078965
2025-11-19 04:00:00,0.22155,4,2,11,0,0.2078965,0.22155,0.22155
2025-11-19 05:00:00,0.258118,5,2,11,0,0.22155,0.258118,0.258118
2025-11-19 06:00:00,0.3451455,6,2,11,0,0.258118,0.3451455,0.3451455
2025-11-19 07:00:00,0.368361,7,2,11,0,0.3451455,0.368361,0.368361
2025-11-19 08:00:00,0.3349185,8,2,11,0,0.368361,0.3349185,0.3349185
2025-11-19 09:00:00,0.317226,9,2,11,0,0.3349185,0.317226,0.317226
2025-11-19 10:00:00,0.317268,10,2,11,0,0.317226,0.317268,0.317268
2025-11-19 11:00:00,0.349489,11,2,11,0,0.317268,0.349489,0.349489
2025-11-19 12:00:00,0.3681825,12,2,11,0,0.349489,0.3681825,0.3681825
2025-11-19 13:00:00,0.3669435,13,2,11,0,0.3681825,0.3669435,0.3669435
2025-11-19 14:00:00,0.36007300000000003,14,2,11,0,0.3669435,0.36007300000000003,0.36007300000000003
2025-11-19 15:00:00,0.37855300000000003,15,2,11,0,0.36007300000000003,0.37855300000000003,0.37855300000000003
2025-11-19 16:00:00,0.4455815,16,2,11,0,0.37855300000000003,0.4455815,0.4455815
2025-11-19 17:00:00,0.5628455,17,2,11,0,0.4455815,0.5628455,0.5628455
2025-11-19 18:00:00,0.6159405,18,2,11,0,0.5628455,0.6159405,0.6159405
2025-11-19 19:00:00,0.607145,19,2,11,0,0.6159405,0.607145,0.607145
2025-11-19 20:00:00,0.5523629999999999,20,2,11,0,0.607145,0.5523629999999999,0.5523629999999999
2025-11-19 21:00:00,0.487774,21,2,11,0,0.5523629999999999,0.487774,0.487774
2025-11-19 22:00:00,0.4231955,22,2,11,0,0.487774,0.4231955,0.4231955
2025-11-19 23:00:00,0.333942,23,2,11,0,0.4231955,0.333942,0.333942
2025-11-20 00:00:00,0.2517585,0,3,11,0,0.333942,0.2517585,0.2517585
2025-11-20 01:00:00,0.215915,1,3,11,0,0.2517585,0.215915,0.215915
2025-11-20 02:00:00,0.2063355,2,3,11,0,0.215915,0.2063355,0.2063355
2025-11-20 03:00:00,0.2078965,3,3,11,0,0.2063355,0.2078965,0.2078965
2025-11-20 04:00:00,0.22155,4,3,11,0,0.2078965,0.22155,0.22155
2025-11-20 05:00:00,0.258118,5,3,11,0,0.22155,0.258118,0.258118
2025-11-20 06:00:00,0.3451455,6,3,11,0,0.258118,0.3451455,0.3451455
2025-11-20 07:00:00,0.368361,7,3,11,0,0.3451455,0.368361,0.368361
2025-11-20 08:00:00,0.3349185,8,3,11,0,0.368361,0.3349185,0.3349185
2025-11-20 09:00:00,0.317226,9,3,11,0,0.3349185,0.317226,0.317226
2025-11-20 10:00:00,0.317268,10,3,11,0,0.317226,0.317268,0.317268
2025-11-20 11:00:00,0.349489,11,3,11,0,0.317268,0.349489,0.349489
2025-11-20 12:00:00,0.3681825,12,3,11,0,0.349489,0.3681825,0.3681825
2025-11-20 13:00:00,0.3669435,13,3,11,0,0.3681825,0.3669435,0.3669435
2025-11-20 14:00:00,0.36007300000000003,14,3,11,0,0.3669435,0.36007300000000003,0.36007300000000003
2025-11-20 15:00:00,0.37855300000000003,15,3,11,0,0.36007300000000003,0.37855300000000003,0.37855300000000003
2025-11-20 16:00:00,0.4455815,16,3,11,0,0.37855300000000003,0.4455815,0.4455815
2025-11-20 17:00:00,0.5628455,17,3,11,0,0.4455815,0.5628455,0.5628455
2025-11-20 18:00:00,0.6159405,18,3,11,0,0.5628455,0.6159405,0.6159405
2025-11-20 19:00:00,0.607145,19,3,11,0,0.6159405,0.607145,0.607145
2025-11-20 20:00:00,0.5523629999999999,20,3,11,0,0.607145,0.5523629999999999,0.5523629999999999
2025-11-20 21:00:00,0.487774,21,3,11,0,0.5523629999999999,0.487774,0.487774
2025-11-20 22:00:00,0.4231955,22,3,11,0,0.487774,0.4231955,0.4231955
2025-11-20 23:00:00,0.333942,23,3,11,0,0.4231955,0.333942,0.333942
2025-11-21 00:00:00,0.2517585,0,4,11,0,0.333942,0.2517585,0.2517585
2025-11-21 01:00:00,0.215915,1,4,11,0,0.2517585,0.215915,0.215915
2025-11-21 02:00:00,0.2063355,2,4,11,0,0.215915,0.2063355,0.2063355
2025-11-21 03:00:00,0.2078965,3,4,11,0,0.2063355,0.2078965,0.2078965
2025-11-21 04:00:00,0.22155,4,4,11,0,0.2078965,0.22155,0.22155
2025-11-21 05:00:00,0.258118,5,4,11,0,0.22155,0.258118,0.258118
2025-11-21 06:00:00,0.3451455,6,4,11,0,0.258118,0.3451455,0.3451455
2025-11-21 07:00:00,0.368361,7,4,11,0,0.3451455,0.368361,0.368361
2025-11-21 08:00:00,0.3349185,8,4,11,0,0.368361,0.3349185,0.3349185
2025-11-21 09:00:00,0.317226,9,4,11,0,0.3349185,0.317226,0.317226
2025-11-21 10:00:00,0.317268,10,4,11,0,0.317226,0.317268,0.317268
2025-11-21 11:00:00,0.349489,11,4,11,0,0.317268,0.349489,0.349489
2025-11-21 12:00:00,0.3681825,12,4,11,0,0.349489,0.3681825,0.3681825
2025-11-21 13:00:00,0.3669435,13,4,11,0,0.3681825,0.3669435,0.3669435
2025-11-21 14:00:00,0.36007300000000003,14,4,11,0,0.3669435,0.36007300000000003,0.36007300000000003
2025-11-21 15:00:00,0.37855300000000003,15,4,11,0,0.36007300000000003,0.37855300000000003,0.37855300000000003
2025-11-21 16:00:00,0.4455815,16,4,11,0,0.37855300000000003,0.4455815,0.4455815
2025-11-21 17:00:00,0.5628455,17,4,11,0,0.4455815,0.5628455,0.5628455
2025-11-21 18:00:00,0.6159405,18,4,11,0,0.5628455,0.6159405,0.6159405
2025-11-21 19:00:00,0.607145,19,4,11,0,0.6159405,0.607145,0.607145
2025-11-21 20:00:00,0.5523629999999999,20,4,11,0,0.607145,0.5523629999999999,0.5523629999999999
2025-11-21 21:00:00,0.487774,21,4,11,0,0.5523629999999999,0.487774,0.487774
2025-11-21 22:00:00,0.4231955,22,4,11,0,0.487774,0.4231955,0.4231955
2025-11-21 23:00:00,0.333942,23,4,11,0,0.4231955,0.333942,0.333942
2025-11-22 00:00:00,0.279006,0,5,11,1,0.333942,0.2517585,0.279006
2025-11-22 01:00:00,0.2372265,1,5,11,1,0.279006,0.215915,0.2372265
2025-11-22 02:00:00,0.219653,2,5,11,1,0.2372265,0.2063355,0.219653
2025-11-22 03:00:00,0.214354,3,5,11,1,0.219653,0.2078965,0.214354
2025-11-22 04:00:00,0.21664650000000002,4,5,11,1,0.214354,0.22155,0.21664650000000002
2025-11-22 05:00:00,0.22370250000000003,5,5,11,1,0.21664650000000002,0.258118,0.22370250000000003
2025-11-22 06:00:00,0.273595,6,5,11,1,0.22370250000000003,0.3451455,0.273595
2025-11-22 07:00:00,0.3581515,7,5,11,1,0.273595,0.368361,0.3581515
2025-11-22 08:00:00,0.43941450000000004,8,5,11,1,0.3581515,0.3349185,0.43941450000000004
2025-11-22 09:00:00,0.4764795,9,5,11,1,0.43941450000000004,0.317226,0.4764795
2025-11-22 10:00:00,0.5025405000000001,10,5,11,1,0.4764795,0.317268,0.5025405000000001
2025-11-22 11:00:00,0.5404175,11,5,11,1,0.5025405000000001,0.349489,0.5404175
2025-11-22 12:00:00,0.5357974999999999,12,5,11,1,0.5404175,0.3681825,0.5357974999999999
2025-11-22 13:00:00,0.5102055,13,5,11,1,0.5357974999999999,0.3669435,0.5102055
2025-11-22 14:00:00,0.497154,14,5,11,1,0.5102055,0.36007300000000003,0.497154
2025-11-22 15:00:00,0.5024145,15,5,11,1,0.497154,0.37855300000000003,0.5024145
2025-11-22 16:00:00,0.5467139999999999,16,5,11,1,0.5024145,0.4455815,0.5467139999999999
2025-11-22 17:00:00,0.637028,17,5,11,1,0.5467139999999999,0.5628455,0.637028
2025-11-22 18:00:00,0.6487845,18,5,11,1,0.637028,0.6159405,0.6487845
2025-11-22 19:00:00,0.6058535,19,5,11,1,0.6487845,0.607145,0.6058535
2025-11-22 20:00:00,0.543228,20,5,11,1,0.6058535,0.5523629999999999,0.543228
2025-11-22 21:00:00,0.4886595,21,5,11,1,0.543228,0.487774,0.4886595
2025-11-22 22:00:00,0.4426065,22,5,11,1,0.4886595,0.4231955,0.4426065
2025-11-22 23:00:00,0.3658655,23,5,11,1,0.4426065,0.333942,0.3658655
2025-11-23 00:00:00,0.2919875,0,6,11,1,0.3658655,0.279006,0.2919875
2025-11-23 01:00:00,0.2489795,1,6,11,1,0.2919875,0.2372265,0.2489795
2025-11-23 02:00:00,0.228942,2,6,11,1,0.2489795,0.219653,0.228942
2025-11-23 03:00:00,0.221018,3,6,11,1,0.228942,0.214354,0.221018
2025-11-23 04:00:00,0.2191525,4,6,11,1,0.221018,0.21664650000000002,0.2191525
2025-11-23 05:00:00,0.22491,5,6,11,1,0.2191525,0.22370250000000003,0.22491
2025-11-23 06:00:00,0.260883,6,6,11,1,0.22491,0.273595,0.260883
2025-11-23 07:00:00,0.331961,7,6,11,1,0.260883,0.3581515,0.331961
2025-11-23 08:00:00,0.433398,8,6,11,1,0.331961,0.43941450000000004,0.433398
2025-11-23 09:00:00,0.5088055,9,6,11,1,0.433398,0.4764795,0.5088055
2025-11-23 10:00:00,0.5679065,10,6,11,1,0.5088055,0.5025405000000001,0.5679065
2025-11-23 11:00:00,0.6372415,11,6,11,1,0.5679065,0.5404175,0.6372415
2025-11-23 12:00:00,0.6139525,12,6,11,1,0.6372415,0.5357974999999999,0.6139525
2025-11-23 13:00:00,0.55489,13,6,11,1,0.6139525,0.5102055,0.55489
2025-11-23 14:00:00,0.519232,14,6,11,1,0.55489,0.497154,0.519232
2025-11-23 15:00:00,0.5133415,15,6,11,1,0.519232,0.5024145,0.5133415
2025-11-23 16:00:00,0.5514600000000001,16,6,11,1,0.5133415,0.5467139999999999,0.5514600000000001
2025-11-23 17:00:00,0.6514095,17,6,11,1,0.5514600000000001,0.637028,0.6514095
2025-11-23 18:00:00,0.6696795,18,6,11,1,0.6514095,0.6487845,0.6696795
2025-11-23 19:00:00,0.625856,19,6,11,1,0.6696795,0.6058535,0.625856
2025-11-23 20:00:00,0.55517,20,6,11,1,0.625856,0.543228,0.55517
2025-11-23 21:00:00,0.482846,21,6,11,1,0.55517,0.4886595,0.482846
2025-11-23 22:00:00,0.413679,22,6,11,1,0.482846,0.4426065,0.413679
2025-11-23 23:00:00,0.323687,23,6,11,1,0.413679,0.3658655,0.323687
2025-11-24 00:00:00,0.2517585,0,0,11,0,0.323687,0.2919875,0.2517585
2025-11-24 01:00:00,0.215915,1,0,11,0,0.2517585,0.2489795,0.215915
2025-11-24 02:00:00,0.2063355,2,0,11,0,0.215915,0.228942,0.2063355
2025-11-24 03:00:00,0.2078965,3,0,11,0,0.2063355,0.221018,0.2078965
2025-11-24 04:00:00,0.22155,4,0,11,0,0.2078965,0.2191525,0.22155
2025-11-24 05:00:00,0.258118,5,0,11,0,0.22155,0.22491,0.258118
2025-11-24 06:00:00,0.3451455,6,0,11,0,0.258118,0.260883,0.3451455
2025-11-24 07:00:00,0.368361,7,0,11,0,0.3451455,0.331961,0.368361
2025-11-24 08:00:00,0.3349185,8,0,11,0,0.368361,0.433398,0.3349185
2025-11-24 09:00:00,0.317226,9,0,11,0,0.3349185,0.5088055,0.317226
2025-11-24 10:00:00,0.317268,10,0,11,0,0.317226,0.5679065,0.317268
2025-11-24 11:00:00,0.349489,11,0,11,0,0.317268,0.6372415,0.349489
2025-11-24 12:00:00,0.3681825,12,0,11,0,0.349489,0.6139525,0.3681825
2025-11-24 13:00:00,0.3669435,13,0,11,0,0.3681825,0.55489,0.3669435
2025-11-24 14:00:00,0.36007300000000003,14,0,11,0,0.3669435,0.519232,0.36007300000000003
2025-11-24 15:00:00,0.37855300000000003,15,0,11,0,0.36007300000000003,0.5133415,0.37855300000000003
2025-11-24 16:00:00,0.4455815,16,0,11,0,0.37855300000000003,0.5514600000000001,0.4455815
2025-11-24 17:00:00,0.5628455,17,0,11,0,0.4455815,0.6514095,0.5628455
2025-11-24 18:00:00,0.6159405,18,0,11,0,0.5628455,0.6696795,0.6159405
2025-11-24 19:00:00,0.607145,19,0,11,0,0.6159405,0.625856,0.607145
2025-11-24 20:00:00,0.5523629999999999,20,0,11,0,0.607145,0.55517,0.5523629999999999
2025-11-24 21:00:00,0.487774,21,0,11,0,0.5523629999999999,0.482846,0.487774
2025-11-24 22:00:00,0.4231955,22,0,11,0,0.487774,0.413679,0.4231955
2025-11-24 23:00:00,0.333942,23,0,11,0,0.4231955,0.323687,0.333942
2025-11-25 00:00:00,0.2517585,0,1,11,0,0.333942,0.2517585,0.2517585
2025-11-25 01:00:00,0.215915,1,1,11,0,0.2517585,0.215915,0.215915
2025-11-25 02:00:00,0.2063355,2,1,11,0,0.215915,0.2063355,0.2063355
2025-11-25 03:00:00,0.2078965,3,1,11,0,0.2063355,0.2078965,0.2078965
2025-11-25 04:00:00,0.22155,4,1,11,0,0.2078965,0.22155,0.22155
2025-11-25 05:00:00,0.258118,5,1,11,0,0.22155,0.258118,0.258118
2025-11-25 06:00:00,0.3451455,6,1,11,0,0.258118,0.3451455,0.3451455
2025-11-25 07:00:00,0.368361,7,1,11,0,0.3451455,0.368361,0.368361
2025-11-25 08:00:00,0.3349185,8,1,11,0,0.368361,0.3349185,0.3349185
2025-11-25 09:00:00,0.317226,9,1,11,0,0.3349185,0.317226,0.317226
2025-11-25 10:00:00,0.317268,10,1,11,0,0.317226,0.317268,0.317268
2025-11-25 11:00:00,0.349489,11,1,11,0,0.317268,0.349489,0.349489
2025-11-25 12:00:00,0.3681825,12,1,11,0,0.349489,0.3681825,0.3681825
2025-11-25 13:00:00,0.3669435,13,1,11,0,0.3681825,0.3669435,0.3669435
2025-11-25 14:00:00,0.36007300000000003,14,1,11,0,0.3669435,0.36007300000000003,0.36007300000000003
2025-11-25 15:00:00,0.37855300000000003,15,1,11,0,0.36007300000000003,0.37855300000000003,0.37855300000000003
2025-11-25 16:00:00,0.4455815,16,1,11,0,0.37855300000000003,0.4455815,0.4455815
2025-11-25 17:00:00,0.5628455,17,1,11,0,0.4455815,0.5628455,0.5628455
2025-11-25 18:00:00,0.6159405,18,1,11,0,0.5628455,0.6159405,0.6159405
2025-11-25 19:00:00,0.607145,19,1,11,0,0.6159405,0.607145,0.607145
2025-11-25 20:00:00,0.5523629999999999,20,1,11,0,0.607145,0.5523629999999999,0.5523629999999999
2025-11-25 21:00:00,0.487774,21,1,11,0,0.5523629999999999,0.487774,0.487774
2025-11-25 22:00:00,0.4231955,22,1,11,0,0.487774,0.4231955,0.4231955
2025-11-25 23:00:00,0.333942,23,1,11,0,0.4231955,0.333942,0.333942
2025-11-26 00:00:00,0.2517585,0,2,11,0,0.333942,0.2517585,0.2517585
2025-11-26 01:00:00,0.215915,1,2,11,0,0.2517585,0.215915,0.215915
2025-11-26 02:00:00,0.2063355,2,2,11,0,0.215915,0.2063355,0.2063355
2025-11-26 03:00:00,0.2078965,3,2,11,0,0.2063355,0.2078965,0.2078965
2025-11-26 04:00:00,0.22155,4,2,11,0,0.2078965,0.22155,0.22155
2025-11-26 05:00:00,0.258118,5,2,11,0,0.22155,0.258118,0.258118
2025-11-26 06:00:00,0.3451455,6,2,11,0,0.258118,0.3451455,0.3451455
2025-11-26 07:00:00,0.368361,7,2,11,0,0.3451455,0.368361,0.368361
2025-11-26 08:00:00,0.3349185,8,2,11,0,0.368361,0.3349185,0.3349185
2025-11-26 09:00:00,0.317226,9,2,11,0,0.3349185,0.317226,0.317226
2025-11-26 10:00:00,0.317268,10,2,11,0,0.317226,0.317268,0.317268
2025-11-26 11:00:00,0.349489,11,2,11,0,0.317268,0.349489,0.349489
2025-11-26 12:00:00,0.3681825,12,2,11,0,0.349489,0.3681825,0.3681825
2025-11-26 13:00:00,0.3669435,13,2,11,0,0.3681825,0.3669435,0.3669435
2025-11-26 14:00:00,0.36007300000000003,14,2,11,0,0.3669435,0.36007300000000003,0.36007300000000003
2025-11-26 15:00:00,0.37855300000000003,15,2,11,0,0.36007300000000003,0.37855300000000003,0.37855300000000003
2025-11-26 16:00:00,0.4455815,16,2,11,0,0.37855300000000003,0.4455815,0.4455815
2025-11-26 17:00:00,0.5628455,17,2,11,0,0.4455815,0.5628455,0.5628455
2025-11-26 18:00:00,0.6159405,18,2,11,0,0.5628455,0.6159405,0.6159405
2025-11-26 19:00:00,0.607145,19,2,11,0,0.6159405,0.607145,0.607145
2025-11-26 20:00:00,0.5523629999999999,20,2,11,0,0.607145,0.5523629999999999,0.5523629999999999
2025-11-26 21:00:00,0.487774,21,2,11,0,0.5523629999999999,0.487774,0.487774
2025-11-26 22:00:00,0.4231955,22,2,11,0,0.487774,0.4231955,0.4231955
2025-11-26 23:00:00,0.333942,23,2,11,0,0.4231955,0.333942,0.333942
2025-11-27 00:00:00,0.2517585,0,3,11,0,0.333942,0.2517585,0.2517585
2025-11-27 01:00:00,0.215915,1,3,11,0,0.2517585,0.215915,0.215915
2025-11-27 02:00:00,0.2063355,2,3,11,0,0.215915,0.2063355,0.2063355
2025-11-27 03:00:00,0.2078965,3,3,11,0,0.2063355,0.2078965,0.2078965
2025-11-27 04:00:00,0.22155,4,3,11,0,0.2078965,0.22155,0.22155
2025-11-27 05:00:00,0.258118,5,3,11,0,0.22155,0.258118,0.258118
2025-11-27 06:00:00,0.3451455,6,3,11,0,0.258118,0.3451455,0.3451455
2025-11-27 07:00:00,0.368361,7,3,11,0,0.3451455,0.368361,0.368361
2025-11-27 08:00:00,0.3349185,8,3,11,0,0.368361,0.3349185,0.3349185
2025-11-27 09:00:00,0.317226,9,3,11,0,0.3349185,0.317226,0.317226
2025-11-27 10:00:00,0.317268,10,3,11,0,0.317226,0.317268,0.317268
2025-11-27 11:00:00,0.349489,11,3,11,0,0.317268,0.349489,0.349489
2025-11-27 12:00:00,0.3681825,12,3,11,0,0.349489,0.3681825,0.3681825
2025-11-27 13:00:00,0.3669435,13,3,11,0,0.3681825,0.3669435,0.3669435
2025-11-27 14:00:00,0.36007300000000003,14,3,11,0,0.3669435,0.36007300000000003,0.36007300000000003
2025-11-27 15:00:00,0.37855300000000003,15,3,11,0,0.36007300000000003,0.37855300000000003,0.37855300000000003
2025-11-27 16:00:00,0.4455815,16,3,11,0,0.37855300000000003,0.4455815,0.4455815
2025-11-27 17:00:00,0.5628455,17,3,11,0,0.4455815,0.5628455,0.5628455
2025-11-27 18:00:00,0.6159405,18,3,11,0,0.5628455,0.6159405,0.6159405
2025-11-27 19:00:00,0.607145,19,3,11,0,0.6159405,0.607145,0.607145
2025-11-27 20:00:00,0.5523629999999999,20,3,11,0,0.607145,0.5523629999999999,0.5523629999999999
2025-11-27 21:00:00,0.487774,21,3,11,0,0.5523629999999999,0.487774,0.487774
2025-11-27 22:00:00,0.4231955,22,3,11,0,0.487774,0.4231955,0.4231955
2025-11-27 23:00:00,0.333942,23,3,11,0,0.4231955,0.333942,0.333942
2025-11-28 00:00:00,0.2517585,0,4,11,0,0.333942,0.2517585,0.2517585
2025-11-28 01:00:00,0.215915,1,4,11,0,0.2517585,0.215915,0.215915
2025-11-28 02:00:00,0.2063355,2,4,11,0,0.215915,0.2063355,0.2063355
2025-11-28 03:00:00,0.2078965,3,4,11,0,0.2063355,0.2078965,0.2078965
2025-11-28 04:00:00,0.22155,4,4,11,0,0.2078965,0.22155,0.22155
2025-11-28 05:00:00,0.258118,5,4,11,0,0.22155,0.258118,0.258118
2025-11-28 06:00:00,0.3451455,6,4,11,0,0.258118,0.3451455,0.3451455
2025-11-28 07:00:00,0.368361,7,4,11,0,0.3451455,0.368361,0.368361
2025-11-28 08:00:00,0.3349185,8,4,11,0,0.368361,0.3349185,0.3349185
2025-11-28 09:00:00,0.317226,9,4,11,0,0.3349185,0.317226,0.317226
2025-11-28 10:00:00,0.317268,10,4,11,0,0.317226,0.317268,0.317268
2025-11-28 11:00:00,0.349489,11,4,11,0,0.317268,0.349489,0.349489
2025-11-28 12:00:00,0.3681825,12,4,11,0,0.349489,0.3681825,0.3681825
2025-11-28 13:00:00,0.3669435,13,4,11,0,0.3681825,0.3669435,0.3669435
2025-11-28 14:00:00,0.36007300000000003,14,4,11,0,0.3669435,0.36007300000000003,0.36007300000000003
2025-11-28 15:00:00,0.37855300000000003,15,4,11,0,0.36007300000000003,0.37855300000000003,0.37855300000000003
2025-11-28 16:00:00,0.4455815,16,4,11,0,0.37855300000000003,0.4455815,0.4455815
2025-11-28 17:00:00,0.5628455,17,4,11,0,0.4455815,0.5628455,0.5628455
2025-11-28 18:00:00,0.6159405,18,4,11,0,0.5628455,0.6159405,0.6159405
2025-11-28 19:00:00,0.607145,19,4,11,0,0.6159405,0.607145,0.607145
2025-11-28 20:00:00,0.5523629999999999,20,4,11,0,0.607145,0.5523629999999999,0.5523629999999999
2025-11-28 21:00:00,0.487774,21,4,11,0,0.5523629999999999,0.487774,0.487774
2025-11-28 22:00:00,0.4231955,22,4,11,0,0.487774,0.4231955,0.4231955
2025-11-28 23:00:00,0.333942,23,4,11,0,0.4231955,0.333942,0.333942
2025-11-29 00:00:00,0.279006,0,5,11,1,0.333942,0.2517585,0.279006
2025-11-29 01:00:00,0.2372265,1,5,11,1,0.279006,0.215915,0.2372265
2025-11-29 02:00:00,0.219653,2,5,11,1,0.2372265,0.2063355,0.219653
2025-11-29 03:00:00,0.214354,3,5,11,1,0.219653,0.2078965,0.214354
2025-11-29 04:00:00,0.21664650000000002,4,5,11,1,0.214354,0.22155,0.21664650000000002
2025-11-29 05:00:00,0.22370250000000003,5,5,11,1,0.21664650000000002,0.258118,0.22370250000000003
2025-11-29 06:00:00,0.273595,6,5,11,1,0.22370250000000003,0.3451455,0.273595
2025-11-29 07:00:00,0.3581515,7,5,11,1,0.273595,0.368361,0.3581515
2025-11-29 08:00:00,0.43941450000000004,8,5,11,1,0.3581515,0.3349185,0.43941450000000004
2025-11-29 09:00:00,0.4764795,9,5,11,1,0.43941450000000004,0.317226,0.4764795
2025-11-29 10:00:00,0.5025405000000001,10,5,11,1,0.4764795,0.317268,0.5025405000000001
2025-11-29 11:00:00,0.5404175,11,5,11,1,0.5025405000000001,0.349489,0.5404175
2025-11-29 12:00:00,0.5357974999999999,12,5,11,1,0.5404175,0.3681825,0.5357974999999999
2025-11-29 13:00:00,0.5102055,13,5,11,1,0.5357974999999999,0.3669435,0.5102055
2025-11-29 14:00:00,0.497154,14,5,11,1,0.5102055,0.36007300000000003,0.497154
2025-11-29 15:00:00,0.5024145,15,5,11,1,0.497154,0.37855300000000003,0.5024145
2025-11-29 16:00:00,0.5467139999999999,16,5,11,1,0.5024145,0.4455815,0.5467139999999999
2025-11-29 17:00:00,0.637028,17,5,11,1,0.5467139999999999,0.5628455,0.637028
2025-11-29 18:00:00,0.6487845,18,5,11,1,0.637028,0.6159405,0.6487845
2025-11-29 19:00:00,0.6058535,19,5,11,1,0.6487845,0.607145,0.6058535
2025-11-29 20:00:00,0.543228,20,5,11,1,0.6058535,0.5523629999999999,0.543228
2025-11-29 21:00:00,0.4886595,21,5,11,1,0.543228,0.487774,0.4886595
2025-11-29 22:00:00,0.4426065,22,5,11,1,0.4886595,0.4231955,0.4426065
2025-11-29 23:00:00,0.3658655,23,5,11,1,0.4426065,0.333942,0.3658655
2025-11-30 00:00:00,0.2919875,0,6,11,1,0.3658655,0.279006,0.2919875
2025-11-30 01:00:00,0.2489795,1,6,11,1,0.2919875,0.2372265,0.2489795
2025-11-30 02:00:00,0.228942,2,6,11,1,0.2489795,0.219653,0.228942
2025-11-30 03:00:00,0.221018,3,6,11,1,0.228942,0.214354,0.221018
2025-11-30 04:00:00,0.2191525,4,6,11,1,0.221018,0.21664650000000002,0.2191525
2025-11-30 05:00:00,0.22491,5,6,11,1,0.2191525,0.22370250000000003,0.22491
2025-11-30 06:00:00,0.260883,6,6,11,1,0.22491,0.273595,0.260883
2025-11-30 07:00:00,0.331961,7,6,11,1,0.260883,0.3581515,0.331961
2025-11-30 08:00:00,0.433398,8,6,11,1,0.331961,0.43941450000000004,0.433398
2025-11-30 09:00:00,0.5088055,9,6,11,1,0.433398,0.4764795,0.5088055
2025-11-30 10:00:00,0.5679065,10,6,11,1,0.5088055,0.5025405000000001,0.5679065
2025-11-30 11:00:00,0.6372415,11,6,11,1,0.5679065,0.5404175,0.6372415
2025-11-30 12:00:00,0.6139525,12,6,11,1,0.6372415,0.5357974999999999,0.6139525
2025-11-30 13:00:00,0.55489,13,6,11,1,0.6139525,0.5102055,0.55489
2025-11-30 14:00:00,0.519232,14,6,11,1,0.55489,0.497154,0.519232
2025-11-30 15:00:00,0.5133415,15,6,11,1,0.519232,0.5024145,0.5133415
2025-11-30 16:00:00,0.5514600000000001,16,6,11,1,0.5133415,0.5467139999999999,0.5514600000000001
2025-11-30 17:00:00,0.6514095,17,6,11,1,0.5514600000000001,0.637028,0.6514095
2025-11-30 18:00:00,0.6696795,18,6,11,1,0.6514095,0.6487845,0.6696795
2025-11-30 19:00:00,0.625856,19,6,11,1,0.6696795,0.6058535,0.625856
2025-11-30 20:00:00,0.55517,20,6,11,1,0.625856,0.543228,0.55517
2025-11-30 21:00:00,0.482846,21,6,11,1,0.55517,0.4886595,0.482846
2025-11-30 22:00:00,0.413679,22,6,11,1,0.482846,0.4426065,0.413679
2025-11-30 23:00:00,0.323687,23,6,11,1,0.413679,0.3658655,0.323687
2025-12-01 00:00:00,0.256627,0,0,12,0,0.323687,0.2919875,0.2517585
2025-12-01 01:00:00,0.2190475,1,0,12,0,0.256627,0.2489795,0.215915
2025-12-01 02:00:00,0.2070355,2,0,12,0,0.2190475,0.228942,0.2063355
2025-12-01 03:00:00,0.2053975,3,0,12,0,0.2070355,0.221018,0.2078965
2025-12-01 04:00:00,0.2153655,4,0,12,0,0.2053975,0.2191525,0.22155
2025-12-01 05:00:00,0.246288,5,0,12,0,0.2153655,0.22491,0.258118
2025-12-01 06:00:00,0.3245165,6,0,12,0,0.246288,0.260883,0.3451455
2025-12-01 07:00:00,0.36160950000000003,7,0,12,0,0.3245165,0.331961,0.368361
2025-12-01 08:00:00,0.34340950000000003,8,0,12,0,0.36160950000000003,0.433398,0.3349185
2025-12-01 09:00:00,0.3300465,9,0,12,0,0.34340950000000003,0.5088055,0.317226
2025-12-01 10:00:00,0.3326855,10,0,12,0,0.3300465,0.5679065,0.317268
2025-12-01 11:00:00,0.362425,11,0,12,0,0.3326855,0.6372415,0.349489
2025-12-01 12:00:00,0.3757775,12,0,12,0,0.362425,0.6139525,0.3681825
2025-12-01 13:00:00,0.37242800000000004,13,0,12,0,0.3757775,0.55489,0.3669435
2025-12-01 14:00:00,0.3678535,14,0,12,0,0.37242800000000004,0.519232,0.36007300000000003
2025-12-01 15:00:00,0.3882585,15,0,12,0,0.3678535,0.5133415,0.37855300000000003
2025-12-01 16:00:00,0.4604775,16,0,12,0,0.3882585,0.5514600000000001,0.4455815
2025-12-01 17:00:00,0.5516490000000001,17,0,12,0,0.4604775,0.6514095,0.5628455
2025-12-01 18:00:00,0.5913984999999999,18,0,12,0,0.5516490000000001,0.6696795,0.6159405
2025-12-01 19:00:00,0.5859245,19,0,12,0,0.5913984999999999,0.625856,0.607145
2025-12-01 20:00:00,0.538867,20,0,12,0,0.5859245,0.55517,0.5523629999999999
2025-12-01 21:00:00,0.48150550000000003,21,0,12,0,0.538867,0.482846,0.487774
2025-12-01 22:00:00,0.42200899999999997,22,0,12,0,0.48150550000000003,0.413679,0.4231955
2025-12-01 23:00:00,0.33721450000000003,23,0,12,0,0.42200899999999997,0.323687,0.333942
2025-12-02 00:00:00,0.256627,0,1,12,0,0.33721450000000003,0.256627,0.2517585
2025-12-02 01:00:00,0.2190475,1,1,12,0,0.256627,0.2190475,0.215915
2025-12-02 02:00:00,0.2070355,2,1,12,0,0.2190475,0.2070355,0.2063355
2025-12-02 03:00:00,0.2053975,3,1,12,0,0.2070355,0.2053975,0.2078965
2025-12-02 04:00:00,0.2153655,4,1,12,0,0.2053975,0.2153655,0.22155
2025-12-02 05:00:00,0.246288,5,1,12,0,0.2153655,0.246288,0.258118
2025-12-02 06:00:00,0.3245165,6,1,12,0,0.246288,0.3245165,0.3451455
2025-12-02 07:00:00,0.36160950000000003,7,1,12,0,0.3245165,0.36160950000000003,0.368361
2025-12-02 08:00:00,0.34340950000000003,8,1,12,0,0.36160950000000003,0.34340950000000003,0.3349185
2025-12-02 09:00:00,0.3300465,9,1,12,0,0.34340950000000003,0.3300465,0.317226
2025-12-02 10:00:00,0.3326855,10,1,12,0,0.3300465,0.3326855,0.317268
2025-12-02 11:00:00,0.362425,11,1,12,0,0.3326855,0.362425,0.349489
2025-12-02 12:00:00,0.3757775,12,1,12,0,0.362425,0.3757775,0.3681825
2025-12-02 13:00:00,0.37242800000000004,13,1,12,0,0.3757775,0.37242800000000004,0.3669435
2025-12-02 14:00:00,0.3678535,14,1,12,0,0.37242800000000004,0.3678535,0.36007300000000003
2025-12-02 15:00:00,0.3882585,15,1,12,0,0.3678535,0.3882585,0.37855300000000003
2025-12-02 16:00:00,0.4604775,16,1,12,0,0.3882585,0.4604775,0.4455815
2025-12-02 17:00:00,0.5516490000000001,17,1,12,0,0.4604775,0.5516490000000001,0.5628455
2025-12-02 18:00:00,0.5913984999999999,18,1,12,0,0.5516490000000001,0.5913984999999999,0.6159405
2025-12-02 19:00:00,0.5859245,19,1,12,0,0.5913984999999999,0.5859245,0.607145
2025-12-02 20:00:00,0.538867,20,1,12,0,0.5859245,0.538867,0.5523629999999999
2025-12-02 21:00:00,0.48150550000000003,21,1,12,0,0.538867,0.48150550000000003,0.487774
2025-12-02 22:00:00,0.42200899999999997,22,1,12,0,0.48150550000000003,0.42200899999999997,0.4231955
2025-12-02 23:00:00,0.33721450000000003,23,1,12,0,0.42200899999999997,0.33721450000000003,0.333942
2025-12-03 00:00:00,0.256627,0,2,12,0,0.33721450000000003,0.256627,0.2517585
2025-12-03 01:00:00,0.2190475,1,2,12,0,0.256627,0.2190475,0.215915
2025-12-03 02:00:00,0.2070355,2,2,12,0,0.2190475,0.2070355,0.2063355
2025-12-03 03:00:00,0.2053975,3,2,12,0,0.2070355,0.2053975,0.2078965
2025-12-03 04:00:00,0.2153655,4,2,12,0,0.2053975,0.2153655,0.22155
2025-12-03 05:00:00,0.246288,5,2,12,0,0.2153655,0.246288,0.258118
2025-12-03 06:00:00,0.3245165,6,2,12,0,0.246288,0.3245165,0.3451455
2025-12-03 07:00:00,0.36160950000000003,7,2,12,0,0.3245165,0.36160950000000003,0.368361
2025-12-03 08:00:00,0.34340950000000003,8,2,12,0,0.36160950000000003,0.34340950000000003,0.3349185
2025-12-03 09:00:00,0.3300465,9,2,12,0,0.34340950000000003,0.3300465,0.317226
2025-12-03 10:00:00,0.3326855,10,2,12,0,0.3300465,0.3326855,0.317268
2025-12-03 11:00:00,0.362425,11,2,12,0,0.3326855,0.362425,0.349489
2025-12-03 12:00:00,0.3757775,12,2,12,0,0.362425,0.3757775,0.3681825
2025-12-03 13:00:00,0.37242800000000004,13,2,12,0,0.3757775,0.37242800000000004,0.3669435
2025-12-03 14:00:00,0.3678535,14,2,12,0,0.37242800000000004,0.3678535,0.36007300000000003
2025-12-03 15:00:00,0.3882585,15,2,12,0,0.3678535,0.3882585,0.37855300000000003
2025-12-03 16:00:00,0.4604775,16,2,12,0,0.3882585,0.4604775,0.4455815
2025-12-03 17:00:00,0.5516490000000001,17,2,12,0,0.4604775,0.5516490000000001,0.5628455
2025-12-03 18:00:00,0.5913984999999999,18,2,12,0,0.5516490000000001,0.5913984999999999,0.6159405
2025-12-03 19:00:00,0.5859245,19,2,12,0,0.5913984999999999,0.5859245,0.607145
2025-12-03 20:00:00,0.538867,20,2,12,0,0.5859245,0.538867,0.5523629999999999
2025-12-03 21:00:00,0.48150550000000003,21,2,12,0,0.538867,0.48150550000000003,0.487774
2025-12-03 22:00:00,0.42200899999999997,22,2,12,0,0.48150550000000003,0.42200899999999997,0.4231955
2025-12-03 23:00:00,0.33721450000000003,23,2,12,0,0.42200899999999997,0.33721450000000003,0.333942
2025-12-04 00:00:00,0.256627,0,3,12,0,0.33721450000000003,0.256627,0.2517585
2025-12-04 01:00:00,0.2190475,1,3,12,0,0.256627,0.2190475,0.215915
2025-12-04 02:00:00,0.2070355,2,3,12,0,0.2190475,0.2070355,0.2063355
2025-12-04 03:00:00,0.2053975,3,3,12,0,0.2070355,0.2053975,0.2078965
2025-12-04 04:00:00,0.2153655,4,3,12,0,0.2053975,0.2153655,0.22155
2025-12-04 05:00:00,0.246288,5,3,12,0,0.2153655,0.246288,0.258118
2025-12-04 06:00:00,0.3245165,6,3,12,0,0.246288,0.3245165,0.3451455
2025-12-04 07:00:00,0.36160950000000003,7,3,12,0,0.3245165,0.36160950000000003,0.368361
2025-12-04 08:00:00,0.34340950000000003,8,3,12,0,0.36160950000000003,0.34340950000000003,0.3349185
2025-12-04 09:00:00,0.3300465,9,3,12,0,0.34340950000000003,0.3300465,0.317226
2025-12-04 10:00:00,0.3326855,10,3,12,0,0.3300465,0.3326855,0.317268
2025-12-04 11:00:00,0.362425,11,3,12,0,0.3326855,0.362425,0.349489
2025-12-04 12:00:00,0.3757775,12,3,12,0,0.362425,0.3757775,0.3681825
2025-12-04 13:00:00,0.37242800000000004,13,3,12,0,0.3757775,0.37242800000000004,0.3669435
2025-12-04 14:00:00,0.3678535,14,3,12,0,0.37242800000000004,0.3678535,0.36007300000000003
2025-12-04 15:00:00,0.3882585,15,3,12,0,0.3678535,0.3882585,0.37855300000000003
2025-12-04 16:00:00,0.4604775,16,3,12,0,0.3882585,0.4604775,0.4455815
2025-12-04 17:00:00,0.5516490000000001,17,3,12,0,0.4604775,0.5516490000000001,0.5628455
2025-12-04 18:00:00,0.5913984999999999,18,3,12,0,0.5516490000000001,0.5913984999999999,0.6159405
2025-12-04 19:00:00,0.5859245,19,3,12,0,0.5913984999999999,0.5859245,0.607145
2025-12-04 20:00:00,0.538867,20,3,12,0,0.5859245,0.538867,0.5523629999999999
2025-12-04 21:00:00,0.48150550000000003,21,3,12,0,0.538867,0.48150550000000003,0.487774
2025-12-04 22:00:00,0.42200899999999997,22,3,12,0,0.48150550000000003,0.42200899999999997,0.4231955
2025-12-04 23:00:00,0.33721450000000003,23,3,12,0,0.42200899999999997,0.33721450000000003,0.333942
2025-12-05 00:00:00,0.256627,0,4,12,0,0.33721450000000003,0.256627,0.2517585
2025-12-05 01:00:00,0.2190475,1,4,12,0,0.256627,0.2190475,0.215915
2025-12-05 02:00:00,0.2070355,2,4,12,0,0.2190475,0.2070355,0.2063355
2025-12-05 03:00:00,0.2053975,3,4,12,0,0.2070355,0.2053975,0.2078965
2025-12-05 04:00:00,0.2153655,4,4,12,0,0.2053975,0.2153655,0.22155
2025-12-05 05:00:00,0.246288,5,4,12,0,0.2153655,0.246288,0.258118
2025-12-05 06:00:00,0.3245165,6,4,12,0,0.246288,0.3245165,0.3451455
2025-12-05 07:00:00,0.36160950000000003,7,4,12,0,0.3245165,0.36160950000000003,0.368361
2025-12-05 08:00:00,0.34340950000000003,8,4,12,0,0.36160950000000003,0.34340950000000003,0.3349185
2025-12-05 09:00:00,0.3300465,9,4,12,0,0.34340950000000003,0.3300465,0.317226
2025-12-05 10:00:00,0.3326855,10,4,12,0,0.3300465,0.3326855,0.317268
2025-12-05 11:00:00,0.362425,11,4,12,0,0.3326855,0.362425,0.349489
2025-12-05 12:00:00,0.3757775,12,4,12,0,0.362425,0.3757775,0.3681825
2025-12-05 13:00:00,0.37242800000000004,13,4,12,0,0.3757775,0.37242800000000004,0.3669435
2025-12-05 14:00:00,0.3678535,14,4,12,0,0.37242800000000004,0.3678535,0.36007300000000003
2025-12-05 15:00:00,0.3882585,15,4,12,0,0.3678535,0.3882585,0.37855300000000003
2025-12-05 16:00:00,0.4604775,16,4,12,0,0.3882585,0.4604775,0.4455815
2025-12-05 17:00:00,0.5516490000000001,17,4,12,0,0.4604775,0.5516490000000001,0.5628455
2025-12-05 18:00:00,0.5913984999999999,18,4,12,0,0.5516490000000001,0.5913984999999999,0.6159405
2025-12-05 19:00:00,0.5859245,19,4,12,0,0.5913984999999999,0.5859245,0.607145
2025-12-05 20:00:00,0.538867,20,4,12,0,0.5859245,0.538867,0.5523629999999999
2025-12-05 21:00:00,0.48150550000000003,21,4,12,0,0.538867,0.48150550000000003,0.487774
2025-12-05 22:00:00,0.42200899999999997,22,4,12,0,0.48150550000000003,0.42200899999999997,0.4231955
2025-12-05 23:00:00,0.33721450000000003,23,4,12,0,0.42200899999999997,0.33721450000000003,0.333942
2025-12-06 00:00:00,0.27734000000000003,0,5,12,1,0.33721450000000003,0.256627,0.279006
2025-12-06 01:00:00,0.23270100000000002,1,5,12,1,0.27734000000000003,0.2190475,0.2372265
2025-12-06 02:00:00,0.212779,2,5,12,1,0.23270100000000002,0.2070355,0.219653
2025-12-06 03:00:00,0.20660150000000002,3,5,12,1,0.212779,0.2053975,0.214354
2025-12-06 04:00:00,0.208467,4,5,12,1,0.20660150000000002,0.2153655,0.21664650000000002
2025-12-06 05:00:00,0.2157505,5,5,12,1,0.208467,0.246288,0.22370250000000003
2025-12-06 06:00:00,0.256991,6,5,12,1,0.2157505,0.3245165,0.273595
2025-12-06 07:00:00,0.328573,7,5,12,1,0.256991,0.36160950000000003,0.3581515
2025-12-06 08:00:00,0.401443,8,5,12,1,0.328573,0.34340950000000003,0.43941450000000004
2025-12-06 09:00:00,0.4442585,9,5,12,1,0.401443,0.3300465,0.4764795
2025-12-06 10:00:00,0.4777675,10,5,12,1,0.4442585,0.3326855,0.5025405000000001
2025-12-06 11:00:00,0.5191935,11,5,12,1,0.4777675,0.362425,0.5404175
2025-12-06 12:00:00,0.517594,12,5,12,1,0.5191935,0.3757775,0.5357974999999999
2025-12-06 13:00:00,0.499639,13,5,12,1,0.517594,0.37242800000000004,0.5102055
2025-12-06 14:00:00,0.491841,14,5,12,1,0.499639,0.3678535,0.497154
2025-12-06 15:00:00,0.4987465,15,5,12,1,0.491841,0.3882585,0.5024145
2025-12-06 16:00:00,0.5436515,16,5,12,1,0.4987465,0.4604775,0.5467139999999999
2025-12-06 17:00:00,0.5996165,17,5,12,1,0.5436515,0.5516490000000001,0.637028
2025-12-06 18:00:00,0.602056,18,5,12,1,0.5996165,0.5913984999999999,0.6487845
2025-12-06 19:00:00,0.5617255000000001,19,5,12,1,0.602056,0.5859245,0.6058535
2025-12-06 20:00:00,0.5077415000000001,20,5,12,1,0.5617255000000001,0.538867,0.543228
2025-12-06 21:00:00,0.46369400000000005,21,5,12,1,0.5077415000000001,0.48150550000000003,0.4886595
2025-12-06 22:00:00,0.4277455,22,5,12,1,0.46369400000000005,0.42200899999999997,0.4426065
2025-12-06 23:00:00,0.36153250000000003,23,5,12,1,0.4277455,0.33721450000000003,0.3658655
2025-12-07 00:00:00,0.29461950000000003,0,6,12,1,0.36153250000000003,0.27734000000000003,0.2919875
2025-12-07 01:00:00,0.24875550000000002,1,6,12,1,0.29461950000000003,0.23270100000000002,0.2489795
2025-12-07 02:00:00,0.2254315,2,6,12,1,0.24875550000000002,0.212779,0.228942
2025-12-07 03:00:00,0.215208,3,6,12,1,0.2254315,0.20660150000000002,0.221018
2025-12-07 04:00:00,0.212093,4,6,12,1,0.215208,0.208467,0.2191525
2025-12-07 05:00:00,0.2171015,5,6,12,1,0.212093,0.2157505,0.22491
2025-12-07 06:00:00,0.248857,6,6,12,1,0.2171015,0.256991,0.260883
2025-12-07 07:00:00,0.3142615,7,6,12,1,0.248857,0.328573,0.331961
2025-12-07 08:00:00,0.4063465,8,6,12,1,0.3142615,0.401443,0.433398
2025-12-07 09:00:00,0.4865385,9,6,12,1,0.4063465,0.4442585,0.5088055
2025-12-07 10:00:00,0.5513025,10,6,12,1,0.4865385,0.4777675,0.5679065
2025-12-07 11:00:00,0.618205,11,6,12,1,0.5513025,0.5191935,0.6372415
2025-12-07 12:00:00,0.5951435,12,6,12,1,0.618205,0.517594,0.6139525
2025-12-07 13:00:00,0.5428955,13,6,12,1,0.5951435,0.499639,0.55489
2025-12-07 14:00:00,0.513926,14,6,12,1,0.5428955,0.491841,0.519232
2025-12-07 15:00:00,0.507486,15,6,12,1,0.513926,0.4987465,0.5133415
2025-12-07 16:00:00,0.540281,16,6,12,1,0.507486,0.5436515,0.5514600000000001
2025-12-07 17:00:00,0.5985385000000001,17,6,12,1,0.540281,0.5996165,0.6514095
2025-12-07 18:00:00,0.6095355,18,6,12,1,0.5985385000000001,0.602056,0.6696795
2025-12-07 19:00:00,0.5802615,19,6,12,1,0.6095355,0.5617255000000001,0.625856
2025-12-07 20:00:00,0.5267395,20,6,12,1,0.5802615,0.5077415000000001,0.55517
2025-12-07 21:00:00,0.47027050000000004,21,6,12,1,0.5267395,0.46369400000000005,0.482846
2025-12-07 22:00:00,0.4168815,22,6,12,1,0.47027050000000004,0.4277455,0.413679
2025-12-07 23:00:00,0.337932,23,6,12,1,0.4168815,0.36153250000000003,0.323687
2025-12-08 00:00:00,0.256627,0,0,12,0,0.337932,0.29461950000000003,0.256627
2025-12-08 01:00:00,0.2190475,1,0,12,0,0.256627,0.24875550000000002,0.2190475
2025-12-08 02:00:00,0.2070355,2,0,12,0,0.2190475,0.2254315,0.2070355
2025-12-08 03:00:00,0.2053975,3,0,12,0,0.2070355,0.215208,0.2053975
2025-12-08 04:00:00,0.2153655,4,0,12,0,0.2053975,0.212093,0.2153655
2025-12-08 05:00:00,0.246288,5,0,12,0,0.2153655,0.2171015,0.246288
2025-12-08 06:00:00,0.3245165,6,0,12,0,0.246288,0.248857,0.3245165
2025-12-08 07:00:00,0.36160950000000003,7,0,12,0,0.3245165,0.3142615,0.36160950000000003
2025-12-08 08:00:00,0.34340950000000003,8,0,12,0,0.36160950000000003,0.4063465,0.34340950000000003
2025-12-08 09:00:00,0.3300465,9,0,12,0,0.34340950000000003,0.4865385,0.3300465
2025-12-08 10:00:00,0.3326855,10,0,12,0,0.3300465,0.5513025,0.3326855
2025-12-08 11:00:00,0.362425,11,0,12,0,0.3326855,0.618205,0.362425
2025-12-08 12:00:00,0.3757775,12,0,12,0,0.362425,0.5951435,0.3757775
2025-12-08 13:00:00,0.37242800000000004,13,0,12,0,0.3757775,0.5428955,0.37242800000000004
2025-12-08 14:00:00,0.3678535,14,0,12,0,0.37242800000000004,0.513926,0.3678535
2025-12-08 15:00:00,0.3882585,15,0,12,0,0.3678535,0.507486,0.3882585
2025-12-08 16:00:00,0.4604775,16,0,12,0,0.3882585,0.540281,0.4604775
2025-12-08 17:00:00,0.5516490000000001,17,0,12,0,0.4604775,0.5985385000000001,0.5516490000000001
2025-12-08 18:00:00,0.5913984999999999,18,0,12,0,0.5516490000000001,0.6095355,0.5913984999999999
2025-12-08 19:00:00,0.5859245,19,0,12,0,0.5913984999999999,0.5802615,0.5859245
2025-12-08 20:00:00,0.538867,20,0,12,0,0.5859245,0.5267395,0.538867
2025-12-08 21:00:00,0.48150550000000003,21,0,12,0,0.538867,0.47027050000000004,0.48150550000000003
2025-12-08 22:00:00,0.42200899999999997,22,0,12,0,0.48150550000000003,0.4168815,0.42200899999999997
2025-12-08 23:00:00,0.33721450000000003,23,0,12,0,0.42200899999999997,0.337932,0.33721450000000003
2025-12-09 00:00:00,0.256627,0,1,12,0,0.33721450000000003,0.256627,0.256627
2025-12-09 01:00:00,0.2190475,1,1,12,0,0.256627,0.2190475,0.2190475
2025-12-09 02:00:00,0.2070355,2,1,12,0,0.2190475,0.2070355,0.2070355
2025-12-09 03:00:00,0.2053975,3,1,12,0,0.2070355,0.2053975,0.2053975
2025-12-09 04:00:00,0.2153655,4,1,12,0,0.2053975,0.2153655,0.2153655
2025-12-09 05:00:00,0.246288,5,1,12,0,0.2153655,0.246288,0.246288
2025-12-09 06:00:00,0.3245165,6,1,12,0,0.246288,0.3245165,0.3245165
2025-12-09 07:00:00,0.36160950000000003,7,1,12,0,0.3245165,0.36160950000000003,0.36160950000000003
2025-12-09 08:00:00,0.34340950000000003,8,1,12,0,0.36160950000000003,0.34340950000000003,0.34340950000000003
2025-12-09 09:00:00,0.3300465,9,1,12,0,0.34340950000000003,0.3300465,0.3300465
2025-12-09 10:00:00,0.3326855,10,1,12,0,0.3300465,0.3326855,0.3326855
2025-12-09 11:00:00,0.362425,11,1,12,0,0.3326855,0.362425,0.362425
2025-12-09 12:00:00,0.3757775,12,1,12,0,0.362425,0.3757775,0.3757775
2025-12-09 13:00:00,0.37242800000000004,13,1,12,0,0.3757775,0.37242800000000004,0.37242800000000004
2025-12-09 14:00:00,0.3678535,14,1,12,0,0.37242800000000004,0.3678535,0.3678535
2025-12-09 15:00:00,0.3882585,15,1,12,0,0.3678535,0.3882585,0.3882585
2025-12-09 16:00:00,0.4604775,16,1,12,0,0.3882585,0.4604775,0.4604775
2025-12-09 17:00:00,0.5516490000000001,17,1,12,0,0.4604775,0.5516490000000001,0.5516490000000001
2025-12-09 18:00:00,0.5913984999999999,18,1,12,0,0.5516490000000001,0.5913984999999999,0.5913984999999999
2025-12-09 19:00:00,0.5859245,19,1,12,0,0.5913984999999999,0.5859245,0.5859245
2025-12-09 20:00:00,0.538867,20,1,12,0,0.5859245,0.538867,0.538867
2025-12-09 21:00:00,0.48150550000000003,21,1,12,0,0.538867,0.48150550000000003,0.48150550000000003
2025-12-09 22:00:00,0.42200899999999997,22,1,12,0,0.48150550000000003,0.42200899999999997,0.42200899999999997
2025-12-09 23:00:00,0.33721450000000003,23,1,12,0,0.42200899999999997,0.33721450000000003,0.33721450000000003
2025-12-10 00:00:00,0.256627,0,2,12,0,0.33721450000000003,0.256627,0.256627
2025-12-10 01:00:00,0.2190475,1,2,12,0,0.256627,0.2190475,0.2190475
2025-12-10 02:00:00,0.2070355,2,2,12,0,0.2190475,0.2070355,0.2070355
2025-12-10 03:00:00,0.2053975,3,2,12,0,0.2070355,0.2053975,0.2053975
2025-12-10 04:00:00,0.2153655,4,2,12,0,0.2053975,0.2153655,0.2153655
2025-12-10 05:00:00,0.246288,5,2,12,0,0.2153655,0.246288,0.246288
2025-12-10 06:00:00,0.3245165,6,2,12,0,0.246288,0.3245165,0.3245165
2025-12-10 07:00:00,0.36160950000000003,7,2,12,0,0.3245165,0.36160950000000003,0.36160950000000003
2025-12-10 08:00:00,0.34340950000000003,8,2,12,0,0.36160950000000003,0.34340950000000003,0.34340950000000003
2025-12-10 09:00:00,0.3300465,9,2,12,0,0.34340950000000003,0.3300465,0.3300465
2025-12-10 10:00:00,0.3326855,10,2,12,0,0.3300465,0.3326855,0.3326855
2025-12-10 11:00:00,0.362425,11,2,12,0,0.3326855,0.362425,0.362425
2025-12-10 12:00:00,0.3757775,12,2,12,0,0.362425,0.3757775,0.3757775
2025-12-10 13:00:00,0.37242800000000004,13,2,12,0,0.3757775,0.37242800000000004,0.37242800000000004
2025-12-10 14:00:00,0.3678535,14,2,12,0,0.37242800000000004,0.3678535,0.3678535
2025-12-10 15:00:00,0.3882585,15,2,12,0,0.3678535,0.3882585,0.3882585
2025-12-10 16:00:00,0.4604775,16,2,12,0,0.3882585,0.4604775,0.4604775
2025-12-10 17:00:00,0.5516490000000001,17,2,12,0,0.4604775,0.5516490000000001,0.5516490000000001
2025-12-10 18:00:00,0.5913984999999999,18,2,12,0,0.5516490000000001,0.5913984999999999,0.5913984999999999
2025-12-10 19:00:00,0.5859245,19,2,12,0,0.5913984999999999,0.5859245,0.5859245
2025-12-10 20:00:00,0.538867,20,2,12,0,0.5859245,0.538867,0.538867
2025-12-10 21:00:00,0.48150550000000003,21,2,12,0,0.538867,0.48150550000000003,0.48150550000000003
2025-12-10 22:00:00,0.42200899999999997,22,2,12,0,0.48150550000000003,0.42200899999999997,0.42200899999999997
2025-12-10 23:00:00,0.33721450000000003,23,2,12,0,0.42200899999999997,0.33721450000000003,0.33721450000000003
2025-12-11 00:00:00,0.256627,0,3,12,0,0.33721450000000003,0.256627,0.256627
2025-12-11 01:00:00,0.2190475,1,3,12,0,0.256627,0.2190475,0.2190475
2025-12-11 02:00:00,0.2070355,2,3,12,0,0.2190475,0.2070355,0.2070355
2025-12-11 03:00:00,0.2053975,3,3,12,0,0.2070355,0.2053975,0.2053975
2025-12-11 04:00:00,0.2153655,4,3,12,0,0.2053975,0.2153655,0.2153655
2025-12-11 05:00:00,0.246288,5,3,12,0,0.2153655,0.246288,0.246288
2025-12-11 06:00:00,0.3245165,6,3,12,0,0.246288,0.3245165,0.3245165
2025-12-11 07:00:00,0.36160950000000003,7,3,12,0,0.3245165,0.36160950000000003,0.36160950000000003
2025-12-11 08:00:00,0.34340950000000003,8,3,12,0,0.36160950000000003,0.34340950000000003,0.34340950000000003
2025-12-11 09:00:00,0.3300465,9,3,12,0,0.34340950000000003,0.3300465,0.3300465
2025-12-11 10:00:00,0.3326855,10,3,12,0,0.3300465,0.3326855,0.3326855
2025-12-11 11:00:00,0.362425,11,3,12,0,0.3326855,0.362425,0.362425
2025-12-11 12:00:00,0.3757775,12,3,12,0,0.362425,0.3757775,0.3757775
2025-12-11 13:00:00,0.37242800000000004,13,3,12,0,0.3757775,0.37242800000000004,0.37242800000000004
2025-12-11 14:00:00,0.3678535,14,3,12,0,0.37242800000000004,0.3678535,0.3678535
2025-12-11 15:00:00,0.3882585,15,3,12,0,0.3678535,0.3882585,0.3882585
2025-12-11 16:00:00,0.4604775,16,3,12,0,0.3882585,0.4604775,0.4604775
2025-12-11 17:00:00,0.5516490000000001,17,3,12,0,0.4604775,0.5516490000000001,0.5516490000000001
2025-12-11 18:00:00,0.5913984999999999,18,3,12,0,0.5516490000000001,0.5913984999999999,0.5913984999999999
2025-12-11 19:00:00,0.5859245,19,3,12,0,0.5913984999999999,0.5859245,0.5859245
2025-12-11 20:00:00,0.538867,20,3,12,0,0.5859245,0.538867,0.538867
2025-12-11 21:00:00,0.48150550000000003,21,3,12,0,0.538867,0.48150550000000003,0.48150550000000003
2025-12-11 22:00:00,0.42200899999999997,22,3,12,0,0.48150550000000003,0.42200899999999997,0.42200899999999997
2025-12-11 23:00:00,0.33721450000000003,23,3,12,0,0.42200899999999997,0.33721450000000003,0.33721450000000003
2025-12-12 00:00:00,0.256627,0,4,12,0,0.33721450000000003,0.256627,0.256627
2025-12-12 01:00:00,0.2190475,1,4,12,0,0.256627,0.2190475,0.2190475
2025-12-12 02:00:00,0.2070355,2,4,12,0,0.2190475,0.2070355,0.2070355
2025-12-12 03:00:00,0.2053975,3,4,12,0,0.2070355,0.2053975,0.2053975
2025-12-12 04:00:00,0.2153655,4,4,12,0,0.2053975,0.2153655,0.2153655
2025-12-12 05:00:00,0.246288,5,4,12,0,0.2153655,0.246288,0.246288
2025-12-12 06:00:00,0.3245165,6,4,12,0,0.246288,0.3245165,0.3245165
2025-12-12 07:00:00,0.36160950000000003,7,4,12,0,0.3245165,0.36160950000000003,0.36160950000000003
2025-12-12 08:00:00,0.34340950000000003,8,4,12,0,0.36160950000000003,0.34340950000000003,0.34340950000000003
2025-12-12 09:00:00,0.3300465,9,4,12,0,0.34340950000000003,0.3300465,0.3300465
2025-12-12 10:00:00,0.3326855,10,4,12,0,0.3300465,0.3326855,0.3326855
2025-12-12 11:00:00,0.362425,11,4,12,0,0.3326855,0.362425,0.362425
2025-12-12 12:00:00,0.3757775,12,4,12,0,0.362425,0.3757775,0.3757775
2025-12-12 13:00:00,0.37242800000000004,13,4,12,0,0.3757775,0.37242800000000004,0.37242800000000004
2025-12-12 14:00:00,0.3678535,14,4,12,0,0.37242800000000004,0.3678535,0.3678535
2025-12-12 15:00:00,0.3882585,15,4,12,0,0.3678535,0.3882585,0.3882585
2025-12-12 16:00:00,0.4604775,16,4,12,0,0.3882585,0.4604775,0.4604775
2025-12-12 17:00:00,0.5516490000000001,17,4,12,0,0.4604775,0.5516490000000001,0.5516490000000001
2025-12-12 18:00:00,0.5913984999999999,18,4,12,0,0.5516490000000001,0.5913984999999999,0.5913984999999999
2025-12-12 19:00:00,0.5859245,19,4,12,0,0.5913984999999999,0.5859245,0.5859245
2025-12-12 20:00:00,0.538867,20,4,12,0,0.5859245,0.538867,0.538867
2025-12-12 21:00:00,0.48150550000000003,21,4,12,0,0.538867,0.48150550000000003,0.48150550000000003
2025-12-12 22:00:00,0.42200899999999997,22,4,12,0,0.48150550000000003,0.42200899999999997,0.42200899999999997
2025-12-12 23:00:00,0.33721450000000003,23,4,12,0,0.42200899999999997,0.33721450000000003,0.33721450000000003
2025-12-13 00:00:00,0.27734000000000003,0,5,12,1,0.33721450000000003,0.256627,0.27734000000000003
2025-12-13 01:00:00,0.23270100000000002,1,5,12,1,0.27734000000000003,0.2190475,0.23270100000000002
2025-12-13 02:00:00,0.212779,2,5,12,1,0.23270100000000002,0.2070355,0.212779
2025-12-13 03:00:00,0.20660150000000002,3,5,12,1,0.212779,0.2053975,0.20660150000000002
2025-12-13 04:00:00,0.208467,4,5,12,1,0.20660150000000002,0.2153655,0.208467
2025-12-13 05:00:00,0.2157505,5,5,12,1,0.208467,0.246288,0.2157505
2025-12-13 06:00:00,0.256991,6,5,12,1,0.2157505,0.3245165,0.256991
2025-12-13 07:00:00,0.328573,7,5,12,1,0.256991,0.36160950000000003,0.328573
2025-12-13 08:00:00,0.401443,8,5,12,1,0.328573,0.34340950000000003,0.401443
2025-12-13 09:00:00,0.4442585,9,5,12,1,0.401443,0.3300465,0.4442585
2025-12-13 10:00:00,0.4777675,10,5,12,1,0.4442585,0.3326855,0.4777675
2025-12-13 11:00:00,0.5191935,11,5,12,1,0.4777675,0.362425,0.5191935
2025-12-13 12:00:00,0.517594,12,5,12,1,0.5191935,0.3757775,0.517594
2025-12-13 13:00:00,0.499639,13,5,12,1,0.517594,0.37242800000000004,0.499639
2025-12-13 14:00:00,0.491841,14,5,12,1,0.499639,0.3678535,0.491841
2025-12-13 15:00:00,0.4987465,15,5,12,1,0.491841,0.3882585,0.4987465
2025-12-13 16:00:00,0.5436515,16,5,12,1,0.4987465,0.4604775,0.5436515
2025-12-13 17:00:00,0.5996165,17,5,12,1,0.5436515,0.5516490000000001,0.5996165
2025-12-13 18:00:00,0.602056,18,5,12,1,0.5996165,0.5913984999999999,0.602056
2025-12-13 19:00:00,0.5617255000000001,19,5,12,1,0.602056,0.5859245,0.5617255000000001
2025-12-13 20:00:00,0.5077415000000001,20,5,12,1,0.5617255000000001,0.538867,0.5077415000000001
2025-12-13 21:00:00,0.46369400000000005,21,5,12,1,0.5077415000000001,0.48150550000000003,0.46369400000000005
2025-12-13 22:00:00,0.4277455,22,5,12,1,0.46369400000000005,0.42200899999999997,0.4277455
2025-12-13 23:00:00,0.36153250000000003,23,5,12,1,0.4277455,0.33721450000000003,0.36153250000000003
2025-12-14 00:00:00,0.29461950000000003,0,6,12,1,0.36153250000000003,0.27734000000000003,0.29461950000000003
2025-12-14 01:00:00,0.24875550000000002,1,6,12,1,0.29461950000000003,0.23270100000000002,0.24875550000000002
2025-12-14 02:00:00,0.2254315,2,6,12,1,0.24875550000000002,0.212779,0.2254315
2025-12-14 03:00:00,0.215208,3,6,12,1,0.2254315,0.20660150000000002,0.215208
2025-12-14 04:00:00,0.212093,4,6,12,1,0.215208,0.208467,0.212093
2025-12-14 05:00:00,0.2171015,5,6,12,1,0.212093,0.2157505,0.2171015
2025-12-14 06:00:00,0.248857,6,6,12,1,0.2171015,0.256991,0.248857
2025-12-14 07:00:00,0.3142615,7,6,12,1,0.248857,0.328573,0.3142615
2025-12-14 08:00:00,0.4063465,8,6,12,1,0.3142615,0.401443,0.4063465
2025-12-14 09:00:00,0.4865385,9,6,12,1,0.4063465,0.4442585,0.4865385
2025-12-14 10:00:00,0.5513025,10,6,12,1,0.4865385,0.4777675,0.5513025
2025-12-14 11:00:00,0.618205,11,6,12,1,0.5513025,0.5191935,0.618205
2025-12-14 12:00:00,0.5951435,12,6,12,1,0.618205,0.517594,0.5951435
2025-12-14 13:00:00,0.5428955,13,6,12,1,0.5951435,0.499639,0.5428955
2025-12-14 14:00:00,0.513926,14,6,12,1,0.5428955,0.491841,0.513926
2025-12-14 15:00:00,0.507486,15,6,12,1,0.513926,0.4987465,0.507486
2025-12-14 16:00:00,0.540281,16,6,12,1,0.507486,0.5436515,0.540281
2025-12-14 17:00:00,0.5985385000000001,17,6,12,1,0.540281,0.5996165,0.5985385000000001
2025-12-14 18:00:00,0.6095355,18,6,12,1,0.5985385000000001,0.602056,0.6095355
2025-12-14 19:00:00,0.5802615,19,6,12,1,0.6095355,0.5617255000000001,0.5802615
2025-12-14 20:00:00,0.5267395,20,6,12,1,0.5802615,0.5077415000000001,0.5267395
2025-12-14 21:00:00,0.47027050000000004,21,6,12,1,0.5267395,0.46369400000000005,0.47027050000000004
2025-12-14 22:00:00,0.4168815,22,6,12,1,0.47027050000000004,0.4277455,0.4168815
2025-12-14 23:00:00,0.337932,23,6,12,1,0.4168815,0.36153250000000003,0.337932
2025-12-15 00:00:00,0.256627,0,0,12,0,0.337932,0.29461950000000003,0.256627
2025-12-15 01:00:00,0.2190475,1,0,12,0,0.256627,0.24875550000000002,0.2190475
2025-12-15 02:00:00,0.2070355,2,0,12,0,0.2190475,0.2254315,0.2070355
2025-12-15 03:00:00,0.2053975,3,0,12,0,0.2070355,0.215208,0.2053975
2025-12-15 04:00:00,0.2153655,4,0,12,0,0.2053975,0.212093,0.2153655
2025-12-15 05:00:00,0.246288,5,0,12,0,0.2153655,0.2171015,0.246288
2025-12-15 06:00:00,0.3245165,6,0,12,0,0.246288,0.248857,0.3245165
2025-12-15 07:00:00,0.36160950000000003,7,0,12,0,0.3245165,0.3142615,0.36160950000000003
2025-12-15 08:00:00,0.34340950000000003,8,0,12,0,0.36160950000000003,0.4063465,0.34340950000000003
2025-12-15 09:00:00,0.3300465,9,0,12,0,0.34340950000000003,0.4865385,0.3300465
2025-12-15 10:00:00,0.3326855,10,0,12,0,0.3300465,0.5513025,0.3326855
2025-12-15 11:00:00,0.362425,11,0,12,0,0.3326855,0.618205,0.362425
2025-12-15 12:00:00,0.3757775,12,0,12,0,0.362425,0.5951435,0.3757775
2025-12-15 13:00:00,0.37242800000000004,13,0,12,0,0.3757775,0.5428955,0.37242800000000004
2025-12-15 14:00:00,0.3678535,14,0,12,0,0.37242800000000004,0.513926,0.3678535
2025-12-15 15:00:00,0.3882585,15,0,12,0,0.3678535,0.507486,0.3882585
2025-12-15 16:00:00,0.4604775,16,0,12,0,0.3882585,0.540281,0.4604775
2025-12-15 17:00:00,0.5516490000000001,17,0,12,0,0.4604775,0.5985385000000001,0.5516490000000001
2025-12-15 18:00:00,0.5913984999999999,18,0,12,0,0.5516490000000001,0.6095355,0.5913984999999999
2025-12-15 19:00:00,0.5859245,19,0,12,0,0.5913984999999999,0.5802615,0.5859245
2025-12-15 20:00:00,0.538867,20,0,12,0,0.5859245,0.5267395,0.538867
2025-12-15 21:00:00,0.48150550000000003,21,0,12,0,0.538867,0.47027050000000004,0.48150550000000003
2025-12-15 22:00:00,0.42200899999999997,22,0,12,0,0.48150550000000003,0.4168815,0.42200899999999997
2025-12-15 23:00:00,0.33721450000000003,23,0,12,0,0.42200899999999997,0.337932,0.33721450000000003
2025-12-16 00:00:00,0.256627,0,1,12,0,0.33721450000000003,0.256627,0.256627
2025-12-16 01:00:00,0.2190475,1,1,12,0,0.256627,0.2190475,0.2190475
2025-12-16 02:00:00,0.2070355,2,1,12,0,0.2190475,0.2070355,0.2070355
2025-12-16 03:00:00,0.2053975,3,1,12,0,0.2070355,0.2053975,0.2053975
2025-12-16 04:00:00,0.2153655,4,1,12,0,0.2053975,0.2153655,0.2153655
2025-12-16 05:00:00,0.246288,5,1,12,0,0.2153655,0.246288,0.246288
2025-12-16 06:00:00,0.3245165,6,1,12,0,0.246288,0.3245165,0.3245165
2025-12-16 07:00:00,0.36160950000000003,7,1,12,0,0.3245165,0.36160950000000003,0.36160950000000003
2025-12-16 08:00:00,0.34340950000000003,8,1,12,0,0.36160950000000003,0.34340950000000003,0.34340950000000003
2025-12-16 09:00:00,0.3300465,9,1,12,0,0.34340950000000003,0.3300465,0.3300465
2025-12-16 10:00:00,0.3326855,10,1,12,0,0.3300465,0.3326855,0.3326855
2025-12-16 11:00:00,0.362425,11,1,12,0,0.3326855,0.362425,0.362425
2025-12-16 12:00:00,0.3757775,12,1,12,0,0.362425,0.3757775,0.3757775
2025-12-16 13:00:00,0.37242800000000004,13,1,12,0,0.3757775,0.37242800000000004,0.37242800000000004
2025-12-16 14:00:00,0.3678535,14,1,12,0,0.37242800000000004,0.3678535,0.3678535
2025-12-16 15:00:00,0.3882585,15,1,12,0,0.3678535,0.3882585,0.3882585
2025-12-16 16:00:00,0.4604775,16,1,12,0,0.3882585,0.4604775,0.4604775
2025-12-16 17:00:00,0.5516490000000001,17,1,12,0,0.4604775,0.5516490000000001,0.5516490000000001
2025-12-16 18:00:00,0.5913984999999999,18,1,12,0,0.5516490000000001,0.5913984999999999,0.5913984999999999
2025-12-16 19:00:00,0.5859245,19,1,12,0,0.5913984999999999,0.5859245,0.5859245
2025-12-16 20:00:00,0.538867,20,1,12,0,0.5859245,0.538867,0.538867
2025-12-16 21:00:00,0.48150550000000003,21,1,12,0,0.538867,0.48150550000000003,0.48150550000000003
2025-12-16 22:00:00,0.42200899999999997,22,1,12,0,0.48150550000000003,0.42200899999999997,0.42200899999999997
2025-12-16 23:00:00,0.33721450000000003,23,1,12,0,0.42200899999999997,0.33721450000000003,0.33721450000000003
2025-12-17 00:00:00,0.256627,0,2,12,0,0.33721450000000003,0.256627,0.256627
2025-12-17 01:00:00,0.2190475,1,2,12,0,0.256627,0.2190475,0.2190475
2025-12-17 02:00:00,0.2070355,2,2,12,0,0.2190475,0.2070355,0.2070355
2025-12-17 03:00:00,0.2053975,3,2,12,0,0.2070355,0.2053975,0.2053975
2025-12-17 04:00:00,0.2153655,4,2,12,0,0.2053975,0.2153655,0.2153655
2025-12-17 05:00:00,0.246288,5,2,12,0,0.2153655,0.246288,0.246288
2025-12-17 06:00:00,0.3245165,6,2,12,0,0.246288,0.3245165,0.3245165
2025-12-17 07:00:00,0.36160950000000003,7,2,12,0,0.3245165,0.36160950000000003,0.36160950000000003
2025-12-17 08:00:00,0.34340950000000003,8,2,12,0,0.36160950000000003,0.34340950000000003,0.34340950000000003
2025-12-17 09:00:00,0.3300465,9,2,12,0,0.34340950000000003,0.3300465,0.3300465
2025-12-17 10:00:00,0.3326855,10,2,12,0,0.3300465,0.3326855,0.3326855
2025-12-17 11:00:00,0.362425,11,2,12,0,0.3326855,0.362425,0.362425
2025-12-17 12:00:00,0.3757775,12,2,12,0,0.362425,0.3757775,0.3757775
2025-12-17 13:00:00,0.37242800000000004,13,2,12,0,0.3757775,0.37242800000000004,0.37242800000000004
2025-12-17 14:00:00,0.3678535,14,2,12,0,0.37242800000000004,0.3678535,0.3678535
2025-12-17 15:00:00,0.3882585,15,2,12,0,0.3678535,0.3882585,0.3882585
2025-12-17 16:00:00,0.4604775,16,2,12,0,0.3882585,0.4604775,0.4604775
2025-12-17 17:00:00,0.5516490000000001,17,2,12,0,0.4604775,0.5516490000000001,0.5516490000000001
2025-12-17 18:00:00,0.5913984999999999,18,2,12,0,0.5516490000000001,0.5913984999999999,0.5913984999999999
2025-12-17 19:00:00,0.5859245,19,2,12,0,0.5913984999999999,0.5859245,0.5859245
2025-12-17 20:00:00,0.538867,20,2,12,0,0.5859245,0.538867,0.538867
2025-12-17 21:00:00,0.48150550000000003,21,2,12,0,0.538867,0.48150550000000003,0.48150550000000003
2025-12-17 22:00:00,0.42200899999999997,22,2,12,0,0.48150550000000003,0.42200899999999997,0.42200899999999997
2025-12-17 23:00:00,0.33721450000000003,23,2,12,0,0.42200899999999997,0.33721450000000003,0.33721450000000003
2025-12-18 00:00:00,0.256627,0,3,12,0,0.33721450000000003,0.256627,0.256627
2025-12-18 01:00:00,0.2190475,1,3,12,0,0.256627,0.2190475,0.2190475
2025-12-18 02:00:00,0.2070355,2,3,12,0,0.2190475,0.2070355,0.2070355
2025-12-18 03:00:00,0.2053975,3,3,12,0,0.2070355,0.2053975,0.2053975
2025-12-18 04:00:00,0.2153655,4,3,12,0,0.2053975,0.2153655,0.2153655
2025-12-18 05:00:00,0.246288,5,3,12,0,0.2153655,0.246288,0.246288
2025-12-18 06:00:00,0.3245165,6,3,12,0,0.246288,0.3245165,0.3245165
2025-12-18 07:00:00,0.36160950000000003,7,3,12,0,0.3245165,0.36160950000000003,0.36160950000000003
2025-12-18 08:00:00,0.34340950000000003,8,3,12,0,0.36160950000000003,0.34340950000000003,0.34340950000000003
2025-12-18 09:00:00,0.3300465,9,3,12,0,0.34340950000000003,0.3300465,0.3300465
2025-12-18 10:00:00,0.3326855,10,3,12,0,0.3300465,0.3326855,0.3326855
2025-12-18 11:00:00,0.362425,11,3,12,0,0.3326855,0.362425,0.362425
2025-12-18 12:00:00,0.3757775,12,3,12,0,0.362425,0.3757775,0.3757775
2025-12-18 13:00:00,0.37242800000000004,13,3,12,0,0.3757775,0.37242800000000004,0.37242800000000004
2025-12-18 14:00:00,0.3678535,14,3,12,0,0.37242800000000004,0.3678535,0.3678535
2025-12-18 15:00:00,0.3882585,15,3,12,0,0.3678535,0.3882585,0.3882585
2025-12-18 16:00:00,0.4604775,16,3,12,0,0.3882585,0.4604775,0.4604775
2025-12-18 17:00:00,0.5516490000000001,17,3,12,0,0.4604775,0.5516490000000001,0.5516490000000001
2025-12-18 18:00:00,0.5913984999999999,18,3,12,0,0.5516490000000001,0.5913984999999999,0.5913984999999999
2025-12-18 19:00:00,0.5859245,19,3,12,0,0.5913984999999999,0.5859245,0.5859245
2025-12-18 20:00:00,0.538867,20,3,12,0,0.5859245,0.538867,0.538867
2025-12-18 21:00:00,0.48150550000000003,21,3,12,0,0.538867,0.48150550000000003,0.48150550000000003
2025-12-18 22:00:00,0.42200899999999997,22,3,12,0,0.48150550000000003,0.42200899999999997,0.42200899999999997
2025-12-18 23:00:00,0.33721450000000003,23,3,12,0,0.42200899999999997,0.33721450000000003,0.33721450000000003
2025-12-19 00:00:00,0.256627,0,4,12,0,0.33721450000000003,0.256627,0.256627
2025-12-19 01:00:00,0.2190475,1,4,12,0,0.256627,0.2190475,0.2190475
2025-12-19 02:00:00,0.2070355,2,4,12,0,0.2190475,0.2070355,0.2070355
2025-12-19 03:00:00,0.2053975,3,4,12,0,0.2070355,0.2053975,0.2053975
2025-12-19 04:00:00,0.2153655,4,4,12,0,0.2053975,0.2153655,0.2153655
2025-12-19 05:00:00,0.246288,5,4,12,0,0.2153655,0.246288,0.246288
2025-12-19 06:00:00,0.3245165,6,4,12,0,0.246288,0.3245165,0.3245165
2025-12-19 07:00:00,0.36160950000000003,7,4,12,0,0.3245165,0.36160950000000003,0.36160950000000003
2025-12-19 08:00:00,0.34340950000000003,8,4,12,0,0.36160950000000003,0.34340950000000003,0.34340950000000003
2025-12-19 09:00:00,0.3300465,9,4,12,0,0.34340950000000003,0.3300465,0.3300465
2025-12-19 10:00:00,0.3326855,10,4,12,0,0.3300465,0.3326855,0.3326855
2025-12-19 11:00:00,0.362425,11,4,12,0,0.3326855,0.362425,0.362425
2025-12-19 12:00:00,0.3757775,12,4,12,0,0.362425,0.3757775,0.3757775
2025-12-19 13:00:00,0.37242800000000004,13,4,12,0,0.3757775,0.37242800000000004,0.37242800000000004
2025-12-19 14:00:00,0.3678535,14,4,12,0,0.37242800000000004,0.3678535,0.3678535
2025-12-19 15:00:00,0.3882585,15,4,12,0,0.3678535,0.3882585,0.3882585
2025-12-19 16:00:00,0.4604775,16,4,12,0,0.3882585,0.4604775,0.4604775
2025-12-19 17:00:00,0.5516490000000001,17,4,12,0,0.4604775,0.5516490000000001,0.5516490000000001
2025-12-19 18:00:00,0.5913984999999999,18,4,12,0,0.5516490000000001,0.5913984999999999,0.5913984999999999
2025-12-19 19:00:00,0.5859245,19,4,12,0,0.5913984999999999,0.5859245,0.5859245
2025-12-19 20:00:00,0.538867,20,4,12,0,0.5859245,0.538867,0.538867
2025-12-19 21:00:00,0.48150550000000003,21,4,12,0,0.538867,0.48150550000000003,0.48150550000000003
2025-12-19 22:00:00,0.42200899999999997,22,4,12,0,0.48150550000000003,0.42200899999999997,0.42200899999999997
2025-12-19 23:00:00,0.33721450000000003,23,4,12,0,0.42200899999999997,0.33721450000000003,0.33721450000000003
2025-12-20 00:00:00,0.27734000000000003,0,5,12,1,0.33721450000000003,0.256627,0.27734000000000003
2025-12-20 01:00:00,0.23270100000000002,1,5,12,1,0.27734000000000003,0.2190475,0.23270100000000002
2025-12-20 02:00:00,0.212779,2,5,12,1,0.23270100000000002,0.2070355,0.212779
2025-12-20 03:00:00,0.20660150000000002,3,5,12,1,0.212779,0.2053975,0.20660150000000002
2025-12-20 04:00:00,0.208467,4,5,12,1,0.20660150000000002,0.2153655,0.208467
2025-12-20 05:00:00,0.2157505,5,5,12,1,0.208467,0.246288,0.2157505
2025-12-20 06:00:00,0.256991,6,5,12,1,0.2157505,0.3245165,0.256991
2025-12-20 07:00:00,0.328573,7,5,12,1,0.256991,0.36160950000000003,0.328573
2025-12-20 08:00:00,0.401443,8,5,12,1,0.328573,0.34340950000000003,0.401443
2025-12-20 09:00:00,0.4442585,9,5,12,1,0.401443,0.3300465,0.4442585
2025-12-20 10:00:00,0.4777675,10,5,12,1,0.4442585,0.3326855,0.4777675
2025-12-20 11:00:00,0.5191935,11,5,12,1,0.4777675,0.362425,0.5191935
2025-12-20 12:00:00,0.517594,12,5,12,1,0.5191935,0.3757775,0.517594
2025-12-20 13:00:00,0.499639,13,5,12,1,0.517594,0.37242800000000004,0.499639
2025-12-20 14:00:00,0.491841,14,5,12,1,0.499639,0.3678535,0.491841
2025-12-20 15:00:00,0.4987465,15,5,12,1,0.491841,0.3882585,0.4987465
2025-12-20 16:00:00,0.5436515,16,5,12,1,0.4987465,0.4604775,0.5436515
2025-12-20 17:00:00,0.5996165,17,5,12,1,0.5436515,0.5516490000000001,0.5996165
2025-12-20 18:00:00,0.602056,18,5,12,1,0.5996165,0.5913984999999999,0.602056
2025-12-20 19:00:00,0.5617255000000001,19,5,12,1,0.602056,0.5859245,0.5617255000000001
2025-12-20 20:00:00,0.5077415000000001,20,5,12,1,0.5617255000000001,0.538867,0.5077415000000001
2025-12-20 21:00:00,0.46369400000000005,21,5,12,1,0.5077415000000001,0.48150550000000003,0.46369400000000005
2025-12-20 22:00:00,0.4277455,22,5,12,1,0.46369400000000005,0.42200899999999997,0.4277455
2025-12-20 23:00:00,0.36153250000000003,23,5,12,1,0.4277455,0.33721450000000003,0.36153250000000003
2025-12-21 00:00:00,0.29461950000000003,0,6,12,1,0.36153250000000003,0.27734000000000003,0.29461950000000003
2025-12-21 01:00:00,0.24875550000000002,1,6,12,1,0.29461950000000003,0.23270100000000002,0.24875550000000002
2025-12-21 02:00:00,0.2254315,2,6,12,1,0.24875550000000002,0.212779,0.2254315
2025-12-21 03:00:00,0.215208,3,6,12,1,0.2254315,0.20660150000000002,0.215208
2025-12-21 04:00:00,0.212093,4,6,12,1,0.215208,0.208467,0.212093
2025-12-21 05:00:00,0.2171015,5,6,12,1,0.212093,0.2157505,0.2171015
2025-12-21 06:00:00,0.248857,6,6,12,1,0.2171015,0.256991,0.248857
2025-12-21 07:00:00,0.3142615,7,6,12,1,0.248857,0.328573,0.3142615
2025-12-21 08:00:00,0.4063465,8,6,12,1,0.3142615,0.401443,0.4063465
2025-12-21 09:00:00,0.4865385,9,6,12,1,0.4063465,0.4442585,0.4865385
2025-12-21 10:00:00,0.5513025,10,6,12,1,0.4865385,0.4777675,0.5513025
2025-12-21 11:00:00,0.618205,11,6,12,1,0.5513025,0.5191935,0.618205
2025-12-21 12:00:00,0.5951435,12,6,12,1,0.618205,0.517594,0.5951435
2025-12-21 13:00:00,0.5428955,13,6,12,1,0.5951435,0.499639,0.5428955
2025-12-21 14:00:00,0.513926,14,6,12,1,0.5428955,0.491841,0.513926
2025-12-21 15:00:00,0.507486,15,6,12,1,0.513926,0.4987465,0.507486
2025-12-21 16:00:00,0.540281,16,6,12,1,0.507486,0.5436515,0.540281
2025-12-21 17:00:00,0.5985385000000001,17,6,12,1,0.540281,0.5996165,0.5985385000000001
2025-12-21 18:00:00,0.6095355,18,6,12,1,0.5985385000000001,0.602056,0.6095355
2025-12-21 19:00:00,0.5802615,19,6,12,1,0.6095355,0.5617255000000001,0.5802615
2025-12-21 20:00:00,0.5267395,20,6,12,1,0.5802615,0.5077415000000001,0.5267395
2025-12-21 21:00:00,0.47027050000000004,21,6,12,1,0.5267395,0.46369400000000005,0.47027050000000004
2025-12-21 22:00:00,0.4168815,22,6,12,1,0.47027050000000004,0.4277455,0.4168815
2025-12-21 23:00:00,0.337932,23,6,12,1,0.4168815,0.36153250000000003,0.337932
2025-12-22 00:00:00,0.256627,0,0,12,0,0.337932,0.29461950000000003,0.256627
2025-12-22 01:00:00,0.2190475,1,0,12,0,0.256627,0.24875550000000002,0.2190475
2025-12-22 02:00:00,0.2070355,2,0,12,0,0.2190475,0.2254315,0.2070355
2025-12-22 03:00:00,0.2053975,3,0,12,0,0.2070355,0.215208,0.2053975
2025-12-22 04:00:00,0.2153655,4,0,12,0,0.2053975,0.212093,0.2153655
2025-12-22 05:00:00,0.246288,5,0,12,0,0.2153655,0.2171015,0.246288
2025-12-22 06:00:00,0.3245165,6,0,12,0,0.246288,0.248857,0.3245165
2025-12-22 07:00:00,0.36160950000000003,7,0,12,0,0.3245165,0.3142615,0.36160950000000003
2025-12-22 08:00:00,0.34340950000000003,8,0,12,0,0.36160950000000003,0.4063465,0.34340950000000003
2025-12-22 09:00:00,0.3300465,9,0,12,0,0.34340950000000003,0.4865385,0.3300465
2025-12-22 10:00:00,0.3326855,10,0,12,0,0.3300465,0.5513025,0.3326855
2025-12-22 11:00:00,0.362425,11,0,12,0,0.3326855,0.618205,0.362425
2025-12-22 12:00:00,0.3757775,12,0,12,0,0.362425,0.5951435,0.3757775
2025-12-22 13:00:00,0.37242800000000004,13,0,12,0,0.3757775,0.5428955,0.37242800000000004
2025-12-22 14:00:00,0.3678535,14,0,12,0,0.37242800000000004,0.513926,0.3678535
2025-12-22 15:00:00,0.3882585,15,0,12,0,0.3678535,0.507486,0.3882585
2025-12-22 16:00:00,0.4604775,16,0,12,0,0.3882585,0.540281,0.4604775
2025-12-22 17:00:00,0.5516490000000001,17,0,12,0,0.4604775,0.5985385000000001,0.5516490000000001
2025-12-22 18:00:00,0.5913984999999999,18,0,12,0,0.5516490000000001,0.6095355,0.5913984999999999
2025-12-22 19:00:00,0.5859245,19,0,12,0,0.5913984999999999,0.5802615,0.5859245
2025-12-22 20:00:00,0.538867,20,0,12,0,0.5859245,0.5267395,0.538867
2025-12-22 21:00:00,0.48150550000000003,21,0,12,0,0.538867,0.47027050000000004,0.48150550000000003
2025-12-22 22:00:00,0.42200899999999997,22,0,12,0,0.48150550000000003,0.4168815,0.42200899999999997
2025-12-22 23:00:00,0.33721450000000003,23,0,12,0,0.42200899999999997,0.337932,0.33721450000000003
2025-12-23 00:00:00,0.256627,0,1,12,0,0.33721450000000003,0.256627,0.256627
2025-12-23 01:00:00,0.2190475,1,1,12,0,0.256627,0.2190475,0.2190475
2025-12-23 02:00:00,0.2070355,2,1,12,0,0.2190475,0.2070355,0.2070355
2025-12-23 03:00:00,0.2053975,3,1,12,0,0.2070355,0.2053975,0.2053975
2025-12-23 04:00:00,0.2153655,4,1,12,0,0.2053975,0.2153655,0.2153655
2025-12-23 05:00:00,0.246288,5,1,12,0,0.2153655,0.246288,0.246288
2025-12-23 06:00:00,0.3245165,6,1,12,0,0.246288,0.3245165,0.3245165
2025-12-23 07:00:00,0.36160950000000003,7,1,12,0,0.3245165,0.36160950000000003,0.36160950000000003
2025-12-23 08:00:00,0.34340950000000003,8,1,12,0,0.36160950000000003,0.34340950000000003,0.34340950000000003
2025-12-23 09:00:00,0.3300465,9,1,12,0,0.34340950000000003,0.3300465,0.3300465
2025-12-23 10:00:00,0.3326855,10,1,12,0,0.3300465,0.3326855,0.3326855
2025-12-23 11:00:00,0.362425,11,1,12,0,0.3326855,0.362425,0.362425
2025-12-23 12:00:00,0.3757775,12,1,12,0,0.362425,0.3757775,0.3757775
2025-12-23 13:00:00,0.37242800000000004,13,1,12,0,0.3757775,0.37242800000000004,0.37242800000000004
2025-12-23 14:00:00,0.3678535,14,1,12,0,0.37242800000000004,0.3678535,0.3678535
2025-12-23 15:00:00,0.3882585,15,1,12,0,0.3678535,0.3882585,0.3882585
2025-12-23 16:00:00,0.4604775,16,1,12,0,0.3882585,0.4604775,0.4604775
2025-12-23 17:00:00,0.5516490000000001,17,1,12,0,0.4604775,0.5516490000000001,0.5516490000000001
2025-12-23 18:00:00,0.5913984999999999,18,1,12,0,0.5516490000000001,0.5913984999999999,0.5913984999999999
2025-12-23 19:00:00,0.5859245,19,1,12,0,0.5913984999999999,0.5859245,0.5859245
2025-12-23 20:00:00,0.538867,20,1,12,0,0.5859245,0.538867,0.538867
2025-12-23 21:00:00,0.48150550000000003,21,1,12,0,0.538867,0.48150550000000003,0.48150550000000003
2025-12-23 22:00:00,0.42200899999999997,22,1,12,0,0.48150550000000003,0.42200899999999997,0.42200899999999997
2025-12-23 23:00:00,0.33721450000000003,23,1,12,0,0.42200899999999997,0.33721450000000003,0.33721450000000003
2025-12-24 00:00:00,0.256627,0,2,12,0,0.33721450000000003,0.256627,0.256627
2025-12-24 01:00:00,0.2190475,1,2,12,0,0.256627,0.2190475,0.2190475
2025-12-24 02:00:00,0.2070355,2,2,12,0,0.2190475,0.2070355,0.2070355
2025-12-24 03:00:00,0.2053975,3,2,12,0,0.2070355,0.2053975,0.2053975
2025-12-24 04:00:00,0.2153655,4,2,12,0,0.2053975,0.2153655,0.2153655
2025-12-24 05:00:00,0.246288,5,2,12,0,0.2153655,0.246288,0.246288
2025-12-24 06:00:00,0.3245165,6,2,12,0,0.246288,0.3245165,0.3245165
2025-12-24 07:00:00,0.36160950000000003,7,2,12,0,0.3245165,0.36160950000000003,0.36160950000000003
2025-12-24 08:00:00,0.34340950000000003,8,2,12,0,0.36160950000000003,0.34340950000000003,0.34340950000000003
2025-12-24 09:00:00,0.3300465,9,2,12,0,0.34340950000000003,0.3300465,0.3300465
2025-12-24 10:00:00,0.3326855,10,2,12,0,0.3300465,0.3326855,0.3326855
2025-12-24 11:00:00,0.362425,11,2,12,0,0.3326855,0.362425,0.362425
2025-12-24 12:00:00,0.3757775,12,2,12,0,0.362425,0.3757775,0.3757775
2025-12-24 13:00:00,0.37242800000000004,13,2,12,0,0.3757775,0.37242800000000004,0.37242800000000004
2025-12-24 14:00:00,0.3678535,14,2,12,0,0.37242800000000004,0.3678535,0.3678535
2025-12-24 15:00:00,0.3882585,15,2,12,0,0.3678535,0.3882585,0.3882585
2025-12-24 16:00:00,0.4604775,16,2,12,0,0.3882585,0.4604775,0.4604775
2025-12-24 17:00:00,0.5516490000000001,17,2,12,0,0.4604775,0.5516490000000001,0.5516490000000001
2025-12-24 18:00:00,0.5913984999999999,18,2,12,0,0.5516490000000001,0.5913984999999999,0.5913984999999999
2025-12-24 19:00:00,0.5859245,19,2,12,0,0.5913984999999999,0.5859245,0.5859245
2025-12-24 20:00:00,0.538867,20,2,12,0,0.5859245,0.538867,0.538867
2025-12-24 21:00:00,0.48150550000000003,21,2,12,0,0.538867,0.48150550000000003,0.48150550000000003
2025-12-24 22:00:00,0.42200899999999997,22,2,12,0,0.48150550000000003,0.42200899999999997,0.42200899999999997
2025-12-24 23:00:00,0.33721450000000003,23,2,12,0,0.42200899999999997,0.33721450000000003,0.33721450000000003
2025-12-25 00:00:00,0.256627,0,3,12,0,0.33721450000000003,0.256627,0.256627
2025-12-25 01:00:00,0.2190475,1,3,12,0,0.256627,0.2190475,0.2190475
2025-12-25 02:00:00,0.2070355,2,3,12,0,0.2190475,0.2070355,0.2070355
2025-12-25 03:00:00,0.2053975,3,3,12,0,0.2070355,0.2053975,0.2053975
2025-12-25 04:00:00,0.2153655,4,3,12,0,0.2053975,0.2153655,0.2153655
2025-12-25 05:00:00,0.246288,5,3,12,0,0.2153655,0.246288,0.246288
2025-12-25 06:00:00,0.3245165,6,3,12,0,0.246288,0.3245165,0.3245165
2025-12-25 07:00:00,0.36160950000000003,7,3,12,0,0.3245165,0.36160950000000003,0.36160950000000003
2025-12-25 08:00:00,0.34340950000000003,8,3,12,0,0.36160950000000003,0.34340950000000003,0.34340950000000003
2025-12-25 09:00:00,0.3300465,9,3,12,0,0.34340950000000003,0.3300465,0.3300465
2025-12-25 10:00:00,0.3326855,10,3,12,0,0.3300465,0.3326855,0.3326855
2025-12-25 11:00:00,0.362425,11,3,12,0,0.3326855,0.362425,0.362425
2025-12-25 12:00:00,0.3757775,12,3,12,0,0.362425,0.3757775,0.3757775
2025-12-25 13:00:00,0.37242800000000004,13,3,12,0,0.3757775,0.37242800000000004,0.37242800000000004
2025-12-25 14:00:00,0.3678535,14,3,12,0,0.37242800000000004,0.3678535,0.3678535
2025-12-25 15:00:00,0.3882585,15,3,12,0,0.3678535,0.3882585,0.3882585
2025-12-25 16:00:00,0.4604775,16,3,12,0,0.3882585,0.4604775,0.4604775
2025-12-25 17:00:00,0.5516490000000001,17,3,12,0,0.4604775,0.5516490000000001,0.5516490000000001
2025-12-25 18:00:00,0.5913984999999999,18,3,12,0,0.5516490000000001,0.5913984999999999,0.5913984999999999
2025-12-25 19:00:00,0.5859245,19,3,12,0,0.5913984999999999,0.5859245,0.5859245
2025-12-25 20:00:00,0.538867,20,3,12,0,0.5859245,0.538867,0.538867
2025-12-25 21:00:00,0.48150550000000003,21,3,12,0,0.538867,0.48150550000000003,0.48150550000000003
2025-12-25 22:00:00,0.42200899999999997,22,3,12,0,0.48150550000000003,0.42200899999999997,0.42200899999999997
2025-12-25 23:00:00,0.33721450000000003,23,3,12,0,0.42200899999999997,0.33721450000000003,0.33721450000000003
2025-12-26 00:00:00,0.256627,0,4,12,0,0.33721450000000003,0.256627,0.256627
2025-12-26 01:00:00,0.2190475,1,4,12,0,0.256627,0.2190475,0.2190475
2025-12-26 02:00:00,0.2070355,2,4,12,0,0.2190475,0.2070355,0.2070355
2025-12-26 03:00:00,0.2053975,3,4,12,0,0.2070355,0.2053975,0.2053975
2025-12-26 04:00:00,0.2153655,4,4,12,0,0.2053975,0.2153655,0.2153655
2025-12-26 05:00:00,0.246288,5,4,12,0,0.2153655,0.246288,0.246288
2025-12-26 06:00:00,0.3245165,6,4,12,0,0.246288,0.3245165,0.3245165
2025-12-26 07:00:00,0.36160950000000003,7,4,12,0,0.3245165,0.36160950000000003,0.36160950000000003
2025-12-26 08:00:00,0.34340950000000003,8,4,12,0,0.36160950000000003,0.34340950000000003,0.34340950000000003
2025-12-26 09:00:00,0.3300465,9,4,12,0,0.34340950000000003,0.3300465,0.3300465
2025-12-26 10:00:00,0.3326855,10,4,12,0,0.3300465,0.3326855,0.3326855
2025-12-26 11:00:00,0.362425,11,4,12,0,0.3326855,0.362425,0.362425
2025-12-26 12:00:00,0.3757775,12,4,12,0,0.362425,0.3757775,0.3757775
2025-12-26 13:00:00,0.37242800000000004,13,4,12,0,0.3757775,0.37242800000000004,0.37242800000000004
2025-12-26 14:00:00,0.3678535,14,4,12,0,0.37242800000000004,0.3678535,0.3678535
2025-12-26 15:00:00,0.3882585,15,4,12,0,0.3678535,0.3882585,0.3882585
2025-12-26 16:00:00,0.4604775,16,4,12,0,0.3882585,0.4604775,0.4604775
2025-12-26 17:00:00,0.5516490000000001,17,4,12,0,0.4604775,0.5516490000000001,0.5516490000000001
2025-12-26 18:00:00,0.5913984999999999,18,4,12,0,0.5516490000000001,0.5913984999999999,0.5913984999999999
2025-12-26 19:00:00,0.5859245,19,4,12,0,0.5913984999999999,0.5859245,0.5859245
2025-12-26 20:00:00,0.538867,20,4,12,0,0.5859245,0.538867,0.538867
2025-12-26 21:00:00,0.48150550000000003,21,4,12,0,0.538867,0.48150550000000003,0.48150550000000003
2025-12-26 22:00:00,0.42200899999999997,22,4,12,0,0.48150550000000003,0.42200899999999997,0.42200899999999997
2025-12-26 23:00:00,0.33721450000000003,23,4,12,0,0.42200899999999997,0.33721450000000003,0.33721450000000003
2025-12-27 00:00:00,0.27734000000000003,0,5,12,1,0.33721450000000003,0.256627,0.27734000000000003
2025-12-27 01:00:00,0.23270100000000002,1,5,12,1,0.27734000000000003,0.2190475,0.23270100000000002
2025-12-27 02:00:00,0.212779,2,5,12,1,0.23270100000000002,0.2070355,0.212779
2025-12-27 03:00:00,0.20660150000000002,3,5,12,1,0.212779,0.2053975,0.20660150000000002
2025-12-27 04:00:00,0.208467,4,5,12,1,0.20660150000000002,0.2153655,0.208467
2025-12-27 05:00:00,0.2157505,5,5,12,1,0.208467,0.246288,0.2157505
2025-12-27 06:00:00,0.256991,6,5,12,1,0.2157505,0.3245165,0.256991
2025-12-27 07:00:00,0.328573,7,5,12,1,0.256991,0.36160950000000003,0.328573
2025-12-27 08:00:00,0.401443,8,5,12,1,0.328573,0.34340950000000003,0.401443
2025-12-27 09:00:00,0.4442585,9,5,12,1,0.401443,0.3300465,0.4442585
2025-12-27 10:00:00,0.4777675,10,5,12,1,0.4442585,0.3326855,0.4777675
2025-12-27 11:00:00,0.5191935,11,5,12,1,0.4777675,0.362425,0.5191935
2025-12-27 12:00:00,0.517594,12,5,12,1,0.5191935,0.3757775,0.517594
2025-12-27 13:00:00,0.499639,13,5,12,1,0.517594,0.37242800000000004,0.499639
2025-12-27 14:00:00,0.491841,14,5,12,1,0.499639,0.3678535,0.491841
2025-12-27 15:00:00,0.4987465,15,5,12,1,0.491841,0.3882585,0.4987465
2025-12-27 16:00:00,0.5436515,16,5,12,1,0.4987465,0.4604775,0.5436515
2025-12-27 17:00:00,0.5996165,17,5,12,1,0.5436515,0.5516490000000001,0.5996165
2025-12-27 18:00:00,0.602056,18,5,12,1,0.5996165,0.5913984999999999,0.602056
2025-12-27 19:00:00,0.5617255000000001,19,5,12,1,0.602056,0.5859245,0.5617255000000001
2025-12-27 20:00:00,0.5077415000000001,20,5,12,1,0.5617255000000001,0.538867,0.5077415000000001
2025-12-27 21:00:00,0.46369400000000005,21,5,12,1,0.5077415000000001,0.48150550000000003,0.46369400000000005
2025-12-27 22:00:00,0.4277455,22,5,12,1,0.46369400000000005,0.42200899999999997,0.4277455
2025-12-27 23:00:00,0.36153250000000003,23,5,12,1,0.4277455,0.33721450000000003,0.36153250000000003
2025-12-28 00:00:00,0.29461950000000003,0,6,12,1,0.36153250000000003,0.27734000000000003,0.29461950000000003
2025-12-28 01:00:00,0.24875550000000002,1,6,12,1,0.29461950000000003,0.23270100000000002,0.24875550000000002
2025-12-28 02:00:00,0.2254315,2,6,12,1,0.24875550000000002,0.212779,0.2254315
2025-12-28 03:00:00,0.215208,3,6,12,1,0.2254315,0.20660150000000002,0.215208
2025-12-28 04:00:00,0.212093,4,6,12,1,0.215208,0.208467,0.212093
2025-12-28 05:00:00,0.2171015,5,6,12,1,0.212093,0.2157505,0.2171015
2025-12-28 06:00:00,0.248857,6,6,12,1,0.2171015,0.256991,0.248857
2025-12-28 07:00:00,0.3142615,7,6,12,1,0.248857,0.328573,0.3142615
2025-12-28 08:00:00,0.4063465,8,6,12,1,0.3142615,0.401443,0.4063465
2025-12-28 09:00:00,0.4865385,9,6,12,1,0.4063465,0.4442585,0.4865385
2025-12-28 10:00:00,0.5513025,10,6,12,1,0.4865385,0.4777675,0.5513025
2025-12-28 11:00:00,0.618205,11,6,12,1,0.5513025,0.5191935,0.618205
2025-12-28 12:00:00,0.5951435,12,6,12,1,0.618205,0.517594,0.5951435
2025-12-28 13:00:00,0.5428955,13,6,12,1,0.5951435,0.499639,0.5428955
2025-12-28 14:00:00,0.513926,14,6,12,1,0.5428955,0.491841,0.513926
2025-12-28 15:00:00,0.507486,15,6,12,1,0.513926,0.4987465,0.507486
2025-12-28 16:00:00,0.540281,16,6,12,1,0.507486,0.5436515,0.540281
2025-12-28 17:00:00,0.5985385000000001,17,6,12,1,0.540281,0.5996165,0.5985385000000001
2025-12-28 18:00:00,0.6095355,18,6,12,1,0.5985385000000001,0.602056,0.6095355
2025-12-28 19:00:00,0.5802615,19,6,12,1,0.6095355,0.5617255000000001,0.5802615
2025-12-28 20:00:00,0.5267395,20,6,12,1,0.5802615,0.5077415000000001,0.5267395
2025-12-28 21:00:00,0.47027050000000004,21,6,12,1,0.5267395,0.46369400000000005,0.47027050000000004
2025-12-28 22:00:00,0.4168815,22,6,12,1,0.47027050000000004,0.4277455,0.4168815
2025-12-28 23:00:00,0.337932,23,6,12,1,0.4168815,0.36153250000000003,0.337932
2025-12-29 00:00:00,0.256627,0,0,12,0,0.337932,0.29461950000000003,0.256627
2025-12-29 01:00:00,0.2190475,1,0,12,0,0.256627,0.24875550000000002,0.2190475
2025-12-29 02:00:00,0.2070355,2,0,12,0,0.2190475,0.2254315,0.2070355
2025-12-29 03:00:00,0.2053975,3,0,12,0,0.2070355,0.215208,0.2053975
2025-12-29 04:00:00,0.2153655,4,0,12,0,0.2053975,0.212093,0.2153655
2025-12-29 05:00:00,0.246288,5,0,12,0,0.2153655,0.2171015,0.246288
2025-12-29 06:00:00,0.3245165,6,0,12,0,0.246288,0.248857,0.3245165
2025-12-29 07:00:00,0.36160950000000003,7,0,12,0,0.3245165,0.3142615,0.36160950000000003
2025-12-29 08:00:00,0.34340950000000003,8,0,12,0,0.36160950000000003,0.4063465,0.34340950000000003
2025-12-29 09:00:00,0.3300465,9,0,12,0,0.34340950000000003,0.4865385,0.3300465
2025-12-29 10:00:00,0.3326855,10,0,12,0,0.3300465,0.5513025,0.3326855
2025-12-29 11:00:00,0.362425,11,0,12,0,0.3326855,0.618205,0.362425
2025-12-29 12:00:00,0.3757775,12,0,12,0,0.362425,0.5951435,0.3757775
2025-12-29 13:00:00,0.37242800000000004,13,0,12,0,0.3757775,0.5428955,0.37242800000000004
2025-12-29 14:00:00,0.3678535,14,0,12,0,0.37242800000000004,0.513926,0.3678535
2025-12-29 15:00:00,0.3882585,15,0,12,0,0.3678535,0.507486,0.3882585
2025-12-29 16:00:00,0.4604775,16,0,12,0,0.3882585,0.540281,0.4604775
2025-12-29 17:00:00,0.5516490000000001,17,0,12,0,0.4604775,0.5985385000000001,0.5516490000000001
2025-12-29 18:00:00,0.5913984999999999,18,0,12,0,0.5516490000000001,0.6095355,0.5913984999999999
2025-12-29 19:00:00,0.5859245,19,0,12,0,0.5913984999999999,0.5802615,0.5859245
2025-12-29 20:00:00,0.538867,20,0,12,0,0.5859245,0.5267395,0.538867
2025-12-29 21:00:00,0.48150550000000003,21,0,12,0,0.538867,0.47027050000000004,0.48150550000000003
2025-12-29 22:00:00,0.42200899999999997,22,0,12,0,0.48150550000000003,0.4168815,0.42200899999999997
2025-12-29 23:00:00,0.33721450000000003,23,0,12,0,0.42200899999999997,0.337932,0.33721450000000003
2025-12-30 00:00:00,0.256627,0,1,12,0,0.33721450000000003,0.256627,0.256627
2025-12-30 01:00:00,0.2190475,1,1,12,0,0.256627,0.2190475,0.2190475
2025-12-30 02:00:00,0.2070355,2,1,12,0,0.2190475,0.2070355,0.2070355
2025-12-30 03:00:00,0.2053975,3,1,12,0,0.2070355,0.2053975,0.2053975
2025-12-30 04:00:00,0.2153655,4,1,12,0,0.2053975,0.2153655,0.2153655
2025-12-30 05:00:00,0.246288,5,1,12,0,0.2153655,0.246288,0.246288
2025-12-30 06:00:00,0.3245165,6,1,12,0,0.246288,0.3245165,0.3245165
2025-12-30 07:00:00,0.36160950000000003,7,1,12,0,0.3245165,0.36160950000000003,0.36160950000000003
2025-12-30 08:00:00,0.34340950000000003,8,1,12,0,0.36160950000000003,0.34340950000000003,0.34340950000000003
2025-12-30 09:00:00,0.3300465,9,1,12,0,0.34340950000000003,0.3300465,0.3300465
2025-12-30 10:00:00,0.3326855,10,1,12,0,0.3300465,0.3326855,0.3326855
2025-12-30 11:00:00,0.362425,11,1,12,0,0.3326855,0.362425,0.362425
2025-12-30 12:00:00,0.3757775,12,1,12,0,0.362425,0.3757775,0.3757775
2025-12-30 13:00:00,0.37242800000000004,13,1,12,0,0.3757775,0.37242800000000004,0.37242800000000004
2025-12-30 14:00:00,0.3678535,14,1,12,0,0.37242800000000004,0.3678535,0.3678535
2025-12-30 15:00:00,0.3882585,15,1,12,0,0.3678535,0.3882585,0.3882585
2025-12-30 16:00:00,0.4604775,16,1,12,0,0.3882585,0.4604775,0.4604775
2025-12-30 17:00:00,0.5516490000000001,17,1,12,0,0.4604775,0.5516490000000001,0.5516490000000001
2025-12-30 18:00:00,0.5913984999999999,18,1,12,0,0.5516490000000001,0.5913984999999999,0.5913984999999999
2025-12-30 19:00:00,0.5859245,19,1,12,0,0.5913984999999999,0.5859245,0.5859245
2025-12-30 20:00:00,0.538867,20,1,12,0,0.5859245,0.538867,0.538867
2025-12-30 21:00:00,0.48150550000000003,21,1,12,0,0.538867,0.48150550000000003,0.48150550000000003
2025-12-30 22:00:00,0.42200899999999997,22,1,12,0,0.48150550000000003,0.42200899999999997,0.42200899999999997
2025-12-30 23:00:00,0.33721450000000003,23,1,12,0,0.42200899999999997,0.33721450000000003,0.33721450000000003
2025-12-31 00:00:00,0.256627,0,2,12,0,0.33721450000000003,0.256627,0.256627
2025-12-31 01:00:00,0.2190475,1,2,12,0,0.256627,0.2190475,0.2190475
2025-12-31 02:00:00,0.2070355,2,2,12,0,0.2190475,0.2070355,0.2070355
2025-12-31 03:00:00,0.2053975,3,2,12,0,0.2070355,0.2053975,0.2053975
2025-12-31 04:00:00,0.2153655,4,2,12,0,0.2053975,0.2153655,0.2153655
2025-12-31 05:00:00,0.246288,5,2,12,0,0.2153655,0.246288,0.246288
2025-12-31 06:00:00,0.3245165,6,2,12,0,0.246288,0.3245165,0.3245165
2025-12-31 07:00:00,0.36160950000000003,7,2,12,0,0.3245165,0.36160950000000003,0.36160950000000003
2025-12-31 08:00:00,0.34340950000000003,8,2,12,0,0.36160950000000003,0.34340950000000003,0.34340950000000003
2025-12-31 09:00:00,0.3300465,9,2,12,0,0.34340950000000003,0.3300465,0.3300465
2025-12-31 10:00:00,0.3326855,10,2,12,0,0.3300465,0.3326855,0.3326855
2025-12-31 11:00:00,0.362425,11,2,12,0,0.3326855,0.362425,0.362425
2025-12-31 12:00:00,0.3757775,12,2,12,0,0.362425,0.3757775,0.3757775
2025-12-31 13:00:00,0.37242800000000004,13,2,12,0,0.3757775,0.37242800000000004,0.37242800000000004
2025-12-31 14:00:00,0.3678535,14,2,12,0,0.37242800000000004,0.3678535,0.3678535
2025-12-31 15:00:00,0.3882585,15,2,12,0,0.3678535,0.3882585,0.3882585
2025-12-31 16:00:00,0.4604775,16,2,12,0,0.3882585,0.4604775,0.4604775
2025-12-31 17:00:00,0.5516490000000001,17,2,12,0,0.4604775,0.5516490000000001,0.5516490000000001
2025-12-31 18:00:00,0.5913984999999999,18,2,12,0,0.5516490000000001,0.5913984999999999,0.5913984999999999
2025-12-31 19:00:00,0.5859245,19,2,12,0,0.5913984999999999,0.5859245,0.5859245
2025-12-31 20:00:00,0.538867,20,2,12,0,0.5859245,0.538867,0.538867
2025-12-31 21:00:00,0.48150550000000003,21,2,12,0,0.538867,0.48150550000000003,0.48150550000000003
2025-12-31 22:00:00,0.42200899999999997,22,2,12,0,0.48150550000000003,0.42200899999999997,0.42200899999999997
2025-12-31 23:00:00,0.33721450000000003,23,2,12,0,0.42200899999999997,0.33721450000000003,0.33721450000000003
